customer_id,segment,recency_days,frequency,monetary_value,support_ticket_count,return_rate,category_diversity,discount_usage_rate,engagement_score,churn_label,tenure_days,plan_type
C01562,At-Risk,613,4,291.63,1,0.0,3.0,0.25,95.0,1,817,Basic
C03745,At-Risk,131,1,68.65,1,0.0,1.0,0.0,95.0,0,161,Premium
C01346,At-Risk,530,4,336.04,1,0.0,3.0,0.25,80.0,0,590,Basic
C03407,At-Risk,253,1,71.93,1,0.0,1.0,0.0,80.0,1,258,Basic
C02082,At-Risk,268,1,89.58,0,0.0,1.0,0.0,100.0,1,292,Basic
C02645,At-Risk,48,2,117.17,0,0.0,2.0,0.5,100.0,0,169,Premium
C04029,At-Risk,611,8,618.78,1,0.0,4.0,0.5,80.0,0,830,Basic
C02642,At-Risk,607,4,487.77,0,0.0,4.0,0.25,100.0,0,792,Basic
C00805,At-Risk,400,2,197.61,0,0.0,2.0,0.0,100.0,0,492,Premium
C04579,At-Risk,550,2,129.01999999999998,0,0.0,2.0,0.0,100.0,0,746,Premium
C00807,At-Risk,187,1,80.91,1,0.0,1.0,0.0,95.0,1,366,Trial
C02639,At-Risk,574,4,430.36,0,0.0,3.0,0.25,100.0,1,638,Basic
C01650,At-Risk,508,3,451.49,2,0.0,2.0,0.0,80.0,1,783,Trial
C04576,At-Risk,416,1,177.02,1,0.0,1.0,0.0,95.0,1,659,Premium
C04575,At-Risk,635,5,479.16,1,0.0,3.0,0.2,80.0,0,718,Trial
C04586,At-Risk,413,1,102.26,0,0.0,1.0,0.0,100.0,0,482,Basic
C04573,At-Risk,285,1,140.08,1,0.0,1.0,0.0,80.0,1,285,Basic
C00821,At-Risk,323,2,238.51,0,0.0,1.0,0.0,100.0,0,426,Basic
C01648,At-Risk,303,1,144.41,1,0.0,1.0,0.0,80.0,1,306,Basic
C00823,At-Risk,603,4,503.2,0,0.0,3.0,0.0,100.0,0,703,Basic
C02085,At-Risk,453,2,171.08,1,0.0,1.0,0.5,95.0,1,591,Trial
C00825,At-Risk,562,5,339.57,1,0.0,4.0,0.4,95.0,0,676,Basic
C00826,At-Risk,145,2,188.64,0,0.0,2.0,0.5,100.0,1,211,Basic
C01645,At-Risk,529,2,126.22,0,0.0,2.0,0.0,100.0,0,692,Trial
C00830,At-Risk,621,1,40.89,0,0.0,1.0,0.0,100.0,0,661,Premium
C03743,At-Risk,653,4,295.81,0,0.0,3.0,0.5,100.0,0,706,Premium
C00834,At-Risk,591,4,515.24,0,0.0,2.0,0.25,100.0,0,702,Basic
C03684,At-Risk,518,4,525.4000000000001,0,0.0,2.0,0.25,100.0,0,618,Basic
C00836,At-Risk,264,1,143.37,0,0.0,1.0,0.0,100.0,0,284,Premium
C01342,At-Risk,0,1,65.81,1,0.0,1.0,0.0,80.0,1,133,Basic
C00839,At-Risk,126,1,115.5,0,0.0,1.0,0.0,100.0,1,270,Basic
C00819,At-Risk,171,1,82.83,2,0.0,1.0,0.0,90.0,1,552,Trial
C03683,At-Risk,680,4,281.15,1,0.5,2.0,0.25,95.0,0,938,Premium
C01658,At-Risk,21,2,162.68,0,0.0,1.0,0.0,100.0,1,188,Basic
C00791,At-Risk,588,1,155.2,0,0.0,1.0,0.0,100.0,0,623,Basic
C00754,At-Risk,292,1,154.07,2,0.0,1.0,0.0,90.0,1,434,Basic
C04013,At-Risk,482,3,522.46,0,0.0,3.0,0.0,100.0,0,589,Basic
C00757,At-Risk,470,3,131.97,0,0.0,1.0,0.3333333333333333,100.0,0,518,Basic
C03681,At-Risk,498,2,76.78,1,0.0,2.0,0.0,95.0,1,647,Basic
C03750,At-Risk,492,2,130.5,0,0.0,2.0,0.0,100.0,0,550,Basic
C00760,At-Risk,438,2,234.73000000000002,1,0.0,2.0,0.0,95.0,1,734,Basic
C04602,At-Risk,673,3,368.18,2,0.0,2.0,0.3333333333333333,80.0,1,856,Premium
C04600,At-Risk,542,2,92.3,1,0.0,1.0,0.0,95.0,0,723,Basic
C00764,At-Risk,298,2,144.95,2,0.0,2.0,0.5,80.0,1,357,Trial
C03391,At-Risk,159,2,288.27,0,0.0,2.0,0.0,100.0,1,517,Trial
C04018,At-Risk,0,2,170.83999999999997,0,0.0,1.0,0.5,100.0,1,446,Basic
C03396,At-Risk,500,5,363.91,2,0.0,4.0,0.4,80.0,0,563,Premium
C00769,At-Risk,616,1,29.32,0,0.0,1.0,0.0,100.0,1,631,Basic
C02667,At-Risk,102,1,172.68,1,0.0,1.0,0.0,95.0,0,172,Basic
C04597,At-Risk,452,1,60.07,2,0.0,1.0,0.0,80.0,1,469,Basic
C00772,At-Risk,549,7,682.97,1,0.0,3.0,0.2857142857142857,80.0,0,773,Premium
C03748,At-Risk,283,2,125.55,2,0.0,2.0,0.5,90.0,1,352,Basic
C04024,At-Risk,448,5,374.18,0,0.0,4.0,0.4,100.0,0,617,Basic
C03404,At-Risk,596,1,112.41,0,0.0,1.0,0.0,100.0,0,596,Basic
C01660,At-Risk,457,3,310.15,2,0.0,2.0,0.3333333333333333,90.0,0,566,Premium
C01661,At-Risk,678,5,413.81,0,0.0,4.0,0.4,100.0,0,1134,Premium
C01662,At-Risk,297,2,279.32,0,0.0,2.0,0.0,100.0,0,360,Basic
C01348,At-Risk,506,3,333.83,0,0.0,2.0,0.0,100.0,0,561,Basic
C00843,At-Risk,96,1,46.92,1,0.0,1.0,0.0,80.0,0,214,Basic
C04020,At-Risk,337,1,169.12,2,0.0,1.0,0.0,90.0,1,428,Trial
C04591,At-Risk,480,2,189.69,2,0.0,2.0,0.0,90.0,0,583,Basic
C02663,At-Risk,462,2,234.59,0,0.0,2.0,0.5,100.0,0,648,Premium
C04594,At-Risk,227,2,174.55,0,0.0,1.0,0.5,100.0,0,499,Premium
C00776,At-Risk,369,2,230.16000000000003,1,0.0,2.0,0.0,95.0,0,430,Basic
C01665,At-Risk,564,7,710.39,1,0.0,4.0,0.42857142857142855,80.0,0,972,Trial
C04019,At-Risk,580,1,115.33,2,0.0,1.0,0.0,80.0,1,598,Basic
C04590,At-Risk,503,5,494.39,1,0.0,4.0,0.2,80.0,0,621,Premium
C02198,At-Risk,649,4,439.05,0,0.0,3.0,0.5,100.0,0,735,Basic
C00845,At-Risk,598,2,141.7,0,0.0,2.0,0.0,100.0,0,698,Basic
C01637,At-Risk,0,1,157.28,1,0.0,1.0,0.0,80.0,1,184,Basic
C01621,At-Risk,524,1,102.38,0,0.0,1.0,0.0,100.0,0,608,Basic
C02103,At-Risk,610,2,93.05,0,0.0,2.0,0.5,100.0,0,679,Basic
C00895,At-Risk,506,2,234.48000000000002,2,0.0,2.0,0.0,90.0,1,594,Basic
C04522,At-Risk,520,5,337.98,0,0.0,3.0,0.2,100.0,0,624,Basic
C03736,At-Risk,522,1,49.06,1,0.0,1.0,0.0,95.0,1,558,Basic
C03443,At-Risk,460,5,518.87,0,0.0,4.0,0.4,100.0,0,615,Basic
C01618,At-Risk,0,1,331.94,0,0.0,1.0,0.0,100.0,1,245,Trial
C02584,At-Risk,381,2,233.95,0,0.0,1.0,0.5,100.0,0,497,Premium
C00901,At-Risk,145,1,158.22,0,0.0,1.0,0.0,100.0,1,147,Trial
C04517,At-Risk,149,1,68.93,2,0.0,1.0,0.0,90.0,1,327,Basic
C04515,At-Risk,451,3,250.99,0,0.0,2.0,0.3333333333333333,100.0,0,493,Premium
C00904,At-Risk,204,2,131.65,2,0.0,2.0,0.0,80.0,0,263,Basic
C01478,At-Risk,154,2,237.14,0,0.0,1.0,0.5,100.0,1,382,Premium
C04126,At-Risk,242,2,301.48,1,0.0,2.0,0.0,95.0,1,252,Trial
C00907,At-Risk,217,1,288.87,0,0.0,1.0,0.0,100.0,1,498,Trial
C04508,At-Risk,251,1,135.74,2,0.0,1.0,0.0,90.0,1,265,Trial
C03449,At-Risk,538,5,498.11,0,0.0,2.0,0.0,100.0,0,667,Basic
C00924,At-Risk,617,6,622.54,2,0.0,5.0,0.16666666666666666,80.0,0,740,Basic
C04057,At-Risk,511,1,103.51,1,0.0,1.0,0.0,95.0,1,557,Trial
C04499,At-Risk,401,2,128.8,2,0.0,2.0,0.0,80.0,1,480,Premium
C00921,At-Risk,309,1,148.0,1,0.0,1.0,0.0,95.0,1,340,Basic
C01611,At-Risk,70,1,0.0,1,1.0,0.0,0.0,95.0,1,358,Basic
C02298,At-Risk,37,2,253.01999999999998,0,0.0,2.0,0.0,100.0,1,382,Basic
C00892,At-Risk,213,1,61.58,1,0.0,1.0,0.0,95.0,1,292,Basic
C04222,At-Risk,473,2,145.7,2,0.0,2.0,0.5,90.0,1,607,Trial
C00916,At-Risk,538,4,510.3,0,0.0,3.0,0.5,100.0,0,616,Premium
C03450,At-Risk,670,4,299.14,0,0.0,2.0,0.5,100.0,0,863,Basic
C02577,At-Risk,177,1,63.52,1,0.0,1.0,0.0,95.0,1,423,Trial
C03733,At-Risk,495,12,1255.42,1,0.0,4.0,0.25,80.0,0,606,Basic
C01615,At-Risk,315,2,260.68,0,0.0,2.0,0.0,100.0,0,531,Basic
C00911,At-Risk,324,2,110.88,0,0.0,2.0,0.0,100.0,0,452,Premium
C00917,At-Risk,203,2,198.13,1,0.0,2.0,0.5,80.0,1,308,Basic
C00753,At-Risk,601,5,541.49,1,0.0,3.0,0.0,80.0,0,761,Premium
C00891,At-Risk,207,2,141.28,2,0.5,1.0,0.0,90.0,1,319,Basic
C02591,At-Risk,476,4,291.37,1,0.0,3.0,0.25,95.0,0,524,Basic
C00847,At-Risk,515,3,280.01,0,0.0,2.0,0.0,100.0,0,723,Premium
C02092,At-Risk,312,2,172.36,0,0.0,2.0,0.5,100.0,0,334,Premium
C02619,At-Risk,269,2,179.9,1,0.0,2.0,0.5,95.0,0,370,Trial
C00853,At-Risk,598,3,345.98,2,0.0,3.0,0.3333333333333333,80.0,1,727,Basic
C02616,At-Risk,128,1,70.71,2,0.0,1.0,0.0,90.0,1,212,Basic
C02292,At-Risk,414,2,215.89,0,0.0,2.0,0.5,100.0,0,424,Basic
C01338,At-Risk,313,2,173.28,2,0.0,1.0,0.5,80.0,1,391,Basic
C00861,At-Risk,427,2,304.55,0,0.0,2.0,0.0,100.0,0,760,Basic
C04548,At-Risk,575,5,435.9,1,0.0,3.0,0.2,80.0,0,799,Basic
C02609,At-Risk,661,3,270.95,0,0.0,3.0,0.3333333333333333,100.0,0,895,Premium
C02608,At-Risk,518,5,344.58,2,0.2,4.0,0.0,80.0,0,659,Basic
C01629,At-Risk,510,1,0.0,1,1.0,0.0,0.0,80.0,0,533,Basic
C03431,At-Risk,666,4,369.37,1,0.0,2.0,0.25,95.0,0,717,Basic
C02098,At-Risk,506,5,231.9,0,0.4,3.0,0.2,100.0,0,630,Premium
C00868,At-Risk,296,2,121.46000000000001,0,0.0,2.0,0.5,100.0,0,329,Basic
C02604,At-Risk,529,5,354.55,0,0.0,2.0,0.4,100.0,0,675,Basic
C04049,At-Risk,156,2,305.18,0,0.0,2.0,0.5,100.0,0,181,Premium
C04527,At-Risk,294,1,210.98,0,0.0,1.0,0.0,100.0,1,345,Basic
C01334,At-Risk,159,1,106.93,1,0.0,1.0,0.0,95.0,1,236,Basic
C00884,At-Risk,260,2,141.84,0,0.0,2.0,0.5,100.0,0,462,Premium
C03438,At-Risk,79,2,217.61,0,0.0,2.0,0.5,100.0,0,188,Basic
C04530,At-Risk,590,4,475.22999999999996,0,0.0,2.0,0.0,100.0,0,695,Premium
C00881,At-Risk,478,3,304.38,1,0.0,3.0,0.0,95.0,1,727,Trial
C01477,At-Risk,421,2,320.61,1,0.0,2.0,0.0,80.0,1,867,Basic
C02595,At-Risk,511,7,587.42,1,0.0,5.0,0.42857142857142855,80.0,0,624,Basic
C01335,At-Risk,673,1,132.59,0,0.0,1.0,0.0,100.0,1,753,Basic
C03435,At-Risk,631,3,245.89,1,0.0,3.0,0.0,95.0,1,769,Basic
C04539,At-Risk,575,1,79.39,1,0.0,1.0,0.0,80.0,1,639,Trial
C02600,At-Risk,598,2,179.81,0,0.0,2.0,0.0,100.0,0,722,Premium
C04051,At-Risk,633,2,238.74,2,0.0,2.0,0.5,90.0,0,791,Basic
C04542,At-Risk,617,3,399.49,0,0.0,3.0,0.0,100.0,0,688,Premium
C03437,At-Risk,624,3,275.21000000000004,1,0.0,3.0,0.0,95.0,0,864,Basic
C00752,At-Risk,588,1,65.36,1,0.0,1.0,0.0,95.0,1,653,Premium
C01674,At-Risk,281,2,96.36,0,0.0,2.0,0.0,100.0,1,335,Basic
C00750,At-Risk,550,1,209.03,1,0.0,1.0,0.0,80.0,1,615,Trial
C02766,At-Risk,256,1,109.99,2,0.0,1.0,0.0,90.0,1,281,Trial
C01723,At-Risk,85,1,140.59,2,0.0,1.0,0.0,80.0,1,145,Premium
C03335,At-Risk,150,1,59.33,0,0.0,1.0,0.0,100.0,1,352,Trial
C03336,At-Risk,311,1,63.55,1,0.0,1.0,0.0,95.0,1,375,Basic
C02761,At-Risk,637,5,389.22,0,0.0,2.0,0.4,100.0,0,794,Premium
C04686,At-Risk,463,4,337.16,0,0.0,3.0,0.0,100.0,1,546,Basic
C03338,At-Risk,23,1,316.8,1,0.0,1.0,0.0,95.0,1,284,Basic
C00623,At-Risk,540,4,500.12,0,0.0,3.0,0.0,100.0,0,653,Trial
C01720,At-Risk,556,5,277.0,1,0.2,2.0,0.0,95.0,0,633,Basic
C00627,At-Risk,561,4,331.1,0,0.0,3.0,0.25,100.0,0,699,Basic
C03768,At-Risk,247,2,159.49,2,0.0,2.0,0.0,90.0,1,627,Basic
C03767,At-Risk,305,2,108.68,1,0.5,1.0,0.0,95.0,1,561,Trial
C01717,At-Risk,561,4,358.84,1,0.0,4.0,0.0,95.0,0,607,Basic
C00632,At-Risk,486,4,363.09000000000003,0,0.0,3.0,0.25,100.0,0,539,Basic
C02752,At-Risk,338,2,314.9,2,0.0,1.0,0.5,90.0,1,515,Premium
C00638,At-Risk,661,3,359.5,0,0.0,3.0,0.3333333333333333,100.0,0,830,Basic
C04199,At-Risk,331,2,551.2,0,0.0,2.0,0.5,100.0,0,357,Basic
C02734,At-Risk,630,3,368.97,0,0.0,2.0,0.3333333333333333,100.0,0,908,Basic
C04201,At-Risk,647,1,106.96,0,0.0,1.0,0.0,100.0,1,647,Basic
C04659,At-Risk,258,2,143.94,1,0.0,2.0,0.5,80.0,1,272,Premium
C02051,At-Risk,289,1,107.82,1,0.0,1.0,0.0,95.0,1,356,Basic
C03348,At-Risk,121,1,37.26,2,0.0,1.0,0.0,80.0,1,164,Basic
C04662,At-Risk,662,2,194.32,0,0.0,2.0,0.0,100.0,0,782,Premium
C01724,At-Risk,146,2,178.54,0,0.0,2.0,0.0,100.0,0,214,Basic
C03761,At-Risk,642,2,363.74,2,0.0,2.0,0.5,90.0,1,661,Basic
C00648,At-Risk,462,2,91.27000000000001,0,0.0,2.0,0.0,100.0,0,480,Premium
C01291,At-Risk,593,4,294.84000000000003,1,0.0,3.0,0.5,80.0,0,720,Premium
C01713,At-Risk,671,5,526.14,0,0.0,3.0,0.2,100.0,0,783,Premium
C02745,At-Risk,446,2,196.23,1,0.0,2.0,0.5,95.0,0,603,Premium
C00642,At-Risk,0,2,240.8,0,0.0,2.0,0.5,100.0,1,257,Basic
C03763,At-Risk,53,2,140.10000000000002,2,0.0,2.0,0.5,90.0,1,213,Basic
C02741,At-Risk,243,2,417.76,2,0.0,2.0,0.0,80.0,0,269,Basic
C02053,At-Risk,247,1,84.18,1,0.0,1.0,0.0,95.0,0,315,Basic
C02768,At-Risk,597,3,408.33,0,0.0,2.0,0.0,100.0,0,768,Basic
C01367,At-Risk,366,1,176.15,2,0.0,1.0,0.0,90.0,1,390,Basic
C02800,At-Risk,486,5,432.57,0,0.0,4.0,0.4,100.0,0,582,Basic
C04714,At-Risk,573,3,357.83,0,0.0,3.0,0.0,100.0,0,592,Basic
C04713,At-Risk,242,2,115.57,0,0.0,2.0,0.0,100.0,0,290,Basic
C02798,At-Risk,609,5,477.36,0,0.0,2.0,0.2,100.0,0,695,Basic
C00567,At-Risk,351,2,249.79000000000002,0,0.0,2.0,0.0,100.0,0,479,Basic
C04710,At-Risk,132,2,152.29000000000002,0,0.0,1.0,0.5,100.0,0,180,Premium
C00570,At-Risk,93,2,374.58,1,0.0,2.0,0.5,95.0,0,134,Basic
C00571,At-Risk,102,2,281.33000000000004,1,0.0,2.0,0.5,95.0,1,261,Basic
C02270,At-Risk,415,1,60.69,2,0.0,1.0,0.0,80.0,1,436,Basic
C02795,At-Risk,531,5,769.03,2,0.0,3.0,0.0,80.0,0,657,Basic
C02794,At-Risk,525,1,116.8,1,0.0,1.0,0.0,95.0,1,611,Trial
C04195,At-Risk,471,2,106.82,2,0.0,2.0,0.0,80.0,1,623,Trial
C00577,At-Risk,334,2,114.44,0,0.0,2.0,0.0,100.0,0,424,Premium
C00579,At-Risk,341,2,398.15999999999997,0,0.0,2.0,0.5,100.0,0,450,Basic
C03323,At-Risk,394,2,114.49000000000001,1,0.0,2.0,0.0,95.0,0,413,Premium
C00584,At-Risk,530,1,139.61,1,0.0,1.0,0.0,95.0,1,766,Premium
C04703,At-Risk,45,1,101.12,2,0.0,1.0,0.0,90.0,0,141,Basic
C01727,At-Risk,277,1,85.42,2,0.0,1.0,0.0,80.0,1,318,Basic
C02772,At-Risk,469,4,388.56,0,0.0,4.0,0.0,100.0,0,515,Trial
C04690,At-Risk,613,4,309.39,0,0.0,1.0,0.5,100.0,0,669,Basic
C04691,At-Risk,618,1,129.7,1,0.0,1.0,0.0,95.0,1,711,Trial
C01460,At-Risk,615,4,289.07,0,0.0,4.0,0.0,100.0,0,642,Basic
C02779,At-Risk,501,2,201.57,1,0.0,2.0,0.0,95.0,0,664,Basic
C02040,At-Risk,680,2,108.66,2,0.0,2.0,0.5,90.0,1,778,Basic
C01372,At-Risk,0,1,171.41,2,0.0,1.0,0.0,80.0,1,123,Basic
C03980,At-Risk,634,3,196.07999999999998,0,0.0,2.0,0.3333333333333333,100.0,0,709,Basic
C04699,At-Risk,505,9,902.29,2,0.1111111111111111,3.0,0.3333333333333333,90.0,0,571,Basic
C01734,At-Risk,597,4,477.2,2,0.0,4.0,0.5,80.0,0,718,Premium
C03978,At-Risk,126,1,72.02,0,0.0,1.0,0.0,100.0,0,160,Basic
C03771,At-Risk,636,4,383.0,0,0.0,3.0,0.25,100.0,0,684,Basic
C01373,At-Risk,186,2,158.37,0,0.0,2.0,0.0,100.0,0,303,Basic
C04697,At-Risk,0,1,193.99,0,0.0,1.0,0.0,100.0,1,142,Basic
C04498,At-Risk,58,1,46.81,1,0.0,1.0,0.0,95.0,0,129,Premium
C04656,At-Risk,460,3,371.94,0,0.0,3.0,0.3333333333333333,100.0,0,567,Premium
C01706,At-Risk,453,1,229.79,2,0.0,1.0,0.0,90.0,1,488,Basic
C02066,At-Risk,567,1,44.89,0,0.0,1.0,0.0,100.0,0,625,Basic
C02067,At-Risk,479,1,131.36,1,0.0,1.0,0.0,95.0,1,507,Basic
C00717,At-Risk,131,2,254.32,2,0.0,2.0,0.5,80.0,0,246,Premium
C04624,At-Risk,587,2,191.3,0,0.0,2.0,0.0,100.0,0,753,Premium
C00719,At-Risk,272,1,99.1,1,0.0,1.0,0.0,95.0,1,358,Basic
C04150,At-Risk,560,1,99.91,2,0.0,1.0,0.0,80.0,1,663,Basic
C02696,At-Risk,220,1,228.54,0,0.0,1.0,0.0,100.0,1,344,Premium
C00722,At-Risk,449,4,348.0,0,0.0,3.0,0.5,100.0,0,471,Basic
C00723,At-Risk,284,1,46.48,1,0.0,1.0,0.0,95.0,1,538,Basic
C04618,At-Risk,638,2,322.88,1,0.0,2.0,0.5,80.0,0,699,Premium
C02695,At-Risk,663,4,488.79,0,0.0,3.0,0.5,100.0,0,837,Premium
C00727,At-Risk,545,2,173.05,0,0.0,2.0,0.5,100.0,0,563,Trial
C03753,At-Risk,366,2,113.17,1,0.0,2.0,0.5,95.0,0,419,Premium
C02693,At-Risk,79,1,163.64,0,0.0,1.0,0.0,100.0,0,135,Basic
C04615,At-Risk,447,2,172.04000000000002,0,0.0,2.0,0.5,100.0,0,489,Premium
C02691,At-Risk,606,4,350.1,0,0.0,3.0,0.25,100.0,0,717,Basic
C02690,At-Risk,0,1,132.05,1,0.0,1.0,0.0,80.0,1,178,Basic
C02678,At-Risk,23,2,240.36,1,0.0,2.0,0.0,95.0,0,146,Trial
C04012,At-Risk,29,1,103.11,1,0.0,1.0,0.0,95.0,1,164,Basic
C00746,At-Risk,486,4,298.89,1,0.25,3.0,0.5,80.0,0,664,Premium
C04011,At-Risk,364,1,83.04,0,0.0,1.0,0.0,100.0,1,487,Premium
C00744,At-Risk,507,4,376.15,1,0.0,3.0,0.25,80.0,0,682,Basic
C00743,At-Risk,475,1,81.06,2,0.0,1.0,0.0,80.0,1,529,Basic
C03374,At-Risk,150,2,154.79,2,0.0,2.0,0.0,90.0,1,184,Trial
C01678,At-Risk,262,2,281.32,0,0.0,2.0,0.0,100.0,1,461,Trial
C03752,At-Risk,357,2,93.16,0,0.0,2.0,0.5,100.0,0,378,Basic
C04610,At-Risk,170,1,223.28,2,0.0,1.0,0.0,90.0,1,180,Premium
C01680,At-Risk,606,3,341.64,0,0.0,3.0,0.0,100.0,0,648,Premium
C04613,At-Risk,634,1,92.57,0,0.0,1.0,0.0,100.0,1,755,Trial
C01681,At-Risk,603,1,83.79,2,0.0,1.0,0.0,90.0,1,612,Basic
C02205,At-Risk,498,4,373.45,1,0.0,3.0,0.25,95.0,0,537,Basic
C03384,At-Risk,632,1,111.11,0,0.0,1.0,0.0,100.0,1,825,Trial
C02731,At-Risk,519,2,534.03,1,0.0,2.0,0.0,80.0,0,631,Basic
C03680,At-Risk,293,1,131.95,1,0.0,1.0,0.0,95.0,1,330,Trial
C02281,At-Risk,561,4,195.07,1,0.0,3.0,0.5,95.0,0,785,Premium
C04652,At-Risk,542,6,555.21,2,0.0,4.0,0.5,90.0,0,578,Premium
C01361,At-Risk,639,1,84.86,1,0.0,1.0,0.0,95.0,1,707,Basic
C02277,At-Risk,481,1,54.11,2,0.0,1.0,0.0,80.0,1,638,Basic
C00673,At-Risk,0,1,105.52,1,0.0,1.0,0.0,95.0,1,202,Basic
C03999,At-Risk,13,2,160.51999999999998,1,0.0,2.0,0.5,80.0,0,125,Basic
C02724,At-Risk,661,3,124.80000000000001,0,0.0,3.0,0.3333333333333333,100.0,0,792,Premium
C00676,At-Risk,566,3,375.40999999999997,1,0.0,2.0,0.3333333333333333,95.0,1,595,Basic
C00677,At-Risk,663,4,334.53,0,0.0,2.0,0.25,100.0,0,743,Basic
C02278,At-Risk,505,3,348.36,2,0.0,3.0,0.3333333333333333,80.0,1,605,Basic
C00679,At-Risk,468,5,640.24,1,0.0,3.0,0.0,80.0,0,632,Trial
C04208,At-Risk,628,3,245.97,1,0.0,2.0,0.3333333333333333,95.0,1,813,Premium
C02721,At-Risk,353,2,230.66,1,0.0,2.0,0.5,80.0,0,366,Basic
C01699,At-Risk,127,2,209.18,0,0.0,2.0,0.0,100.0,0,136,Premium
C04643,At-Risk,13,2,142.2,2,0.0,1.0,0.5,90.0,1,157,Basic
C04641,At-Risk,632,5,419.44,2,0.0,4.0,0.2,80.0,1,837,Basic
C01697,At-Risk,244,1,67.07,1,0.0,1.0,0.0,95.0,1,262,Basic
C01465,At-Risk,587,3,150.67000000000002,1,0.0,2.0,0.0,80.0,0,724,Premium
C03371,At-Risk,491,4,312.03,0,0.0,3.0,0.25,100.0,0,760,Basic
C03369,At-Risk,368,2,131.81,0,0.0,2.0,0.5,100.0,0,375,Basic
C04630,At-Risk,590,6,656.13,2,0.0,5.0,0.3333333333333333,90.0,0,655,Trial
C04632,At-Risk,457,2,185.51,2,0.0,2.0,0.0,80.0,1,603,Basic
C04633,At-Risk,0,2,175.45999999999998,0,0.0,2.0,0.5,100.0,1,125,Basic
C00702,At-Risk,619,4,547.46,0,0.0,3.0,0.25,100.0,0,652,Basic
C01689,At-Risk,618,4,355.8,1,0.0,3.0,0.5,80.0,0,779,Basic
C01691,At-Risk,51,2,112.28,1,0.0,2.0,0.0,95.0,0,386,Premium
C02709,At-Risk,324,1,70.52,2,0.0,1.0,0.0,90.0,1,347,Premium
C04003,At-Risk,279,2,140.05,2,0.0,2.0,0.0,80.0,1,542,Trial
C02711,At-Risk,0,2,351.21999999999997,1,0.0,2.0,0.0,95.0,0,222,Basic
C02712,At-Risk,325,1,46.3,1,0.0,1.0,0.0,80.0,1,440,Trial
C02713,At-Risk,158,2,127.75999999999999,0,0.0,2.0,0.5,100.0,0,351,Premium
C03754,At-Risk,265,2,113.69,1,0.0,2.0,0.0,95.0,1,473,Trial
C02063,At-Risk,433,1,127.24,1,0.0,1.0,0.0,80.0,1,510,Basic
C02801,At-Risk,135,1,56.52,0,0.0,1.0,0.0,100.0,0,151,Premium
C01609,At-Risk,680,3,312.06,0,0.0,2.0,0.0,100.0,0,782,Basic
C00928,At-Risk,625,9,756.28,1,0.0,4.0,0.1111111111111111,80.0,0,859,Basic
C03553,At-Risk,317,2,206.5,2,0.0,2.0,0.0,80.0,1,417,Basic
C01159,At-Risk,610,2,129.16,1,0.0,2.0,0.5,95.0,1,662,Trial
C01532,At-Risk,623,1,143.66,0,0.0,1.0,0.0,100.0,0,640,Premium
C04249,At-Risk,350,2,132.02,0,0.0,1.0,0.0,100.0,0,405,Basic
C02163,At-Risk,643,3,334.71,0,0.0,3.0,0.3333333333333333,100.0,0,741,Basic
C03558,At-Risk,468,4,424.71000000000004,1,0.0,3.0,0.25,95.0,0,656,Premium
C01302,At-Risk,607,5,411.06,0,0.0,4.0,0.0,100.0,0,742,Premium
C01165,At-Risk,421,1,116.31,2,0.0,1.0,0.0,90.0,1,472,Trial
C02410,At-Risk,635,1,81.15,2,0.0,1.0,0.0,80.0,0,702,Premium
C03560,At-Risk,263,2,184.54000000000002,1,0.0,2.0,0.0,95.0,0,474,Basic
C02406,At-Risk,589,1,128.44,0,0.0,1.0,0.0,100.0,0,628,Premium
C04338,At-Risk,607,2,164.7,1,0.0,2.0,0.0,80.0,1,858,Premium
C01174,At-Risk,59,2,97.58,0,0.0,2.0,0.5,100.0,1,356,Trial
C01489,At-Risk,348,2,288.31,1,0.0,2.0,0.0,95.0,0,368,Basic
C04246,At-Risk,572,1,94.95,2,0.0,1.0,0.0,90.0,1,616,Trial
C02167,At-Risk,334,2,373.82,1,0.0,2.0,0.0,80.0,1,406,Trial
C01178,At-Risk,109,2,112.49,2,0.0,2.0,0.5,90.0,1,145,Trial
C04101,At-Risk,415,1,103.92,1,0.0,1.0,0.0,80.0,1,519,Basic
C04329,At-Risk,269,1,106.42,0,0.0,1.0,0.0,100.0,1,374,Trial
C03615,At-Risk,591,2,180.42000000000002,0,0.0,2.0,0.0,100.0,0,639,Basic
C01182,At-Risk,478,1,206.12,0,0.0,1.0,0.0,100.0,1,731,Basic
C02398,At-Risk,252,1,140.66,1,0.0,1.0,0.0,95.0,1,349,Basic
C01185,At-Risk,321,1,153.45,1,0.0,1.0,0.0,80.0,1,518,Basic
C04323,At-Risk,554,5,510.45,0,0.0,3.0,0.2,100.0,0,706,Basic
C04322,At-Risk,486,3,202.25,0,0.0,2.0,0.3333333333333333,100.0,0,567,Basic
C02397,At-Risk,583,4,358.09000000000003,0,0.0,3.0,0.0,100.0,0,664,Basic
C01522,At-Risk,666,1,55.32,1,0.0,1.0,0.0,95.0,1,669,Premium
C02321,At-Risk,147,2,431.88,0,0.0,2.0,0.0,100.0,0,187,Basic
C01194,At-Risk,556,1,65.97,1,0.0,1.0,0.0,95.0,1,580,Basic
C04106,At-Risk,596,7,659.38,1,0.0,5.0,0.14285714285714285,80.0,0,669,Premium
C02187,At-Risk,628,2,194.92000000000002,1,0.0,2.0,0.0,95.0,0,741,Premium
C04350,At-Risk,0,1,46.67,2,0.0,1.0,0.0,80.0,1,125,Basic
C01152,At-Risk,476,1,133.26,1,0.0,1.0,0.0,80.0,1,550,Trial
C03707,At-Risk,503,1,58.6,2,0.0,1.0,0.0,90.0,1,592,Trial
C02451,At-Risk,470,4,468.43,1,0.0,4.0,0.0,95.0,0,657,Trial
C04380,At-Risk,516,3,433.71,0,0.0,2.0,0.0,100.0,0,705,Premium
C02450,At-Risk,362,1,27.24,0,0.0,1.0,0.0,100.0,1,440,Premium
C03530,At-Risk,485,3,230.68,0,0.0,1.0,0.3333333333333333,100.0,0,597,Premium
C01548,At-Risk,237,1,131.79,0,0.0,1.0,0.0,100.0,0,272,Basic
C04378,At-Risk,419,2,206.02999999999997,1,0.0,2.0,0.0,80.0,0,544,Basic
C04375,At-Risk,460,2,104.27,2,0.0,1.0,0.0,90.0,0,479,Basic
C02149,At-Risk,605,4,277.3,1,0.0,3.0,0.0,80.0,0,675,Premium
C03534,At-Risk,544,1,109.4,1,0.0,1.0,0.0,95.0,1,765,Premium
C01119,At-Risk,528,2,137.38,0,0.0,2.0,0.5,100.0,0,753,Basic
C03621,At-Risk,582,4,418.37,0,0.0,3.0,0.0,100.0,0,643,Basic
C02151,At-Risk,640,3,532.05,2,0.0,3.0,0.0,90.0,0,711,Trial
C04369,At-Risk,394,2,379.41999999999996,0,0.0,2.0,0.5,100.0,0,401,Basic
C03535,At-Risk,456,1,62.69,0,0.0,1.0,0.0,100.0,0,505,Basic
C04119,At-Risk,588,6,399.89,1,0.16666666666666666,3.0,0.5,80.0,0,712,Basic
C02315,At-Risk,654,2,150.22,2,0.0,1.0,0.5,80.0,0,667,Basic
C04086,At-Risk,474,3,274.90999999999997,0,0.0,2.0,0.3333333333333333,100.0,0,560,Premium
C01149,At-Risk,314,2,259.28000000000003,0,0.0,2.0,0.5,100.0,1,394,Basic
C02423,At-Risk,600,4,547.3,0,0.0,4.0,0.25,100.0,0,632,Basic
C01145,At-Risk,668,2,179.70000000000002,1,0.0,2.0,0.5,95.0,1,886,Premium
C03549,At-Risk,156,1,77.57,0,0.0,1.0,0.0,100.0,0,269,Basic
C01142,At-Risk,157,1,100.62,0,0.0,1.0,0.0,100.0,1,296,Basic
C02156,At-Risk,554,4,365.07000000000005,0,0.25,2.0,0.25,100.0,0,690,Basic
C02391,At-Risk,644,4,331.99,0,0.0,3.0,0.25,100.0,0,791,Premium
C03619,At-Risk,625,4,402.78999999999996,2,0.0,4.0,0.5,80.0,1,778,Basic
C03709,At-Risk,413,2,171.49,0,0.0,2.0,0.5,100.0,0,443,Trial
C01134,At-Risk,640,5,537.8,0,0.0,3.0,0.4,100.0,0,811,Basic
C02432,At-Risk,206,2,153.53,1,0.0,2.0,0.0,95.0,0,295,Basic
C01131,At-Risk,650,4,347.04,0,0.0,3.0,0.5,100.0,0,903,Basic
C02435,At-Risk,647,2,265.04999999999995,0,0.0,1.0,0.5,100.0,0,801,Basic
C01128,At-Risk,642,4,317.40999999999997,0,0.0,2.0,0.0,100.0,0,938,Basic
C01539,At-Risk,214,2,132.07999999999998,1,0.0,1.0,0.5,95.0,1,525,Premium
C03614,At-Risk,513,6,636.03,1,0.0,5.0,0.3333333333333333,80.0,0,556,Basic
C02173,At-Risk,86,2,230.19,0,0.0,2.0,0.0,100.0,0,196,Premium
C01516,At-Risk,602,3,193.95999999999998,2,0.0,2.0,0.3333333333333333,80.0,1,761,Basic
C04279,At-Risk,575,1,147.05,1,0.0,1.0,0.0,80.0,1,579,Basic
C04278,At-Risk,492,2,343.31,2,0.0,2.0,0.5,80.0,1,662,Trial
C04115,At-Risk,449,5,544.36,1,0.0,3.0,0.2,95.0,0,649,Basic
C04275,At-Risk,516,3,234.28000000000003,1,0.3333333333333333,2.0,0.0,95.0,1,545,Basic
C01254,At-Risk,559,4,415.76,0,0.0,4.0,0.5,100.0,0,642,Trial
C04274,At-Risk,263,2,144.67000000000002,1,0.0,2.0,0.0,80.0,1,384,Trial
C01257,At-Risk,485,3,530.3,0,0.0,3.0,0.3333333333333333,100.0,0,539,Basic
C04273,At-Risk,315,1,168.58,0,0.0,1.0,0.0,100.0,1,317,Trial
C04271,At-Risk,529,2,174.35000000000002,0,0.0,2.0,0.5,100.0,0,560,Basic
C02354,At-Risk,581,5,405.63,1,0.0,5.0,0.0,95.0,1,830,Trial
C02352,At-Risk,181,1,74.27,1,0.0,1.0,0.0,95.0,1,227,Basic
C02349,At-Risk,112,2,256.5,1,0.0,2.0,0.5,80.0,1,276,Trial
C04265,At-Risk,509,1,34.98,2,0.0,1.0,0.0,80.0,1,525,Basic
C01267,At-Risk,339,1,87.14,0,0.0,1.0,0.0,100.0,1,363,Basic
C01499,At-Risk,645,2,206.77,2,0.0,2.0,0.5,80.0,1,728,Basic
C01498,At-Risk,178,1,87.44,0,0.0,1.0,0.0,100.0,1,615,Basic
C04264,At-Risk,644,3,522.07,1,0.0,3.0,0.3333333333333333,80.0,0,692,Basic
C02327,At-Risk,378,2,324.22,1,0.0,2.0,0.5,95.0,1,689,Basic
C04254,At-Risk,640,1,57.46,0,0.0,1.0,0.0,100.0,0,774,Basic
C03610,At-Risk,142,2,198.09,0,0.0,2.0,0.0,100.0,0,235,Premium
C03609,At-Risk,618,2,131.12,1,0.0,2.0,0.0,95.0,1,657,Premium
C03607,At-Risk,664,4,497.1,0,0.0,3.0,0.0,100.0,0,792,Basic
C01494,At-Risk,457,3,258.14,0,0.0,2.0,0.3333333333333333,100.0,0,582,Trial
C03586,At-Risk,440,2,245.26,1,0.0,2.0,0.0,95.0,1,730,Basic
C03602,At-Risk,569,3,212.53,0,0.0,3.0,0.0,100.0,0,605,Basic
C03599,At-Risk,441,2,229.76999999999998,1,0.0,2.0,0.0,95.0,1,551,Basic
C02182,At-Risk,461,1,46.0,2,0.0,1.0,0.0,90.0,1,579,Premium
C01497,At-Risk,341,2,304.46,1,0.0,2.0,0.0,80.0,1,363,Premium
C01273,At-Risk,488,4,384.95,1,0.0,3.0,0.5,95.0,1,684,Trial
C02343,At-Risk,420,2,93.65,0,0.0,2.0,0.5,100.0,0,533,Premium
C01271,At-Risk,456,3,360.51,0,0.0,3.0,0.3333333333333333,100.0,0,481,Basic
C03601,At-Risk,493,3,180.53,1,0.0,3.0,0.3333333333333333,95.0,0,624,Basic
C03711,At-Risk,653,4,285.7,1,0.0,2.0,0.5,95.0,0,720,Basic
C01247,At-Risk,472,3,96.81,0,0.3333333333333333,2.0,0.3333333333333333,100.0,0,496,Premium
C03583,At-Risk,132,2,237.88,0,0.0,2.0,0.0,100.0,0,247,Basic
C04310,At-Risk,588,2,241.65,0,0.0,2.0,0.0,100.0,0,862,Premium
C02387,At-Risk,360,2,319.6,0,0.0,2.0,0.5,100.0,1,400,Basic
C01515,At-Risk,414,2,119.77000000000001,1,0.0,2.0,0.5,95.0,0,472,Premium
C04308,At-Risk,475,6,549.3,1,0.0,5.0,0.3333333333333333,80.0,0,622,Premium
C03574,At-Risk,608,3,280.34000000000003,1,0.0,2.0,0.3333333333333333,95.0,0,710,Basic
C02174,At-Risk,181,1,107.0,0,0.0,1.0,0.0,100.0,1,336,Basic
C01209,At-Risk,539,2,202.95999999999998,0,0.0,1.0,0.5,100.0,0,572,Premium
C02381,At-Risk,271,1,165.32,2,0.0,1.0,0.0,90.0,1,449,Basic
C02380,At-Risk,563,4,413.33,1,0.0,2.0,0.5,95.0,0,723,Premium
C04304,At-Risk,409,1,214.98,0,0.0,1.0,0.0,100.0,1,503,Premium
C04302,At-Risk,668,1,198.64,2,0.0,1.0,0.0,80.0,1,687,Basic
C02376,At-Risk,364,2,206.54,2,0.0,2.0,0.0,90.0,0,372,Premium
C01219,At-Risk,464,1,127.59,0,0.0,1.0,0.0,100.0,0,470,Basic
C04298,At-Risk,568,4,366.52,0,0.0,3.0,0.25,100.0,0,620,Basic
C03577,At-Risk,460,2,140.87,0,0.0,1.0,0.0,100.0,0,470,Basic
C01223,At-Risk,596,3,456.18,2,0.0,3.0,0.3333333333333333,80.0,1,713,Basic
C01510,At-Risk,193,1,75.05,0,0.0,1.0,0.0,100.0,1,415,Basic
C04285,At-Risk,650,7,714.74,1,0.0,4.0,0.14285714285714285,80.0,0,725,Premium
C01241,At-Risk,550,3,234.32,1,0.0,2.0,0.0,80.0,0,587,Premium
C04113,At-Risk,419,1,222.03,0,0.0,1.0,0.0,100.0,0,428,Basic
C01504,At-Risk,378,1,78.07,2,0.0,1.0,0.0,90.0,1,522,Basic
C04288,At-Risk,444,2,161.63,1,0.0,2.0,0.5,95.0,0,516,Premium
C01235,At-Risk,9,1,129.07,1,0.0,1.0,0.0,95.0,1,206,Trial
C01502,At-Risk,112,2,306.35,0,0.0,2.0,0.5,100.0,0,194,Premium
C02367,At-Risk,627,2,208.79999999999998,2,0.0,1.0,0.5,90.0,1,773,Basic
C04112,At-Risk,543,1,145.16,1,0.0,1.0,0.0,80.0,1,616,Trial
C04293,At-Risk,538,6,635.84,1,0.0,5.0,0.3333333333333333,80.0,0,666,Basic
C01230,At-Risk,330,2,102.53,0,0.0,2.0,0.0,100.0,0,340,Basic
C02370,At-Risk,618,1,168.9,1,0.0,1.0,0.0,95.0,1,769,Premium
C02178,At-Risk,640,1,141.93,0,0.0,1.0,0.0,100.0,1,694,Basic
C04111,At-Risk,608,2,144.43,0,0.0,1.0,0.0,100.0,0,671,Premium
C02179,At-Risk,526,2,296.74,1,0.0,2.0,0.5,95.0,1,761,Premium
C02455,At-Risk,496,5,646.02,2,0.0,3.0,0.0,90.0,0,553,Basic
C03526,At-Risk,653,1,78.43,2,0.0,1.0,0.0,90.0,1,832,Basic
C02189,At-Risk,568,4,513.55,1,0.0,3.0,0.25,95.0,0,683,Basic
C04476,At-Risk,620,3,239.26999999999998,1,0.0,2.0,0.3333333333333333,95.0,0,702,Basic
C04475,At-Risk,449,5,635.37,2,0.0,5.0,0.2,90.0,0,574,Premium
C02541,At-Risk,265,2,275.88,2,0.0,2.0,0.0,80.0,1,396,Trial
C02540,At-Risk,181,1,106.71,1,0.0,1.0,0.0,80.0,1,191,Trial
C03469,At-Risk,481,3,351.74,0,0.0,3.0,0.3333333333333333,100.0,0,587,Premium
C03470,At-Risk,125,1,143.09,2,0.0,1.0,0.0,90.0,1,126,Trial
C04470,At-Risk,505,4,472.47,0,0.0,3.0,0.0,100.0,0,635,Premium
C03472,At-Risk,610,1,43.31,0,0.0,1.0,0.0,100.0,0,633,Trial
C00978,At-Risk,202,2,198.28,2,0.0,2.0,0.5,90.0,1,352,Premium
C02536,At-Risk,113,1,123.53,2,0.0,1.0,0.0,80.0,1,126,Basic
C02194,At-Risk,593,3,305.72,0,0.0,3.0,0.3333333333333333,100.0,0,871,Basic
C03728,At-Risk,345,1,104.01,1,0.0,1.0,0.0,95.0,1,379,Premium
C03726,At-Risk,493,5,362.51,0,0.0,3.0,0.4,100.0,0,658,Premium
C04065,At-Risk,635,4,378.3,0,0.0,3.0,0.5,100.0,0,1092,Premium
C00985,At-Risk,70,2,215.87,0,0.0,2.0,0.0,100.0,0,245,Basic
C04458,At-Risk,263,1,87.84,1,0.0,1.0,0.0,95.0,1,264,Basic
C03475,At-Risk,294,1,49.73,1,0.0,1.0,0.0,80.0,1,362,Basic
C02302,At-Risk,500,4,339.46000000000004,0,0.0,2.0,0.25,100.0,0,679,Basic
C02519,At-Risk,524,4,455.99,1,0.0,2.0,0.5,95.0,0,601,Basic
C01584,At-Risk,633,3,295.18,0,0.0,3.0,0.3333333333333333,100.0,0,657,Trial
C04447,At-Risk,319,2,175.46,0,0.0,2.0,0.5,100.0,1,383,Trial
C02521,At-Risk,604,4,409.29,1,0.0,3.0,0.5,80.0,1,812,Trial
C01001,At-Risk,562,8,870.3499999999999,2,0.125,4.0,0.25,80.0,0,786,Basic
C01597,At-Risk,48,2,109.82,1,0.0,2.0,0.5,95.0,1,194,Basic
C01585,At-Risk,227,2,221.60000000000002,0,0.0,2.0,0.5,100.0,1,320,Trial
C03725,At-Risk,109,2,290.7,0,0.0,1.0,0.0,100.0,1,131,Trial
C04452,At-Risk,275,1,235.81,1,0.0,1.0,0.0,95.0,1,299,Basic
C02525,At-Risk,512,4,267.22,0,0.0,3.0,0.0,100.0,0,604,Basic
C01323,At-Risk,531,1,111.84,0,0.0,1.0,0.0,100.0,1,691,Basic
C01589,At-Risk,0,2,124.43,1,0.0,2.0,0.5,95.0,1,233,Trial
C04224,At-Risk,213,2,158.88,0,0.0,2.0,0.5,100.0,0,292,Trial
C04226,At-Risk,405,2,190.68,2,0.0,2.0,0.0,80.0,1,649,Basic
C02304,At-Risk,665,7,1104.78,1,0.0,3.0,0.42857142857142855,80.0,0,988,Basic
C00966,At-Risk,202,1,151.83,1,0.0,1.0,0.0,95.0,1,234,Trial
C01599,At-Risk,191,1,101.24,1,0.0,1.0,0.0,95.0,1,268,Basic
C03453,At-Risk,333,2,171.35,0,0.0,2.0,0.0,100.0,0,396,Premium
C04494,At-Risk,287,2,311.38,0,0.0,2.0,0.0,100.0,0,351,Basic
C00931,At-Risk,273,2,297.15,0,0.0,1.0,0.0,100.0,0,338,Basic
C02568,At-Risk,652,2,183.4,0,0.0,2.0,0.5,100.0,1,744,Basic
C04492,At-Risk,532,3,330.71,0,0.0,2.0,0.3333333333333333,100.0,0,647,Premium
C02111,At-Risk,646,3,210.2,0,0.0,2.0,0.0,100.0,0,814,Premium
C00935,At-Risk,607,2,166.0,2,0.0,1.0,0.0,90.0,1,613,Basic
C02566,At-Risk,615,6,621.23,1,0.0,2.0,0.5,80.0,0,871,Premium
C00937,At-Risk,460,3,434.15,1,0.0,3.0,0.0,95.0,1,567,Trial
C02565,At-Risk,632,3,325.23,0,0.0,2.0,0.0,100.0,0,672,Trial
C02112,At-Risk,638,4,402.7,0,0.0,3.0,0.25,100.0,0,841,Basic
C01480,At-Risk,0,1,109.93,1,0.0,1.0,0.0,95.0,1,126,Trial
C00941,At-Risk,243,2,576.39,0,0.0,2.0,0.0,100.0,0,274,Basic
C04489,At-Risk,523,2,279.33,0,0.0,2.0,0.0,100.0,0,557,Basic
C02562,At-Risk,523,2,108.97,1,0.0,2.0,0.0,95.0,0,618,Basic
C03455,At-Risk,152,2,240.51,0,0.0,2.0,0.0,100.0,0,185,Premium
C02560,At-Risk,574,1,64.24,0,0.0,1.0,0.0,100.0,1,718,Basic
C02548,At-Risk,180,1,117.7,0,0.0,1.0,0.0,100.0,1,264,Trial
C03849,At-Risk,112,1,72.54,2,0.0,1.0,0.0,80.0,1,285,Premium
C00959,At-Risk,187,1,95.05,1,0.0,1.0,0.0,95.0,0,325,Basic
C01600,At-Risk,466,1,95.96,0,0.0,1.0,0.0,100.0,0,586,Basic
C02551,At-Risk,543,4,361.57,1,0.0,4.0,0.25,95.0,0,795,Basic
C02553,At-Risk,657,1,106.28,0,0.0,1.0,0.0,100.0,1,797,Basic
C02544,At-Risk,80,2,93.65,0,0.0,2.0,0.5,100.0,0,218,Basic
C00954,At-Risk,578,5,536.1800000000001,0,0.0,5.0,0.2,100.0,0,716,Basic
C02115,At-Risk,209,1,95.72,1,0.0,1.0,0.0,80.0,1,209,Basic
C03459,At-Risk,58,2,157.84,1,0.0,2.0,0.0,95.0,1,180,Trial
C02300,At-Risk,101,2,196.43,0,0.0,2.0,0.5,100.0,0,260,Basic
C04062,At-Risk,512,4,427.18,1,0.0,3.0,0.25,95.0,0,565,Premium
C02558,At-Risk,668,4,197.49,0,0.0,3.0,0.0,100.0,0,839,Basic
C04061,At-Risk,677,6,504.05,1,0.0,4.0,0.0,80.0,0,855,Basic
C00953,At-Risk,84,2,175.93,0,0.0,2.0,0.0,100.0,1,190,Basic
C01608,At-Risk,115,1,111.24,1,0.0,1.0,0.0,95.0,0,214,Basic
C03484,At-Risk,495,4,387.73,0,0.25,2.0,0.0,100.0,0,520,Basic
C04438,At-Risk,494,2,164.18,0,0.0,2.0,0.0,100.0,1,638,Basic
C04408,At-Risk,495,1,85.96,0,0.0,1.0,0.0,100.0,1,551,Premium
C04404,At-Risk,373,1,154.39,1,0.0,1.0,0.0,95.0,1,428,Premium
C01067,At-Risk,509,5,406.09,0,0.0,3.0,0.4,100.0,0,631,Premium
C01068,At-Risk,499,1,83.27,0,0.0,1.0,0.0,100.0,0,546,Basic
C02478,At-Risk,635,3,470.06,0,0.0,2.0,0.3333333333333333,100.0,0,817,Premium
C03510,At-Risk,628,5,534.4399999999999,0,0.0,3.0,0.0,100.0,0,674,Basic
C01484,At-Risk,293,1,58.87,2,0.0,1.0,0.0,80.0,1,306,Premium
C01072,At-Risk,444,2,124.67,2,0.0,2.0,0.5,80.0,1,456,Basic
C02475,At-Risk,670,5,391.24,0,0.0,4.0,0.0,100.0,0,744,Trial
C02140,At-Risk,336,1,126.32,1,0.0,1.0,0.0,95.0,0,354,Premium
C01075,At-Risk,294,1,80.01,2,0.0,1.0,0.0,80.0,1,355,Basic
C02473,At-Risk,653,5,481.09000000000003,0,0.0,4.0,0.2,100.0,0,835,Basic
C01077,At-Risk,480,1,69.29,1,0.0,1.0,0.0,80.0,0,575,Premium
C01078,At-Risk,544,3,211.51999999999998,0,0.0,3.0,0.0,100.0,0,643,Basic
C02472,At-Risk,588,4,434.38,0,0.0,2.0,0.5,100.0,0,761,Basic
C02141,At-Risk,135,1,53.43,0,0.0,1.0,0.0,100.0,0,187,Trial
C03511,At-Risk,484,5,435.48,0,0.0,3.0,0.2,100.0,0,586,Basic
C02460,At-Risk,236,2,156.61,2,0.0,2.0,0.0,80.0,0,341,Basic
C04386,At-Risk,593,8,789.79,2,0.0,3.0,0.5,90.0,0,783,Premium
C02145,At-Risk,677,3,226.31,0,0.3333333333333333,2.0,0.3333333333333333,100.0,0,777,Basic
C03713,At-Risk,559,1,205.53,0,0.0,1.0,0.0,100.0,1,745,Premium
C01096,At-Risk,349,2,96.31,1,0.0,1.0,0.5,95.0,1,519,Trial
C01095,At-Risk,483,7,877.34,1,0.0,3.0,0.0,80.0,0,613,Basic
C02136,At-Risk,668,5,497.69,0,0.0,3.0,0.2,100.0,0,804,Premium
C01094,At-Risk,649,1,75.22,1,0.0,1.0,0.0,95.0,1,654,Trial
C01090,At-Risk,426,1,88.71,0,0.0,1.0,0.0,100.0,0,470,Basic
C04393,At-Risk,597,4,355.02,0,0.0,2.0,0.0,100.0,0,669,Premium
C01557,At-Risk,397,2,192.89,2,0.0,2.0,0.0,90.0,1,439,Trial
C02468,At-Risk,268,1,53.55,1,0.0,1.0,0.0,95.0,1,309,Basic
C01083,At-Risk,480,1,40.95,0,0.0,1.0,0.0,100.0,0,483,Premium
C01082,At-Risk,463,4,443.49,0,0.0,3.0,0.0,100.0,0,584,Premium
C03513,At-Risk,545,9,781.49,2,0.1111111111111111,4.0,0.1111111111111111,90.0,0,787,Basic
C01580,At-Risk,573,1,62.81,1,0.0,1.0,0.0,95.0,1,590,Trial
C02486,At-Risk,559,5,493.02,1,0.0,3.0,0.2,95.0,0,870,Basic
C01053,At-Risk,642,1,94.9,1,0.0,1.0,0.0,80.0,1,667,Premium
C02512,At-Risk,457,4,380.56,0,0.0,3.0,0.5,100.0,1,644,Trial
C02511,At-Risk,454,3,483.08,2,0.0,3.0,0.3333333333333333,80.0,1,514,Basic
C04434,At-Risk,446,2,183.36,2,0.0,1.0,0.5,80.0,1,559,Premium
C01579,At-Risk,87,1,79.34,1,0.0,1.0,0.0,95.0,1,146,Trial
C01017,At-Risk,386,2,304.61,0,0.0,2.0,0.0,100.0,0,577,Basic
C02507,At-Risk,248,1,51.45,0,0.0,1.0,0.0,100.0,1,297,Basic
C01019,At-Risk,646,5,374.33,0,0.0,4.0,0.4,100.0,0,763,Basic
C01577,At-Risk,246,2,129.14,0,0.0,2.0,0.0,100.0,1,391,Trial
C04233,At-Risk,179,1,94.91,0,0.0,1.0,0.0,100.0,0,302,Trial
C04427,At-Risk,286,1,78.52,2,0.0,1.0,0.0,90.0,1,393,Trial
C02305,At-Risk,610,1,77.52,0,0.0,1.0,0.0,100.0,0,684,Basic
C02502,At-Risk,542,5,359.34,0,0.0,4.0,0.4,100.0,0,615,Premium
C01029,At-Risk,470,1,59.62,0,0.0,1.0,0.0,100.0,0,472,Basic
C01030,At-Risk,292,1,111.98,2,0.0,1.0,0.0,90.0,1,343,Basic
C04423,At-Risk,141,2,185.74,1,0.0,1.0,0.5,95.0,0,170,Premium
C01033,At-Risk,238,1,140.01,0,0.0,1.0,0.0,100.0,0,337,Premium
C01035,At-Risk,543,3,173.51,0,0.0,2.0,0.3333333333333333,100.0,0,684,Basic
C01052,At-Risk,27,1,64.77,2,0.0,1.0,0.0,90.0,1,144,Basic
C02487,At-Risk,288,1,82.71,0,0.0,1.0,0.0,100.0,0,389,Basic
C02306,At-Risk,573,3,375.68,1,0.0,1.0,0.3333333333333333,95.0,0,704,Premium
C01049,At-Risk,465,5,436.86,0,0.4,3.0,0.4,100.0,0,611,Basic
C02489,At-Risk,628,4,462.71,0,0.0,3.0,0.25,100.0,0,727,Basic
C01567,At-Risk,543,2,175.24,0,0.0,2.0,0.5,100.0,0,647,Premium
C04413,At-Risk,291,1,69.93,0,0.0,1.0,0.0,100.0,1,304,Basic
C02491,At-Risk,465,1,128.16,1,0.0,1.0,0.0,95.0,1,665,Premium
C02495,At-Risk,660,3,283.64,1,0.0,2.0,0.3333333333333333,80.0,0,681,Basic
C04076,At-Risk,472,7,857.3399999999999,1,0.0,4.0,0.42857142857142855,80.0,0,511,Premium
C04075,At-Risk,591,3,219.3,2,0.0,3.0,0.0,80.0,1,990,Trial
C04235,At-Risk,381,2,145.57,0,0.0,2.0,0.5,100.0,0,488,Basic
C01037,At-Risk,629,1,96.3,0,0.0,1.0,0.0,100.0,1,645,Basic
C04074,At-Risk,115,1,133.78,0,0.0,1.0,0.0,100.0,0,126,Basic
C01045,At-Risk,421,2,291.12,0,0.0,2.0,0.0,100.0,1,725,Basic
C00559,At-Risk,336,1,61.33,0,0.0,1.0,0.0,100.0,0,368,Basic
C03345,At-Risk,550,1,61.28,1,0.0,1.0,0.0,95.0,0,618,Premium
C03612,At-Risk,489,1,70.01,2,0.0,1.0,0.0,90.0,1,519,Trial
C00304,At-Risk,502,2,301.15999999999997,1,0.0,2.0,0.5,95.0,0,765,Basic
C03235,At-Risk,164,1,117.02,1,0.0,1.0,0.0,80.0,1,249,Trial
C00307,At-Risk,128,2,203.74,1,0.0,2.0,0.5,80.0,1,305,Basic
C01986,At-Risk,460,3,354.2,0,0.0,2.0,0.3333333333333333,100.0,0,767,Basic
C04844,At-Risk,594,4,404.38,1,0.0,2.0,0.5,80.0,0,678,Basic
C00310,At-Risk,391,2,89.21000000000001,0,0.0,2.0,0.0,100.0,0,443,Basic
C02939,At-Risk,349,2,132.24,0,0.0,2.0,0.5,100.0,0,458,Premium
C01987,At-Risk,619,3,400.11,0,0.0,3.0,0.0,100.0,0,731,Basic
C00111,At-Risk,227,1,57.95,1,0.0,1.0,0.0,95.0,1,248,Trial
C00315,At-Risk,28,2,250.82,0,0.0,2.0,0.5,100.0,1,128,Basic
C03237,At-Risk,624,6,551.49,2,0.0,4.0,0.16666666666666666,90.0,0,844,Basic
C03815,At-Risk,528,3,424.4,0,0.0,2.0,0.3333333333333333,100.0,0,822,Trial
C00318,At-Risk,524,5,277.12,2,0.2,3.0,0.2,90.0,0,707,Premium
C01989,At-Risk,560,5,353.88,2,0.0,3.0,0.4,90.0,1,683,Basic
C00320,At-Risk,574,2,396.34000000000003,2,0.0,2.0,0.0,80.0,0,595,Basic
C00321,At-Risk,296,3,182.72,2,0.0,3.0,0.0,80.0,0,439,Basic
C00322,At-Risk,11,2,225.33999999999997,1,0.0,1.0,0.5,80.0,0,199,Basic
C03239,At-Risk,585,2,250.7,1,0.0,2.0,0.0,80.0,1,649,Basic
C04174,At-Risk,38,2,83.47,1,0.0,2.0,0.5,80.0,0,148,Basic
C03242,At-Risk,602,2,167.19,2,0.0,2.0,0.5,80.0,0,696,Basic
C04838,At-Risk,516,5,424.88,1,0.0,3.0,0.4,80.0,0,584,Basic
C02930,At-Risk,319,1,128.27,0,0.0,1.0,0.0,100.0,0,337,Basic
C02929,At-Risk,627,8,844.36,1,0.0,4.0,0.5,80.0,0,952,Trial
C02252,At-Risk,536,6,325.88,2,0.16666666666666666,3.0,0.16666666666666666,90.0,0,665,Basic
C01400,At-Risk,560,2,165.0,1,0.0,1.0,0.0,95.0,0,584,Basic
C01985,At-Risk,452,6,432.78,2,0.0,3.0,0.5,90.0,0,648,Premium
C02943,At-Risk,642,2,227.19,2,0.0,2.0,0.0,80.0,1,1079,Premium
C04848,At-Risk,0,2,165.1,1,0.0,2.0,0.0,95.0,1,209,Basic
C01818,At-Risk,446,3,340.93,1,0.0,3.0,0.3333333333333333,95.0,0,615,Premium
C03828,At-Risk,519,3,305.34000000000003,1,0.0,2.0,0.0,95.0,0,704,Basic
C04862,At-Risk,491,2,207.55,1,0.0,1.0,0.0,95.0,1,507,Trial
C03227,At-Risk,414,2,144.67000000000002,0,0.0,2.0,0.5,100.0,0,441,Basic
C01826,At-Risk,210,2,368.41,0,0.0,1.0,0.5,100.0,1,607,Basic
C00277,At-Risk,219,2,124.85999999999999,2,0.0,2.0,0.0,90.0,1,296,Basic
C04859,At-Risk,222,2,183.07,2,0.0,2.0,0.0,90.0,1,530,Trial
C02249,At-Risk,258,2,111.33,0,0.0,2.0,0.5,100.0,0,346,Premium
C00558,At-Risk,320,1,110.59,2,0.0,1.0,0.0,80.0,1,352,Trial
C00281,At-Risk,636,1,156.38,0,0.0,1.0,0.0,100.0,0,711,Basic
C00282,At-Risk,567,1,47.29,1,0.0,1.0,0.0,95.0,1,707,Basic
C00283,At-Risk,488,4,395.28000000000003,0,0.0,4.0,0.5,100.0,0,591,Premium
C03050,At-Risk,555,2,135.85,0,0.0,2.0,0.0,100.0,1,633,Basic
C00108,At-Risk,126,1,80.62,2,0.0,1.0,0.0,80.0,1,316,Basic
C03230,At-Risk,420,1,35.31,2,0.0,1.0,0.0,90.0,1,570,Basic
C02952,At-Risk,355,2,143.92,0,0.0,2.0,0.0,100.0,0,371,Basic
C02951,At-Risk,204,2,212.76,0,0.0,2.0,0.5,100.0,0,326,Basic
C02950,At-Risk,566,2,324.20000000000005,0,0.0,2.0,0.5,100.0,0,645,Basic
C00290,At-Risk,0,2,216.39,2,0.0,2.0,0.5,90.0,1,149,Basic
C00292,At-Risk,134,1,58.38,2,0.0,1.0,0.0,90.0,1,214,Trial
C03918,At-Risk,423,1,158.25,1,0.0,1.0,0.0,95.0,1,535,Premium
C04173,At-Risk,165,2,196.11,1,0.0,2.0,0.0,95.0,1,300,Basic
C00114,At-Risk,607,3,210.39999999999998,0,0.0,3.0,0.0,100.0,0,879,Basic
C01819,At-Risk,581,2,137.24,1,0.0,2.0,0.5,80.0,1,824,Basic
C00297,At-Risk,439,1,193.82,2,0.0,1.0,0.0,80.0,1,752,Basic
C00298,At-Risk,312,3,335.89,1,0.0,3.0,0.3333333333333333,95.0,0,449,Basic
C01877,At-Risk,160,1,147.72,2,0.0,1.0,0.0,80.0,1,186,Premium
C04854,At-Risk,343,1,112.59,2,0.0,1.0,0.0,80.0,1,415,Trial
C00270,At-Risk,653,1,86.5,0,0.0,1.0,0.0,100.0,1,670,Premium
C03931,At-Risk,248,2,187.34,0,0.0,2.0,0.0,100.0,1,447,Basic
C00335,At-Risk,317,1,0.0,0,1.0,0.0,0.0,100.0,0,393,Premium
C04175,At-Risk,344,2,139.97,1,0.0,1.0,0.5,80.0,0,577,Basic
C04813,At-Risk,458,2,253.12,0,0.0,2.0,0.5,100.0,0,547,Premium
C02215,At-Risk,99,2,216.79000000000002,0,0.0,2.0,0.0,100.0,1,257,Trial
C00364,At-Risk,635,4,314.87,0,0.0,3.0,0.5,100.0,0,696,Trial
C03067,At-Risk,627,4,257.64,0,0.0,4.0,0.5,100.0,0,737,Premium
C01802,At-Risk,611,1,171.42,1,0.0,1.0,0.0,95.0,1,760,Trial
C03896,At-Risk,161,1,119.08,0,0.0,1.0,0.0,100.0,1,334,Basic
C00089,At-Risk,644,3,400.14,1,0.0,3.0,0.3333333333333333,95.0,0,858,Basic
C00088,At-Risk,611,3,435.42999999999995,0,0.0,3.0,0.0,100.0,0,885,Premium
C04808,At-Risk,0,2,153.23,1,0.0,2.0,0.5,95.0,0,347,Premium
C00087,At-Risk,598,4,517.21,0,0.0,3.0,0.0,100.0,0,684,Premium
C02254,At-Risk,513,3,142.26999999999998,0,0.0,3.0,0.0,100.0,0,591,Basic
C02904,At-Risk,208,1,46.73,2,0.0,1.0,0.0,80.0,0,239,Trial
C00086,At-Risk,45,3,235.54,0,0.0,2.0,0.0,100.0,0,190,Basic
C00085,At-Risk,509,6,520.8299999999999,2,0.0,3.0,0.5,90.0,0,629,Basic
C04941,At-Risk,260,2,241.7,2,0.0,2.0,0.5,80.0,1,285,Basic
C01799,At-Risk,664,4,344.91999999999996,0,0.25,2.0,0.25,100.0,0,716,Basic
C00372,At-Risk,397,3,267.03000000000003,1,0.0,3.0,0.3333333333333333,95.0,1,580,Basic
C04805,At-Risk,553,3,280.95000000000005,1,0.0,3.0,0.3333333333333333,80.0,0,604,Basic
C04803,At-Risk,370,1,51.14,1,0.0,1.0,0.0,95.0,1,535,Premium
C00083,At-Risk,617,4,354.07000000000005,1,0.0,4.0,0.25,95.0,0,756,Basic
C03673,At-Risk,149,1,139.01,1,0.0,1.0,0.0,95.0,0,180,Basic
C03266,At-Risk,674,4,351.67,0,0.0,3.0,0.25,100.0,0,781,Premium
C00377,At-Risk,167,3,417.45,0,0.0,3.0,0.3333333333333333,100.0,0,319,Premium
C04801,At-Risk,626,4,547.52,0,0.0,4.0,0.25,100.0,0,886,Basic
C03163,At-Risk,504,3,268.41,1,0.0,2.0,0.3333333333333333,80.0,0,664,Basic
C02911,At-Risk,161,1,173.24,2,0.0,1.0,0.0,80.0,1,223,Trial
C00357,At-Risk,420,3,578.7,1,0.0,3.0,0.3333333333333333,95.0,1,475,Trial
C02912,At-Risk,447,6,572.73,1,0.0,4.0,0.3333333333333333,80.0,0,574,Basic
C02921,At-Risk,228,2,217.05,1,0.0,2.0,0.0,95.0,1,286,Trial
C00338,At-Risk,340,1,88.48,1,0.0,1.0,0.0,95.0,1,454,Basic
C03167,At-Risk,465,2,219.56,0,0.0,2.0,0.5,100.0,1,537,Basic
C04143,At-Risk,675,4,424.06,2,0.0,3.0,0.25,90.0,0,861,Trial
C01948,At-Risk,615,1,47.99,2,0.0,1.0,0.0,90.0,1,857,Premium
C03934,At-Risk,82,2,100.49000000000001,0,0.0,2.0,0.5,100.0,1,208,Trial
C03250,At-Risk,513,2,142.2,1,0.0,2.0,0.5,95.0,0,597,Basic
C02918,At-Risk,610,3,237.05,1,0.3333333333333333,2.0,0.3333333333333333,95.0,1,923,Basic
C04819,At-Risk,0,2,157.6,2,0.0,1.0,0.0,80.0,1,357,Basic
C00102,At-Risk,639,5,540.99,0,0.0,3.0,0.2,100.0,0,774,Premium
C02917,At-Risk,250,2,179.01,2,0.0,2.0,0.5,80.0,1,427,Trial
C00345,At-Risk,465,3,219.64000000000001,1,0.0,3.0,0.3333333333333333,95.0,0,620,Basic
C04933,At-Risk,172,2,253.26000000000002,1,0.0,2.0,0.0,80.0,0,228,Basic
C02916,At-Risk,0,2,125.23,2,0.0,2.0,0.0,80.0,1,241,Basic
C00349,At-Risk,498,3,224.73000000000002,0,0.0,2.0,0.3333333333333333,100.0,1,536,Premium
C02914,At-Risk,106,1,149.67,1,0.0,1.0,0.0,95.0,1,194,Basic
C00100,At-Risk,46,2,335.61,1,0.0,2.0,0.0,95.0,0,220,Basic
C01882,At-Risk,594,5,339.61,1,0.0,3.0,0.2,80.0,0,699,Basic
C00098,At-Risk,458,1,121.27,0,0.0,1.0,0.0,100.0,0,497,Basic
C03061,At-Risk,111,2,73.97,0,0.5,1.0,0.5,100.0,0,149,Trial
C03808,At-Risk,493,2,121.51,0,0.0,1.0,0.0,100.0,0,669,Basic
C03879,At-Risk,475,2,151.7,1,0.0,1.0,0.0,95.0,1,583,Premium
C00353,At-Risk,201,2,200.57999999999998,0,0.0,2.0,0.5,100.0,0,264,Premium
C00095,At-Risk,103,2,171.71,0,0.0,2.0,0.5,100.0,0,225,Basic
C00355,At-Risk,530,4,318.41,0,0.25,2.0,0.5,100.0,0,643,Basic
C03063,At-Risk,524,1,92.12,1,0.0,1.0,0.0,95.0,1,646,Trial
C00101,At-Risk,195,1,52.84,1,0.0,1.0,0.0,80.0,1,205,Basic
C01827,At-Risk,642,1,67.75,1,0.0,1.0,0.0,80.0,1,644,Trial
C02216,At-Risk,120,1,68.68,0,0.0,1.0,0.0,100.0,1,135,Trial
C01978,At-Risk,240,1,54.02,1,0.0,1.0,0.0,80.0,1,282,Trial
C00189,At-Risk,315,2,229.64000000000001,2,0.0,2.0,0.5,80.0,1,348,Premium
C04897,At-Risk,471,2,350.07000000000005,0,0.0,2.0,0.0,100.0,0,499,Basic
C00191,At-Risk,426,2,135.6,1,0.0,2.0,0.5,80.0,1,939,Basic
C03184,At-Risk,108,2,129.11,0,0.0,2.0,0.0,100.0,0,162,Premium
C00192,At-Risk,313,2,227.43,1,0.0,2.0,0.0,80.0,0,405,Premium
C00193,At-Risk,545,3,323.77,0,0.0,2.0,0.3333333333333333,100.0,0,636,Basic
C01966,At-Risk,511,5,329.13,1,0.0,3.0,0.0,95.0,0,627,Premium
C03034,At-Risk,469,2,133.37,0,0.0,2.0,0.0,100.0,0,557,Premium
C01852,At-Risk,609,2,104.33000000000001,1,0.0,2.0,0.0,95.0,1,768,Trial
C00144,At-Risk,473,5,484.06,0,0.0,4.0,0.0,100.0,0,567,Basic
C00143,At-Risk,279,3,373.05,0,0.0,2.0,0.3333333333333333,100.0,0,304,Basic
C03197,At-Risk,528,3,230.57,1,0.0,2.0,0.0,80.0,1,568,Basic
C00142,At-Risk,603,5,319.81,0,0.2,3.0,0.4,100.0,0,649,Basic
C00199,At-Risk,464,2,193.94,1,0.0,1.0,0.0,95.0,1,653,Basic
C03005,At-Risk,606,3,295.82,0,0.0,3.0,0.3333333333333333,100.0,0,719,Premium
C04892,At-Risk,129,1,99.09,2,0.0,1.0,0.0,80.0,1,200,Premium
C03820,At-Risk,359,2,203.1,0,0.0,1.0,0.0,100.0,0,384,Premium
C00141,At-Risk,574,2,197.99,1,0.5,1.0,0.5,95.0,0,644,Basic
C03003,At-Risk,206,1,224.38,0,0.0,1.0,0.0,100.0,1,209,Basic
C03002,At-Risk,631,2,171.42000000000002,0,0.0,2.0,0.0,100.0,0,712,Basic
C00206,At-Risk,175,1,214.07,1,0.0,1.0,0.0,80.0,0,216,Premium
C04890,At-Risk,449,4,396.77,0,0.0,3.0,0.0,100.0,0,550,Basic
C01449,At-Risk,0,1,62.55,2,0.0,1.0,0.0,80.0,1,150,Premium
C03904,At-Risk,139,1,36.93,1,0.0,1.0,0.0,80.0,1,194,Premium
C01848,At-Risk,248,1,50.64,2,0.0,1.0,0.0,90.0,1,264,Basic
C01965,At-Risk,565,3,231.01,1,0.0,2.0,0.0,80.0,0,616,Premium
C03012,At-Risk,624,1,215.92,1,0.0,1.0,0.0,95.0,0,663,Premium
C04900,At-Risk,162,2,106.57000000000001,1,0.0,1.0,0.0,80.0,1,302,Basic
C01855,At-Risk,432,1,66.53,1,0.0,1.0,0.0,80.0,1,528,Basic
C00163,At-Risk,64,1,84.34,2,0.0,1.0,0.0,90.0,1,200,Trial
C00164,At-Risk,518,2,263.51,1,0.0,1.0,0.0,95.0,1,547,Basic
C01861,At-Risk,499,2,104.19999999999999,0,0.0,2.0,0.5,100.0,0,828,Basic
C03027,At-Risk,529,1,78.86,2,0.0,1.0,0.0,90.0,1,532,Premium
C03192,At-Risk,40,2,144.87,1,0.0,1.0,0.5,95.0,1,212,Basic
C03897,At-Risk,536,3,223.05,0,0.0,2.0,0.3333333333333333,100.0,0,556,Premium
C00169,At-Risk,620,4,468.11,0,0.0,3.0,0.5,100.0,0,876,Basic
C01959,At-Risk,653,2,186.76,1,0.0,2.0,0.5,80.0,1,679,Premium
C03825,At-Risk,426,2,143.42000000000002,0,0.0,1.0,0.5,100.0,0,478,Basic
C04910,At-Risk,597,2,292.64,1,0.0,2.0,0.5,95.0,1,680,Basic
C01859,At-Risk,462,4,503.61,2,0.0,2.0,0.5,90.0,0,516,Trial
C00153,At-Risk,314,1,57.87,1,0.0,1.0,0.0,80.0,1,325,Basic
C00212,At-Risk,76,2,290.93,1,0.0,2.0,0.0,95.0,1,122,Trial
C04911,At-Risk,637,3,267.9,2,0.0,1.0,0.3333333333333333,90.0,1,826,Basic
C00173,At-Risk,182,2,188.01999999999998,1,0.0,2.0,0.0,95.0,1,393,Basic
C03018,At-Risk,515,3,278.2,1,0.0,2.0,0.3333333333333333,80.0,0,537,Basic
C04904,At-Risk,0,2,155.95,0,0.0,2.0,0.0,100.0,0,186,Premium
C03185,At-Risk,170,1,61.36,1,0.0,1.0,0.0,95.0,1,171,Premium
C01419,At-Risk,503,5,515.42,0,0.0,4.0,0.2,100.0,0,556,Premium
C00178,At-Risk,527,2,103.97999999999999,0,0.0,2.0,0.5,100.0,0,668,Basic
C00179,At-Risk,0,1,35.56,1,0.0,1.0,0.0,95.0,1,129,Trial
C01448,At-Risk,262,1,71.71,2,0.0,1.0,0.0,90.0,1,359,Trial
C03015,At-Risk,655,1,74.23,2,0.0,1.0,0.0,80.0,1,736,Basic
C00183,At-Risk,492,2,207.61,0,0.0,2.0,0.5,100.0,0,513,Trial
C00149,At-Risk,36,2,157.21,1,0.0,2.0,0.0,95.0,1,140,Premium
C01964,At-Risk,450,1,119.51,2,0.0,1.0,0.0,90.0,1,535,Basic
C03019,At-Risk,415,1,100.41,1,0.0,1.0,0.0,95.0,1,419,Premium
C04887,At-Risk,145,2,294.56,0,0.0,2.0,0.5,100.0,0,323,Basic
C01416,At-Risk,483,3,467.63,1,0.0,2.0,0.3333333333333333,95.0,0,693,Basic
C03907,At-Risk,477,1,96.5,2,0.0,1.0,0.0,90.0,1,497,Trial
C01953,At-Risk,666,1,115.45,2,0.0,1.0,0.0,80.0,1,794,Basic
C01872,At-Risk,676,1,30.47,1,0.0,1.0,0.0,95.0,0,716,Premium
C03211,At-Risk,636,1,0.0,0,1.0,0.0,0.0,100.0,1,725,Basic
C01836,At-Risk,506,2,138.64,2,0.0,2.0,0.0,80.0,1,650,Trial
C00245,At-Risk,521,4,373.06,1,0.0,3.0,0.25,80.0,0,714,Basic
C01411,At-Risk,508,2,141.20999999999998,1,0.0,2.0,0.5,95.0,0,551,Basic
C01952,At-Risk,495,2,150.18,2,0.0,1.0,0.5,90.0,1,509,Trial
C01874,At-Risk,467,5,409.05,1,0.0,3.0,0.0,80.0,0,599,Basic
C02247,At-Risk,521,1,91.82,2,0.0,1.0,0.0,80.0,1,534,Basic
C04870,At-Risk,288,2,137.13,0,0.0,1.0,0.5,100.0,0,386,Trial
C02972,At-Risk,368,1,67.21,1,0.0,1.0,0.0,95.0,1,385,Trial
C00124,At-Risk,222,2,182.26999999999998,1,0.0,2.0,0.5,95.0,1,256,Premium
C00129,At-Risk,648,4,366.53,0,0.0,3.0,0.25,100.0,0,736,Basic
C04869,At-Risk,628,1,358.59,1,0.0,1.0,0.0,80.0,1,697,Basic
C00123,At-Risk,609,4,573.98,1,0.0,3.0,0.5,80.0,0,713,Premium
C00254,At-Risk,228,1,38.44,2,0.0,1.0,0.0,80.0,1,257,Trial
C00122,At-Risk,471,3,376.88,0,0.0,3.0,0.0,100.0,0,534,Premium
C00256,At-Risk,560,5,367.43,1,0.0,3.0,0.2,80.0,0,618,Basic
C01831,At-Risk,564,5,315.18,0,0.0,4.0,0.0,100.0,0,620,Basic
C02968,At-Risk,677,4,284.68,1,0.25,3.0,0.0,95.0,0,737,Trial
C03218,At-Risk,459,4,359.58,0,0.0,3.0,0.25,100.0,0,523,Basic
C03219,At-Risk,592,3,418.53000000000003,1,0.0,2.0,0.0,95.0,0,649,Premium
C03220,At-Risk,51,1,86.57,2,0.0,1.0,0.0,90.0,1,144,Trial
C01875,At-Risk,591,3,231.74,1,0.0,3.0,0.3333333333333333,95.0,0,683,Basic
C00265,At-Risk,145,3,239.0,1,0.0,2.0,0.0,80.0,0,216,Basic
C02962,At-Risk,533,5,503.98,0,0.0,2.0,0.4,100.0,0,744,Basic
C01408,At-Risk,563,1,210.87,1,0.0,1.0,0.0,95.0,1,756,Basic
C01946,At-Risk,234,1,90.73,2,0.0,1.0,0.0,80.0,1,457,Premium
C03908,At-Risk,0,2,120.57,1,0.0,2.0,0.5,95.0,1,135,Trial
C02979,At-Risk,370,1,44.54,0,0.0,1.0,0.0,100.0,0,379,Basic
C03199,At-Risk,453,1,148.39,0,0.0,1.0,0.0,100.0,1,453,Trial
C00217,At-Risk,596,1,107.47,1,0.0,1.0,0.0,95.0,1,649,Basic
C03200,At-Risk,323,1,198.36,1,0.0,1.0,0.0,95.0,1,330,Basic
C01423,At-Risk,575,4,435.88,1,0.0,4.0,0.5,95.0,0,670,Premium
C02993,At-Risk,644,3,215.63,0,0.0,3.0,0.3333333333333333,100.0,1,789,Basic
C02992,At-Risk,585,5,441.22,0,0.0,4.0,0.2,100.0,0,737,Premium
C02991,At-Risk,250,2,180.55,2,0.5,1.0,0.0,80.0,1,337,Trial
C00137,At-Risk,517,2,188.84,0,0.0,2.0,0.5,100.0,0,631,Premium
C03655,At-Risk,565,4,281.83,1,0.0,3.0,0.25,95.0,0,637,Basic
C01843,At-Risk,0,2,368.88,0,0.0,2.0,0.0,100.0,0,169,Basic
C00136,At-Risk,214,1,53.23,0,0.0,1.0,0.0,100.0,0,264,Premium
C00226,At-Risk,283,2,170.37,1,0.0,2.0,0.5,80.0,0,399,Basic
C00239,At-Risk,302,3,285.57,1,0.0,2.0,0.0,95.0,0,322,Basic
C00135,At-Risk,655,2,181.1,1,0.0,2.0,0.0,95.0,1,720,Basic
C02243,At-Risk,471,3,627.75,0,0.0,3.0,0.0,100.0,0,573,Premium
C00228,At-Risk,279,3,306.12,0,0.0,3.0,0.0,100.0,0,455,Basic
C00229,At-Risk,307,1,104.33,0,0.0,1.0,0.0,100.0,0,320,Basic
C00133,At-Risk,635,4,444.1,0,0.0,3.0,0.25,100.0,0,699,Basic
C03672,At-Risk,507,4,700.11,2,0.0,4.0,0.25,90.0,0,609,Premium
C00132,At-Risk,106,2,98.16000000000001,0,0.0,1.0,0.5,100.0,0,167,Basic
C00131,At-Risk,666,2,283.55,1,0.0,2.0,0.5,80.0,1,752,Trial
C00233,At-Risk,250,3,284.1,1,0.0,3.0,0.3333333333333333,95.0,0,461,Premium
C01839,At-Risk,676,3,531.0799999999999,0,0.0,1.0,0.3333333333333333,100.0,1,913,Trial
C00235,At-Risk,602,1,94.24,0,0.0,1.0,0.0,100.0,1,637,Premium
C00237,At-Risk,539,1,118.46,1,0.0,1.0,0.0,80.0,1,589,Premium
C00130,At-Risk,104,3,309.33,2,0.0,2.0,0.0,90.0,1,217,Trial
C00134,At-Risk,473,2,173.85,0,0.0,1.0,0.5,100.0,0,595,Basic
C04157,At-Risk,296,1,243.03,2,0.0,1.0,0.0,90.0,1,421,Trial
C04810,At-Risk,595,2,215.22000000000003,2,0.0,2.0,0.0,90.0,0,633,Premium
C02847,At-Risk,651,1,189.12,2,0.0,1.0,0.0,80.0,1,698,Basic
C00489,At-Risk,575,4,423.62,1,0.0,4.0,0.5,80.0,0,643,Premium
C01457,At-Risk,351,1,82.17,2,0.0,1.0,0.0,90.0,1,390,Basic
C03961,At-Risk,469,5,257.06,0,0.2,4.0,0.0,100.0,0,514,Premium
C02839,At-Risk,492,4,419.85,0,0.0,3.0,0.5,100.0,0,581,Basic
C04974,At-Risk,542,2,133.16,1,0.0,2.0,0.5,80.0,0,572,Basic
C01764,At-Risk,486,3,337.8,0,0.0,3.0,0.3333333333333333,100.0,0,604,Basic
C01384,At-Risk,275,1,66.21,1,0.0,1.0,0.0,95.0,1,343,Trial
C01906,At-Risk,146,1,115.69,0,0.0,1.0,0.0,100.0,0,313,Basic
C01383,At-Risk,676,2,158.48000000000002,0,0.0,2.0,0.5,100.0,0,707,Basic
C00497,At-Risk,245,3,534.99,0,0.0,3.0,0.3333333333333333,100.0,0,401,Basic
C00038,At-Risk,346,2,224.0,1,0.0,2.0,0.5,95.0,0,436,Trial
C00487,At-Risk,73,3,141.2,1,0.0,3.0,0.0,80.0,0,331,Premium
C02834,At-Risk,244,2,178.93,0,0.0,2.0,0.5,100.0,1,371,Basic
C02833,At-Risk,580,3,423.56000000000006,0,0.0,3.0,0.3333333333333333,100.0,0,594,Trial
C03964,At-Risk,484,3,397.25,0,0.0,3.0,0.3333333333333333,100.0,0,549,Basic
C03965,At-Risk,199,2,207.3,0,0.0,2.0,0.0,100.0,1,371,Trial
C02830,At-Risk,47,1,103.95,1,0.0,1.0,0.0,95.0,1,139,Basic
C00036,At-Risk,556,1,61.66,2,0.0,1.0,0.0,90.0,1,630,Trial
C03102,At-Risk,568,3,260.71000000000004,1,0.0,2.0,0.0,95.0,0,679,Premium
C03103,At-Risk,655,4,436.14,1,0.0,3.0,0.5,95.0,0,831,Premium
C00032,At-Risk,112,3,379.24,1,0.0,3.0,0.3333333333333333,95.0,1,319,Trial
C00031,At-Risk,354,1,104.76,0,0.0,1.0,0.0,100.0,0,590,Basic
C00506,At-Risk,184,1,67.98,1,0.0,1.0,0.0,95.0,0,195,Basic
C01433,At-Risk,576,5,733.14,1,0.0,3.0,0.2,80.0,0,689,Basic
C01907,At-Risk,565,3,373.84,2,0.0,2.0,0.0,90.0,1,740,Premium
C00507,At-Risk,646,2,179.09,2,0.0,2.0,0.0,80.0,1,801,Premium
C01905,At-Risk,271,1,73.47,0,0.0,1.0,0.0,100.0,0,283,Trial
C03300,At-Risk,77,2,213.5,1,0.0,1.0,0.0,95.0,0,157,Premium
C04762,At-Risk,56,2,193.1,2,0.0,2.0,0.5,90.0,1,178,Basic
C00466,At-Risk,59,1,65.25,0,0.0,1.0,0.0,100.0,1,228,Basic
C00467,At-Risk,256,1,56.7,0,0.0,1.0,0.0,100.0,1,329,Basic
C00468,At-Risk,347,1,48.0,1,0.0,1.0,0.0,95.0,1,386,Trial
C00469,At-Risk,574,2,275.27,0,0.0,2.0,0.0,100.0,0,708,Trial
C00056,At-Risk,128,2,174.21,1,0.0,2.0,0.5,95.0,0,255,Basic
C03957,At-Risk,0,2,338.04,0,0.0,2.0,0.0,100.0,0,155,Basic
C04967,At-Risk,250,2,238.1,0,0.0,1.0,0.0,100.0,0,278,Premium
C03958,At-Risk,108,2,220.26,2,0.0,2.0,0.0,80.0,1,182,Basic
C00054,At-Risk,0,1,84.86,1,0.0,1.0,0.0,95.0,1,172,Basic
C01899,At-Risk,615,1,73.44,1,0.0,1.0,0.0,80.0,1,794,Trial
C03841,At-Risk,617,2,222.28,0,0.0,2.0,0.0,100.0,1,769,Basic
C01770,At-Risk,268,1,116.89,1,0.0,1.0,0.0,80.0,0,289,Premium
C00475,At-Risk,570,1,66.46,2,0.0,1.0,0.0,80.0,1,643,Basic
C00380,At-Risk,64,1,97.61,2,0.0,1.0,0.0,80.0,1,365,Trial
C03090,At-Risk,440,1,83.29,1,0.0,1.0,0.0,80.0,1,483,Basic
C00479,At-Risk,398,2,463.83000000000004,0,0.0,2.0,0.5,100.0,0,526,Premium
C00481,At-Risk,142,1,21.27,1,0.0,1.0,0.0,95.0,0,244,Basic
C00482,At-Risk,144,2,75.8,2,0.5,1.0,0.5,90.0,1,179,Basic
C04154,At-Risk,433,1,0.0,0,1.0,0.0,0.0,100.0,1,455,Basic
C03839,At-Risk,591,5,377.69,1,0.0,2.0,0.2,95.0,0,778,Basic
C00045,At-Risk,368,3,260.76,0,0.0,2.0,0.0,100.0,0,500,Premium
C04972,At-Risk,655,2,255.72000000000003,1,0.0,2.0,0.0,80.0,0,720,Basic
C02845,At-Risk,642,5,489.05,0,0.0,3.0,0.4,100.0,0,735,Basic
C03089,At-Risk,524,5,362.2,1,0.0,4.0,0.2,80.0,0,591,Trial
C01909,At-Risk,79,2,216.32999999999998,2,0.0,2.0,0.0,90.0,1,241,Trial
C00509,At-Risk,440,2,162.66000000000003,1,0.0,2.0,0.5,95.0,0,448,Premium
C03844,At-Risk,587,5,506.62,0,0.0,4.0,0.2,100.0,0,679,Premium
C01749,At-Risk,56,2,232.31,1,0.0,2.0,0.5,80.0,1,204,Trial
C00536,At-Risk,438,2,342.27,0,0.0,2.0,0.0,100.0,0,493,Basic
C01748,At-Risk,535,3,326.57,1,0.0,2.0,0.3333333333333333,95.0,0,557,Basic
C04731,At-Risk,181,1,29.84,0,0.0,1.0,0.0,100.0,0,233,Basic
C02810,At-Risk,265,2,318.03999999999996,2,0.0,2.0,0.0,90.0,1,673,Basic
C00010,At-Risk,122,2,125.42,1,0.0,2.0,0.5,80.0,0,153,Basic
C03311,At-Risk,576,5,323.61,0,0.2,3.0,0.2,100.0,0,695,Premium
C04728,At-Risk,81,1,97.55,1,0.0,1.0,0.0,80.0,1,176,Basic
C03118,At-Risk,592,5,456.29,2,0.0,2.0,0.4,80.0,0,697,Basic
C00543,At-Risk,0,1,138.1,1,0.0,1.0,0.0,95.0,0,131,Basic
C03131,At-Risk,490,2,159.99,2,0.0,1.0,0.5,90.0,1,657,Basic
C04996,At-Risk,622,3,387.30999999999995,1,0.0,3.0,0.3333333333333333,95.0,1,737,Trial
C03642,At-Risk,635,2,170.76,2,0.0,2.0,0.5,80.0,1,828,Basic
C00005,At-Risk,125,2,228.62,1,0.0,2.0,0.5,95.0,0,232,Premium
C04726,At-Risk,208,2,184.73000000000002,0,0.0,1.0,0.5,100.0,0,227,Basic
C04725,At-Risk,499,3,325.26,0,0.0,3.0,0.0,100.0,0,650,Premium
C03668,At-Risk,533,4,345.38,0,0.25,2.0,0.25,100.0,0,736,Basic
C04722,At-Risk,112,2,139.9,2,0.0,1.0,0.0,90.0,1,210,Trial
C02805,At-Risk,346,2,116.00999999999999,0,0.0,1.0,0.0,100.0,1,573,Basic
C00003,At-Risk,132,1,50.23,0,0.0,1.0,0.0,100.0,0,146,Basic
C02804,At-Risk,408,2,379.43,0,0.0,2.0,0.0,100.0,1,562,Basic
C00555,At-Risk,654,3,351.85,0,0.0,2.0,0.0,100.0,0,816,Premium
C02227,At-Risk,561,5,735.51,2,0.0,3.0,0.2,80.0,1,675,Basic
C04191,At-Risk,611,6,619.98,1,0.0,4.0,0.5,80.0,0,910,Premium
C00547,At-Risk,639,1,197.12,2,0.0,1.0,0.0,90.0,1,737,Premium
C03776,At-Risk,409,2,224.63,1,0.0,2.0,0.0,80.0,0,486,Basic
C04738,At-Risk,454,5,394.13,2,0.0,5.0,0.0,90.0,0,611,Basic
C03116,At-Risk,303,1,62.53,0,0.0,1.0,0.0,100.0,1,414,Trial
C01759,At-Risk,626,2,273.06,1,0.0,1.0,0.5,80.0,0,1035,Basic
C02019,At-Risk,263,2,121.35,1,0.0,2.0,0.5,95.0,1,321,Basic
C04983,At-Risk,372,1,113.31,2,0.0,1.0,0.0,90.0,1,386,Basic
C04184,At-Risk,634,3,152.96,0,0.3333333333333333,2.0,0.0,100.0,0,817,Basic
C00515,At-Risk,673,4,519.86,1,0.0,3.0,0.5,95.0,0,772,Premium
C01930,At-Risk,507,2,205.07999999999998,0,0.0,2.0,0.0,100.0,0,587,Premium
C01912,At-Risk,508,1,96.09,1,0.0,1.0,0.0,95.0,0,734,Premium
C04742,At-Risk,564,1,111.97,1,0.0,1.0,0.0,80.0,0,667,Premium
C00022,At-Risk,479,2,156.75,0,0.0,2.0,0.5,100.0,1,529,Basic
C01755,At-Risk,296,2,169.69,1,0.0,2.0,0.5,95.0,1,420,Basic
C02263,At-Risk,263,1,164.45,1,0.0,1.0,0.0,80.0,1,374,Premium
C01913,At-Risk,388,1,93.56,0,0.0,1.0,0.0,100.0,1,431,Basic
C00522,At-Risk,462,6,461.69,2,0.0,3.0,0.3333333333333333,80.0,0,592,Basic
C00523,At-Risk,603,1,152.24,1,0.0,1.0,0.0,80.0,0,605,Basic
C01434,At-Risk,340,1,111.85,1,0.0,1.0,0.0,95.0,1,388,Basic
C00525,At-Risk,422,3,413.13,1,0.0,3.0,0.0,80.0,1,462,Basic
C03970,At-Risk,169,1,108.52,2,0.0,1.0,0.0,80.0,1,169,Premium
C04188,At-Risk,221,2,150.64,2,0.0,1.0,0.5,90.0,1,377,Premium
C04986,At-Risk,0,1,77.65,0,0.0,1.0,0.0,100.0,0,127,Premium
C00529,At-Risk,256,3,433.38,0,0.0,3.0,0.0,100.0,1,513,Trial
C03111,At-Risk,637,2,212.60000000000002,1,0.0,2.0,0.0,95.0,0,784,Basic
C03112,At-Risk,546,1,80.61,1,0.0,1.0,0.0,95.0,1,657,Basic
C04994,At-Risk,550,4,302.7,0,0.0,3.0,0.25,100.0,0,615,Premium
C01926,At-Risk,417,2,403.22,0,0.0,2.0,0.0,100.0,0,499,Premium
C00531,At-Risk,525,4,722.6600000000001,1,0.0,3.0,0.0,95.0,0,621,Basic
C03292,At-Risk,121,1,56.18,0,0.0,1.0,0.0,100.0,1,151,Basic
C03291,At-Risk,362,2,220.26,1,0.0,1.0,0.0,80.0,0,408,Basic
C04160,At-Risk,156,2,241.05,1,0.0,1.0,0.0,95.0,1,190,Basic
C02890,At-Risk,214,2,335.39,0,0.0,2.0,0.0,100.0,1,364,Basic
C04179,At-Risk,202,1,154.78,2,0.0,1.0,0.0,80.0,1,380,Basic
C01780,At-Risk,585,2,84.07,1,0.0,2.0,0.0,80.0,1,640,Basic
C00401,At-Risk,222,1,69.35,2,0.0,1.0,0.0,90.0,1,381,Basic
C00428,At-Risk,463,3,542.71,0,0.0,3.0,0.0,100.0,0,548,Trial
C00429,At-Risk,112,1,39.61,0,0.0,1.0,0.0,100.0,0,256,Premium
C02232,At-Risk,295,1,74.66,0,0.0,1.0,0.0,100.0,0,304,Premium
C03277,At-Risk,638,1,158.13,2,0.0,1.0,0.0,90.0,1,834,Basic
C00430,At-Risk,490,3,428.0,0,0.0,3.0,0.3333333333333333,100.0,0,516,Basic
C03284,At-Risk,523,3,462.13,0,0.0,3.0,0.0,100.0,0,551,Premium
C04945,At-Risk,106,1,28.53,0,0.0,1.0,0.0,100.0,1,185,Trial
C02261,At-Risk,647,2,170.35999999999999,2,0.0,2.0,0.5,90.0,0,659,Basic
C03081,At-Risk,594,4,527.3,0,0.0,3.0,0.0,100.0,0,786,Premium
C02258,At-Risk,335,2,389.74,1,0.0,2.0,0.0,95.0,0,552,Premium
C00435,At-Risk,502,2,174.83999999999997,0,0.0,1.0,0.5,100.0,0,538,Premium
C00436,At-Risk,0,1,94.54,0,0.0,1.0,0.0,100.0,1,154,Basic
C03870,At-Risk,666,3,227.53,0,0.0,2.0,0.3333333333333333,100.0,0,737,Basic
C00437,At-Risk,198,1,111.19,1,0.0,1.0,0.0,80.0,0,299,Basic
C00438,At-Risk,140,2,223.35,0,0.0,1.0,0.5,100.0,1,268,Premium
C00431,At-Risk,532,2,178.69,1,0.0,2.0,0.0,80.0,1,601,Trial
C02873,At-Risk,85,1,41.7,2,0.0,1.0,0.0,80.0,1,187,Basic
C02212,At-Risk,641,5,412.85,0,0.0,5.0,0.2,100.0,0,801,Basic
C04782,At-Risk,459,3,393.64,0,0.0,3.0,0.3333333333333333,100.0,0,557,Basic
C03947,At-Risk,637,1,53.78,1,0.0,1.0,0.0,80.0,1,670,Basic
C02003,At-Risk,0,2,195.57999999999998,0,0.0,2.0,0.0,100.0,0,123,Basic
C02879,At-Risk,76,2,115.33,2,0.0,2.0,0.0,90.0,1,240,Trial
C04790,At-Risk,515,1,51.02,2,0.0,1.0,0.0,80.0,1,659,Premium
C03835,At-Risk,474,1,106.46,1,0.0,1.0,0.0,80.0,1,474,Basic
C03838,At-Risk,150,2,265.5,0,0.0,1.0,0.0,100.0,1,360,Basic
C04791,At-Risk,587,3,324.62,2,0.0,3.0,0.3333333333333333,80.0,1,770,Trial
C01785,At-Risk,103,1,87.61,2,0.0,1.0,0.0,90.0,0,151,Basic
C01893,At-Risk,127,2,117.41999999999999,1,0.0,2.0,0.0,95.0,0,143,Basic
C02004,At-Risk,392,2,70.27,1,0.5,1.0,0.0,80.0,1,705,Premium
C04788,At-Risk,163,1,102.86,2,0.0,1.0,0.0,80.0,1,330,Basic
C02882,At-Risk,638,5,503.19,0,0.0,5.0,0.0,100.0,0,769,Basic
C00074,At-Risk,308,2,258.03,1,0.0,2.0,0.0,80.0,1,485,Trial
C00419,At-Risk,581,5,318.45,1,0.2,3.0,0.0,80.0,0,672,Premium
C03290,At-Risk,202,1,147.15,2,0.0,1.0,0.0,90.0,1,360,Trial
C03674,At-Risk,642,1,71.07,1,0.0,1.0,0.0,80.0,0,645,Premium
C04783,At-Risk,594,2,254.70999999999998,0,0.0,2.0,0.5,100.0,0,777,Basic
C03282,At-Risk,283,1,49.38,0,0.0,1.0,0.0,100.0,0,300,Basic
C02885,At-Risk,302,1,94.71,0,0.0,1.0,0.0,100.0,0,303,Basic
C00395,At-Risk,598,3,146.24,2,0.0,3.0,0.3333333333333333,90.0,1,761,Trial
C03955,At-Risk,348,1,87.95,1,0.0,1.0,0.0,95.0,1,352,Trial
C00408,At-Risk,120,2,155.05,0,0.0,1.0,0.0,100.0,0,210,Trial
C00447,At-Risk,554,5,518.18,0,0.0,4.0,0.2,100.0,0,681,Basic
C00385,At-Risk,553,3,439.88,0,0.0,2.0,0.3333333333333333,100.0,1,726,Basic
C02859,At-Risk,666,2,128.28,0,0.0,2.0,0.5,100.0,0,730,Premium
C00391,At-Risk,479,3,221.72,1,0.0,3.0,0.3333333333333333,80.0,0,515,Basic
C01429,At-Risk,473,2,150.53,1,0.0,2.0,0.5,95.0,0,498,Premium
C01394,At-Risk,492,3,301.31,0,0.0,3.0,0.0,100.0,1,686,Trial
C03944,At-Risk,652,2,186.82,2,0.0,1.0,0.5,80.0,0,812,Trial
C04766,At-Risk,555,5,310.75,0,0.2,3.0,0.2,100.0,0,754,Premium
C03868,At-Risk,270,2,262.5,0,0.0,2.0,0.0,100.0,1,283,Premium
C00440,At-Risk,609,1,153.84,1,0.0,1.0,0.0,80.0,1,614,Premium
C04800,At-Risk,512,5,497.8,1,0.0,3.0,0.4,95.0,0,627,Trial
C00451,At-Risk,223,1,97.29,1,0.0,1.0,0.0,80.0,1,234,Trial
C03272,At-Risk,537,2,250.82,1,0.0,2.0,0.0,95.0,0,616,Basic
C02861,At-Risk,540,3,209.71,1,0.0,3.0,0.0,80.0,0,574,Premium
C00454,At-Risk,654,3,281.82,0,0.0,2.0,0.3333333333333333,100.0,0,832,Basic
C02893,At-Risk,0,1,131.13,1,0.0,1.0,0.0,80.0,1,200,Basic
C04963,At-Risk,283,1,51.04,2,0.0,1.0,0.0,90.0,1,304,Premium
C03786,At-Risk,0,1,63.1,0,0.0,1.0,0.0,100.0,1,124,Basic
C01796,At-Risk,607,3,315.08,2,0.0,3.0,0.0,80.0,1,852,Basic
C01797,At-Risk,252,1,140.28,2,0.0,1.0,0.0,90.0,1,278,Trial
C00459,At-Risk,469,1,57.98,2,0.0,1.0,0.0,80.0,1,542,Basic
C04769,At-Risk,508,1,72.77,2,0.0,1.0,0.0,90.0,1,530,Basic
C01943,At-Risk,581,4,427.43,0,0.0,4.0,0.25,100.0,0,668,Basic
C02257,At-Risk,554,3,208.28,0,0.0,3.0,0.0,100.0,0,729,Basic
C03288,At-Risk,70,2,182.82,1,0.0,2.0,0.5,80.0,1,142,Basic
C01794,At-Risk,515,2,454.25,1,0.0,2.0,0.0,95.0,1,629,Basic
C03073,At-Risk,213,1,117.56,1,0.0,1.0,0.0,80.0,1,228,Basic
C00458,At-Risk,524,2,189.82999999999998,2,0.0,2.0,0.0,80.0,1,559,Basic
C00393,At-Risk,283,3,235.56,0,0.0,2.0,0.3333333333333333,100.0,0,508,Basic
C00066,At-Risk,389,3,409.59,1,0.0,2.0,0.3333333333333333,80.0,0,461,Basic
C02866,At-Risk,72,2,263.53999999999996,2,0.0,2.0,0.0,90.0,1,178,Basic
C00394,At-Risk,99,3,506.45,2,0.0,3.0,0.0,80.0,1,261,Basic
C01388,At-Risk,665,2,71.98,1,0.5,1.0,0.0,80.0,0,785,Basic
C01928,Discount-Sensitive,523,2,361.18,0,0.0,2.0,1.0,100.0,0,635,Basic
C03035,Discount-Sensitive,575,1,103.18,2,0.0,1.0,1.0,80.0,1,722,Trial
C01166,Discount-Sensitive,312,1,174.6,2,0.0,1.0,1.0,90.0,1,341,Basic
C03064,Discount-Sensitive,570,5,463.54999999999995,0,0.0,2.0,0.6,100.0,0,669,Basic
C02408,Discount-Sensitive,217,1,138.22,1,0.0,1.0,1.0,80.0,1,237,Trial
C01099,Discount-Sensitive,396,2,286.9,0,0.0,2.0,1.0,100.0,1,526,Trial
C02394,Discount-Sensitive,24,2,163.01,1,0.0,2.0,1.0,80.0,0,124,Basic
C01280,Discount-Sensitive,578,1,136.94,1,0.0,1.0,1.0,80.0,1,579,Trial
C00154,Discount-Sensitive,166,1,52.68,0,0.0,1.0,1.0,100.0,0,172,Basic
C02220,Discount-Sensitive,322,1,148.08,1,0.0,1.0,1.0,80.0,1,617,Basic
C04242,Discount-Sensitive,117,1,70.19,1,0.0,1.0,1.0,80.0,1,141,Basic
C03133,Discount-Sensitive,378,2,150.56,2,0.0,1.0,1.0,90.0,0,480,Basic
C02346,Discount-Sensitive,607,3,204.22,0,0.0,3.0,0.6666666666666666,100.0,0,649,Basic
C04082,Discount-Sensitive,633,1,93.06,1,0.0,1.0,1.0,95.0,0,638,Trial
C01889,Discount-Sensitive,201,2,308.77,2,0.0,2.0,1.0,90.0,1,455,Basic
C03695,Discount-Sensitive,609,2,365.44,1,0.0,2.0,1.0,95.0,1,717,Trial
C03853,Discount-Sensitive,64,1,50.08,1,0.0,1.0,1.0,95.0,0,128,Basic
C02339,Discount-Sensitive,35,1,101.0,1,0.0,1.0,1.0,80.0,1,185,Basic
C03830,Discount-Sensitive,667,5,391.73,2,0.0,3.0,0.6,90.0,0,912,Basic
C02405,Discount-Sensitive,634,2,351.98,1,0.0,2.0,1.0,80.0,1,733,Basic
C02184,Discount-Sensitive,641,3,302.94,0,0.0,3.0,0.6666666666666666,100.0,0,777,Premium
C03894,Discount-Sensitive,554,5,290.76,0,0.0,5.0,0.8,100.0,0,661,Premium
C02340,Discount-Sensitive,345,1,142.66,1,0.0,1.0,1.0,95.0,1,393,Trial
C00148,Discount-Sensitive,398,1,115.24,2,0.0,1.0,1.0,90.0,1,613,Premium
C04081,Discount-Sensitive,668,1,137.09,1,0.0,1.0,1.0,95.0,1,752,Basic
C01190,Discount-Sensitive,454,4,405.33,0,0.0,3.0,0.75,100.0,0,800,Basic
C02236,Discount-Sensitive,497,1,98.67,0,0.0,1.0,1.0,100.0,1,520,Basic
C01287,Discount-Sensitive,442,1,148.35,2,0.0,1.0,1.0,90.0,1,706,Premium
C01091,Discount-Sensitive,428,2,143.85,0,0.0,2.0,1.0,100.0,1,533,Basic
C01938,Discount-Sensitive,368,1,57.8,2,0.0,1.0,1.0,80.0,1,394,Basic
C01255,Discount-Sensitive,265,1,181.52,0,0.0,1.0,1.0,100.0,1,289,Basic
C03183,Discount-Sensitive,455,1,84.0,2,0.0,1.0,1.0,90.0,1,584,Trial
C04959,Discount-Sensitive,426,2,123.13,1,0.0,2.0,1.0,95.0,0,464,Basic
C03665,Discount-Sensitive,598,1,68.16,0,0.0,1.0,1.0,100.0,0,748,Premium
C00121,Discount-Sensitive,376,2,347.08,2,0.0,2.0,1.0,80.0,1,413,Premium
C01228,Discount-Sensitive,444,1,67.71,0,0.0,1.0,1.0,100.0,0,452,Basic
C03047,Discount-Sensitive,525,1,37.38,2,0.0,1.0,1.0,80.0,0,548,Basic
C01541,Discount-Sensitive,268,1,72.89,2,0.0,1.0,1.0,80.0,1,337,Trial
C03573,Discount-Sensitive,676,2,238.3,0,0.0,2.0,1.0,100.0,0,733,Premium
C00049,Discount-Sensitive,317,1,66.13,0,0.0,1.0,1.0,100.0,1,321,Trial
C03869,Discount-Sensitive,468,3,317.46000000000004,0,0.0,3.0,0.6666666666666666,100.0,0,582,Trial
C04356,Discount-Sensitive,503,1,83.37,0,0.0,1.0,1.0,100.0,0,545,Basic
C03048,Discount-Sensitive,71,1,179.05,0,0.0,1.0,1.0,100.0,0,208,Premium
C01224,Discount-Sensitive,432,1,153.83,1,0.0,1.0,1.0,95.0,1,505,Trial
C02427,Discount-Sensitive,524,3,369.85,0,0.0,3.0,0.6666666666666666,100.0,0,631,Basic
C04961,Discount-Sensitive,499,1,118.12,1,0.0,1.0,1.0,95.0,1,689,Basic
C03544,Discount-Sensitive,177,1,58.09,2,0.0,1.0,1.0,80.0,1,250,Premium
C02175,Discount-Sensitive,219,1,70.3,0,0.0,1.0,1.0,100.0,1,233,Basic
C02375,Discount-Sensitive,646,3,296.72,0,0.0,3.0,0.6666666666666666,100.0,0,710,Premium
C01878,Discount-Sensitive,212,1,109.72,2,0.0,1.0,1.0,90.0,1,246,Basic
C00057,Discount-Sensitive,606,3,415.71000000000004,0,0.0,3.0,0.6666666666666666,100.0,0,711,Premium
C01295,Discount-Sensitive,497,3,494.04,2,0.0,2.0,0.6666666666666666,90.0,1,577,Basic
C03152,Discount-Sensitive,9,2,182.24,0,0.0,2.0,1.0,100.0,0,209,Premium
C03172,Discount-Sensitive,616,4,445.70000000000005,2,0.0,2.0,0.75,80.0,0,672,Basic
C04110,Discount-Sensitive,420,2,116.43,0,0.0,2.0,1.0,100.0,0,496,Trial
C02431,Discount-Sensitive,385,1,184.52,1,0.0,1.0,1.0,95.0,1,552,Trial
C02379,Discount-Sensitive,124,1,202.61,1,0.0,1.0,1.0,80.0,1,149,Premium
C02185,Discount-Sensitive,320,1,40.09,1,0.0,1.0,1.0,95.0,1,377,Premium
C04932,Discount-Sensitive,0,1,98.79,2,0.0,1.0,1.0,90.0,1,312,Basic
C04289,Discount-Sensitive,482,2,416.84000000000003,0,0.0,2.0,1.0,100.0,0,583,Premium
C02443,Discount-Sensitive,320,1,61.9,0,0.0,1.0,1.0,100.0,0,334,Premium
C01263,Discount-Sensitive,31,2,150.27,2,0.0,2.0,1.0,80.0,1,129,Trial
C02458,Discount-Sensitive,143,1,124.51,0,0.0,1.0,1.0,100.0,1,187,Trial
C03521,Discount-Sensitive,627,7,883.01,2,0.0,3.0,0.7142857142857143,90.0,0,728,Basic
C01492,Discount-Sensitive,435,1,64.46,1,0.0,1.0,1.0,95.0,0,592,Premium
C04955,Discount-Sensitive,388,2,205.71999999999997,0,0.0,2.0,1.0,100.0,0,427,Basic
C01157,Discount-Sensitive,209,1,46.69,0,0.0,1.0,1.0,100.0,0,282,Trial
C00025,Discount-Sensitive,142,3,339.79999999999995,0,0.0,3.0,1.0,100.0,0,194,Basic
C01954,Discount-Sensitive,551,1,118.48,2,0.0,1.0,1.0,90.0,1,758,Basic
C04984,Discount-Sensitive,513,1,56.6,1,0.0,1.0,1.0,80.0,1,585,Premium
C02147,Discount-Sensitive,516,5,343.87,0,0.2,4.0,0.8,100.0,0,679,Premium
C04345,Discount-Sensitive,82,1,40.07,0,0.0,1.0,1.0,100.0,1,203,Trial
C01198,Discount-Sensitive,273,1,128.0,2,0.0,1.0,1.0,80.0,1,351,Basic
C03698,Discount-Sensitive,665,1,52.98,0,0.0,1.0,1.0,100.0,0,759,Basic
C02158,Discount-Sensitive,118,2,209.36,1,0.0,2.0,1.0,80.0,0,183,Premium
C04976,Discount-Sensitive,227,2,167.17000000000002,1,0.0,2.0,1.0,95.0,0,338,Basic
C01150,Discount-Sensitive,502,5,484.31,0,0.0,3.0,0.6,100.0,0,589,Premium
C04934,Discount-Sensitive,504,3,295.06,1,0.0,1.0,0.6666666666666666,95.0,0,619,Basic
C02446,Discount-Sensitive,263,1,50.59,2,0.0,1.0,1.0,90.0,1,324,Premium
C02361,Discount-Sensitive,575,1,82.99,1,0.0,1.0,1.0,80.0,1,598,Trial
C03550,Discount-Sensitive,237,1,46.45,0,0.0,1.0,1.0,100.0,0,352,Premium
C02362,Discount-Sensitive,467,5,482.39,0,0.0,2.0,0.6,100.0,0,676,Basic
C04311,Discount-Sensitive,246,1,68.31,0,0.0,1.0,1.0,100.0,1,261,Trial
C04353,Discount-Sensitive,527,1,185.54,1,0.0,1.0,1.0,95.0,1,814,Trial
C04958,Discount-Sensitive,100,2,189.05,0,0.0,2.0,1.0,100.0,1,187,Trial
C04089,Discount-Sensitive,556,1,207.31,2,0.0,1.0,1.0,90.0,1,796,Basic
C03144,Discount-Sensitive,625,3,343.5,1,0.0,3.0,0.6666666666666666,95.0,0,782,Basic
C01252,Discount-Sensitive,488,3,289.58,1,0.0,2.0,0.6666666666666666,95.0,0,697,Basic
C02399,Discount-Sensitive,489,2,210.35999999999999,0,0.0,2.0,1.0,100.0,0,589,Basic
C03653,Discount-Sensitive,175,1,102.67,0,0.0,1.0,1.0,100.0,1,352,Basic
C00166,Discount-Sensitive,380,1,45.9,2,0.0,1.0,1.0,90.0,0,441,Trial
C00707,Discount-Sensitive,419,1,44.55,2,0.0,1.0,1.0,90.0,1,551,Basic
C01773,Discount-Sensitive,597,2,248.17,0,0.0,1.0,1.0,100.0,0,687,Basic
C00462,Discount-Sensitive,348,1,32.7,0,0.0,1.0,1.0,100.0,1,392,Basic
C00699,Discount-Sensitive,178,1,109.98,0,0.0,1.0,1.0,100.0,1,227,Trial
C02854,Discount-Sensitive,596,4,377.78000000000003,2,0.0,2.0,0.75,90.0,1,1089,Basic
C03360,Discount-Sensitive,616,5,506.15,0,0.0,3.0,0.6,100.0,0,682,Premium
C00690,Discount-Sensitive,0,1,134.93,2,0.0,1.0,1.0,80.0,1,132,Trial
C01696,Discount-Sensitive,563,3,470.87,2,0.0,3.0,0.6666666666666666,80.0,0,658,Premium
C04640,Discount-Sensitive,139,1,139.95,2,0.0,1.0,1.0,90.0,1,429,Premium
C00686,Discount-Sensitive,174,1,130.68,2,0.0,1.0,1.0,80.0,1,180,Basic
C02701,Discount-Sensitive,345,1,66.84,1,0.0,1.0,1.0,80.0,1,363,Basic
C00472,Discount-Sensitive,202,2,236.54000000000002,0,0.0,2.0,1.0,100.0,0,211,Basic
C00476,Discount-Sensitive,498,2,163.31,1,0.0,2.0,1.0,80.0,0,544,Basic
C02846,Discount-Sensitive,457,5,521.55,0,0.0,3.0,0.6,100.0,0,630,Basic
C04757,Discount-Sensitive,629,2,282.39,1,0.0,1.0,1.0,80.0,1,676,Basic
C00672,Discount-Sensitive,536,3,291.58000000000004,0,0.0,2.0,1.0,100.0,0,643,Basic
C04755,Discount-Sensitive,546,1,117.77,1,0.0,1.0,1.0,95.0,1,677,Premium
C04649,Discount-Sensitive,531,3,168.07,0,0.0,2.0,0.6666666666666666,100.0,0,614,Basic
C02208,Discount-Sensitive,375,1,149.2,1,0.0,1.0,1.0,80.0,1,796,Basic
C00668,Discount-Sensitive,529,1,174.94,0,0.0,1.0,1.0,100.0,1,610,Premium
C03301,Discount-Sensitive,210,1,67.58,0,0.0,1.0,1.0,100.0,0,252,Premium
C04655,Discount-Sensitive,118,1,61.4,1,0.0,1.0,1.0,95.0,1,149,Trial
C04181,Discount-Sensitive,447,1,193.76,0,0.0,1.0,1.0,100.0,0,461,Basic
C04182,Discount-Sensitive,613,4,401.63,0,0.0,4.0,0.75,100.0,0,668,Basic
C00450,Discount-Sensitive,529,3,351.96000000000004,0,0.0,3.0,1.0,100.0,0,578,Basic
C00449,Discount-Sensitive,652,3,369.15,2,0.0,2.0,0.6666666666666666,80.0,1,880,Basic
C00379,Discount-Sensitive,655,1,128.0,1,0.0,1.0,1.0,95.0,1,824,Basic
C03946,Discount-Sensitive,88,1,102.66,0,0.0,1.0,1.0,100.0,1,452,Basic
C02662,Discount-Sensitive,503,3,365.34,2,0.0,2.0,0.6666666666666666,90.0,0,610,Premium
C04593,Discount-Sensitive,0,1,120.64,2,0.0,1.0,1.0,80.0,1,157,Basic
C02887,Discount-Sensitive,165,1,53.05,2,0.0,1.0,1.0,80.0,1,226,Trial
C00400,Discount-Sensitive,645,3,302.3,0,0.0,3.0,0.6666666666666666,100.0,0,780,Premium
C01789,Discount-Sensitive,18,1,50.27,0,0.0,1.0,1.0,100.0,1,271,Premium
C00407,Discount-Sensitive,566,3,358.63,0,0.0,3.0,0.6666666666666666,100.0,0,586,Premium
C02672,Discount-Sensitive,634,1,108.5,1,0.0,1.0,1.0,80.0,0,703,Premium
C00413,Discount-Sensitive,351,1,99.01,2,0.0,1.0,1.0,90.0,1,523,Premium
C00715,Discount-Sensitive,451,3,193.56,2,0.0,2.0,0.6666666666666666,80.0,0,578,Basic
C04014,Discount-Sensitive,292,1,97.3,0,0.0,1.0,1.0,100.0,1,747,Basic
C00416,Discount-Sensitive,153,1,119.68,2,0.0,1.0,1.0,90.0,1,428,Basic
C02073,Discount-Sensitive,623,5,420.67,2,0.0,2.0,0.6,90.0,0,754,Premium
C02687,Discount-Sensitive,174,1,189.17,2,0.0,1.0,1.0,90.0,1,190,Premium
C04773,Discount-Sensitive,287,1,105.15,0,0.0,1.0,1.0,100.0,0,356,Basic
C03953,Discount-Sensitive,73,2,195.21,1,0.0,2.0,1.0,80.0,0,189,Premium
C04131,Discount-Sensitive,82,2,93.35,0,0.0,2.0,1.0,100.0,0,303,Basic
C00724,Discount-Sensitive,138,1,87.83,1,0.0,1.0,1.0,80.0,1,238,Basic
C02863,Discount-Sensitive,308,1,129.57,0,0.0,1.0,1.0,100.0,1,475,Basic
C01775,Discount-Sensitive,445,1,58.5,1,0.0,1.0,1.0,95.0,1,768,Basic
C00448,Discount-Sensitive,355,1,90.41,1,0.0,1.0,1.0,95.0,0,548,Basic
C03948,Discount-Sensitive,388,1,141.77,1,0.0,1.0,1.0,80.0,1,392,Basic
C00797,Discount-Sensitive,503,5,351.38,0,0.0,3.0,0.6,100.0,0,587,Basic
C01709,Discount-Sensitive,480,1,84.25,1,0.0,1.0,1.0,95.0,1,490,Trial
C03346,Discount-Sensitive,507,1,118.31,2,0.0,1.0,1.0,90.0,1,561,Premium
C04198,Discount-Sensitive,459,3,373.22,1,0.0,2.0,0.6666666666666666,95.0,1,475,Trial
C01370,Discount-Sensitive,0,1,48.75,1,0.0,1.0,1.0,80.0,1,178,Basic
C02778,Discount-Sensitive,558,1,96.19,1,0.0,1.0,1.0,95.0,1,620,Trial
C02816,Discount-Sensitive,628,4,304.65999999999997,1,0.0,3.0,0.75,95.0,0,766,Basic
C02271,Discount-Sensitive,569,3,380.02,2,0.3333333333333333,2.0,0.6666666666666666,90.0,0,681,Basic
C00597,Discount-Sensitive,167,1,83.05,2,0.0,1.0,1.0,90.0,1,168,Basic
C00595,Discount-Sensitive,510,3,216.24,0,0.0,3.0,0.6666666666666666,100.0,0,563,Basic
C04736,Discount-Sensitive,457,1,148.26,2,0.0,1.0,1.0,90.0,1,497,Basic
C04700,Discount-Sensitive,418,1,0.0,0,1.0,0.0,1.0,100.0,1,425,Basic
C02788,Discount-Sensitive,264,1,0.0,1,1.0,0.0,1.0,80.0,1,300,Premium
C04739,Discount-Sensitive,56,2,196.12,0,0.0,2.0,1.0,100.0,0,211,Basic
C00583,Discount-Sensitive,128,1,102.01,2,0.0,1.0,1.0,80.0,1,154,Premium
C03322,Discount-Sensitive,0,2,56.78,2,0.5,1.0,1.0,90.0,1,153,Basic
C01738,Discount-Sensitive,73,2,292.01,0,0.0,1.0,1.0,100.0,0,135,Trial
C00544,Discount-Sensitive,490,3,377.56,0,0.0,2.0,0.6666666666666666,100.0,0,601,Basic
C01746,Discount-Sensitive,549,3,256.92,1,0.0,3.0,0.6666666666666666,95.0,0,693,Trial
C01740,Discount-Sensitive,213,1,107.93,1,0.0,1.0,1.0,95.0,1,227,Premium
C00548,Discount-Sensitive,479,3,353.28,1,0.0,1.0,0.6666666666666666,95.0,1,545,Premium
C00568,Discount-Sensitive,286,1,76.24,1,0.0,1.0,1.0,95.0,1,400,Basic
C03314,Discount-Sensitive,660,3,169.53,0,0.3333333333333333,2.0,1.0,100.0,0,716,Basic
C03772,Discount-Sensitive,625,5,404.13,0,0.0,4.0,0.8,100.0,0,763,Basic
C00561,Discount-Sensitive,345,2,198.47,0,0.0,2.0,1.0,100.0,0,394,Basic
C02790,Discount-Sensitive,650,5,382.15,0,0.0,2.0,0.8,100.0,0,719,Premium
C01765,Discount-Sensitive,557,1,203.88,2,0.0,1.0,1.0,90.0,1,646,Basic
C01753,Discount-Sensitive,579,5,405.37,0,0.0,3.0,0.6,100.0,0,746,Basic
C00612,Discount-Sensitive,581,1,163.32,0,0.0,1.0,1.0,100.0,1,603,Trial
C00652,Discount-Sensitive,438,1,158.72,1,0.0,1.0,1.0,80.0,1,492,Trial
C00649,Discount-Sensitive,0,1,145.7,1,0.0,1.0,1.0,80.0,1,377,Basic
C04200,Discount-Sensitive,594,3,108.25,0,0.3333333333333333,2.0,0.6666666666666666,100.0,0,767,Basic
C00500,Discount-Sensitive,482,4,253.06,0,0.0,4.0,0.75,100.0,0,563,Premium
C00643,Discount-Sensitive,665,5,337.29,1,0.0,5.0,0.6,80.0,0,735,Premium
C04668,Discount-Sensitive,496,3,243.82,0,0.0,3.0,0.6666666666666666,100.0,0,661,Basic
C00504,Discount-Sensitive,312,3,312.74,1,0.0,2.0,0.6666666666666666,95.0,1,624,Basic
C02829,Discount-Sensitive,462,1,130.92,0,0.0,1.0,1.0,100.0,0,557,Basic
C02749,Discount-Sensitive,180,1,76.73,0,0.0,1.0,1.0,100.0,1,330,Trial
C00636,Discount-Sensitive,359,1,106.73,0,0.0,1.0,1.0,100.0,1,418,Trial
C02821,Discount-Sensitive,357,2,119.17,1,0.0,1.0,1.0,80.0,1,540,Trial
C01462,Discount-Sensitive,468,3,327.71000000000004,0,0.0,2.0,0.6666666666666666,100.0,0,503,Premium
C00631,Discount-Sensitive,457,4,540.8499999999999,2,0.0,2.0,0.75,90.0,0,513,Premium
C00508,Discount-Sensitive,680,3,144.88,1,0.3333333333333333,2.0,0.6666666666666666,95.0,0,821,Premium
C00510,Discount-Sensitive,285,3,294.51,0,0.0,3.0,0.6666666666666666,100.0,0,382,Basic
C02756,Discount-Sensitive,184,2,147.82,0,0.0,2.0,1.0,100.0,1,273,Premium
C03967,Discount-Sensitive,671,5,517.17,0,0.0,4.0,0.6,100.0,0,713,Basic
C02041,Discount-Sensitive,637,5,469.05,0,0.0,3.0,0.8,100.0,0,737,Premium
C00516,Discount-Sensitive,417,3,173.32,0,0.3333333333333333,2.0,0.6666666666666666,100.0,0,453,Premium
C00517,Discount-Sensitive,291,1,66.62,2,0.0,1.0,1.0,90.0,1,348,Trial
C03331,Discount-Sensitive,546,1,173.27,2,0.0,1.0,1.0,80.0,1,603,Premium
C04688,Discount-Sensitive,507,1,104.11,2,0.0,1.0,1.0,80.0,1,636,Basic
C04675,Discount-Sensitive,623,1,115.57,1,0.0,1.0,1.0,95.0,1,801,Premium
C02648,Discount-Sensitive,547,3,222.07999999999998,1,0.0,2.0,1.0,80.0,0,622,Trial
C03403,Discount-Sensitive,565,1,46.62,0,0.0,1.0,1.0,100.0,0,759,Basic
C00808,Discount-Sensitive,125,1,102.91,2,0.0,1.0,1.0,90.0,1,158,Premium
C00222,Discount-Sensitive,649,3,283.53,0,0.0,3.0,0.6666666666666666,100.0,0,767,Premium
C00225,Discount-Sensitive,168,1,47.67,1,0.0,1.0,1.0,95.0,1,363,Trial
C01325,Discount-Sensitive,629,2,226.33999999999997,2,0.0,2.0,1.0,80.0,1,705,Premium
C04460,Discount-Sensitive,607,1,118.92,0,0.0,1.0,1.0,100.0,1,621,Basic
C02116,Discount-Sensitive,658,8,835.88,2,0.0,4.0,0.75,80.0,1,816,Basic
C03207,Discount-Sensitive,544,1,60.24,1,0.0,1.0,1.0,95.0,0,577,Basic
C01838,Discount-Sensitive,483,3,292.09,2,0.0,3.0,0.6666666666666666,90.0,0,647,Trial
C00973,Discount-Sensitive,272,2,192.06,1,0.0,2.0,1.0,80.0,0,289,Premium
C04874,Discount-Sensitive,627,4,214.65,0,0.0,3.0,0.75,100.0,0,672,Basic
C04871,Discount-Sensitive,498,1,72.75,1,0.0,1.0,1.0,80.0,1,555,Premium
C00995,Discount-Sensitive,265,1,147.59,0,0.0,1.0,1.0,100.0,0,270,Basic
C01598,Discount-Sensitive,176,1,296.18,2,0.0,1.0,1.0,80.0,1,440,Basic
C02246,Discount-Sensitive,400,2,234.17999999999998,1,0.0,2.0,1.0,95.0,1,639,Trial
C00960,Discount-Sensitive,515,1,72.4,2,0.0,1.0,1.0,80.0,1,554,Basic
C03461,Discount-Sensitive,514,1,92.75,2,0.0,1.0,1.0,80.0,1,659,Premium
C00253,Discount-Sensitive,614,5,298.90000000000003,1,0.2,4.0,0.6,95.0,0,824,Premium
C00255,Discount-Sensitive,421,3,400.45,1,0.0,2.0,0.6666666666666666,80.0,0,461,Basic
C01830,Discount-Sensitive,127,2,293.77,0,0.0,2.0,1.0,100.0,0,241,Basic
C03222,Discount-Sensitive,552,4,360.86,0,0.0,3.0,0.75,100.0,0,724,Basic
C00942,Discount-Sensitive,499,1,80.05,1,0.0,1.0,1.0,95.0,1,615,Basic
C04031,Discount-Sensitive,629,4,448.48,2,0.0,3.0,0.75,90.0,0,833,Basic
C00271,Discount-Sensitive,0,3,216.75,1,0.0,2.0,0.6666666666666666,80.0,0,154,Premium
C00962,Discount-Sensitive,340,2,118.23,1,0.5,1.0,1.0,95.0,0,607,Premium
C00997,Discount-Sensitive,0,1,34.17,1,0.0,1.0,1.0,80.0,1,165,Basic
C04451,Discount-Sensitive,421,1,72.17,2,0.0,1.0,1.0,90.0,1,467,Basic
C03724,Discount-Sensitive,388,1,64.23,2,0.0,1.0,1.0,90.0,1,434,Premium
C03508,Discount-Sensitive,282,2,155.54,0,0.5,1.0,1.0,100.0,1,444,Trial
C00170,Discount-Sensitive,497,1,189.92,2,0.0,1.0,1.0,90.0,1,510,Trial
C04406,Discount-Sensitive,296,1,56.56,2,0.0,1.0,1.0,90.0,1,298,Basic
C01062,Discount-Sensitive,205,2,173.26999999999998,0,0.0,2.0,1.0,100.0,1,236,Basic
C01564,Discount-Sensitive,312,1,73.38,2,0.0,1.0,1.0,90.0,1,358,Trial
C03504,Discount-Sensitive,526,5,323.41,1,0.0,4.0,0.6,95.0,0,688,Premium
C02484,Discount-Sensitive,590,5,531.1800000000001,0,0.0,3.0,0.6,100.0,0,631,Premium
C00176,Discount-Sensitive,524,1,76.96,1,0.0,1.0,1.0,95.0,1,525,Trial
C04902,Discount-Sensitive,621,1,68.94,0,0.0,1.0,1.0,100.0,1,654,Premium
C01316,Discount-Sensitive,640,2,140.62,0,0.0,2.0,1.0,100.0,1,829,Basic
C04077,Discount-Sensitive,502,3,135.95,0,0.3333333333333333,2.0,0.6666666666666666,100.0,0,552,Premium
C01573,Discount-Sensitive,234,2,257.28,0,0.0,2.0,1.0,100.0,1,305,Basic
C01034,Discount-Sensitive,232,1,157.09,1,0.0,1.0,1.0,80.0,1,423,Premium
C04421,Discount-Sensitive,335,1,134.77,1,0.0,1.0,1.0,95.0,0,436,Basic
C03009,Discount-Sensitive,504,2,214.05,0,0.0,1.0,1.0,100.0,0,602,Premium
C03195,Discount-Sensitive,175,1,51.2,0,0.0,1.0,1.0,100.0,0,261,Basic
C01025,Discount-Sensitive,609,4,326.46,0,0.0,2.0,0.75,100.0,0,806,Trial
C01024,Discount-Sensitive,462,2,134.16,1,0.0,2.0,1.0,95.0,1,570,Trial
C01022,Discount-Sensitive,501,1,42.56,1,0.0,1.0,1.0,95.0,1,531,Basic
C02505,Discount-Sensitive,338,1,43.24,0,0.0,1.0,1.0,100.0,0,378,Basic
C04071,Discount-Sensitive,345,1,170.0,0,0.0,1.0,1.0,100.0,1,450,Basic
C00203,Discount-Sensitive,243,2,323.46000000000004,1,0.0,1.0,1.0,95.0,1,380,Basic
C01847,Discount-Sensitive,448,1,100.33,1,0.0,1.0,1.0,95.0,0,477,Premium
C00272,Discount-Sensitive,553,3,536.64,1,0.0,3.0,0.6666666666666666,95.0,1,577,Premium
C01980,Discount-Sensitive,545,3,256.71,2,0.0,2.0,0.6666666666666666,90.0,1,577,Trial
C04864,Discount-Sensitive,678,1,117.35,1,0.0,1.0,1.0,95.0,1,1003,Basic
C00348,Discount-Sensitive,0,1,0.0,2,1.0,0.0,1.0,90.0,1,195,Basic
C01634,Discount-Sensitive,380,2,183.14999999999998,1,0.0,2.0,1.0,95.0,1,476,Basic
C03425,Discount-Sensitive,676,1,37.65,0,0.0,1.0,1.0,100.0,1,681,Trial
C01636,Discount-Sensitive,176,1,139.81,0,0.0,1.0,1.0,100.0,0,200,Basic
C03809,Discount-Sensitive,434,1,0.0,2,1.0,0.0,1.0,80.0,1,449,Trial
C04858,Discount-Sensitive,306,1,127.18,1,0.0,1.0,1.0,95.0,0,433,Basic
C03423,Discount-Sensitive,57,1,88.34,1,0.0,1.0,1.0,80.0,1,145,Basic
C01341,Discount-Sensitive,563,1,65.31,0,0.0,1.0,1.0,100.0,1,803,Basic
C02626,Discount-Sensitive,48,1,45.56,2,0.0,1.0,1.0,80.0,1,144,Basic
C00351,Discount-Sensitive,204,3,418.76,0,0.0,3.0,0.6666666666666666,100.0,0,486,Premium
C00837,Discount-Sensitive,457,2,132.16,0,0.0,1.0,1.0,100.0,0,612,Premium
C00354,Discount-Sensitive,195,1,85.65,1,0.0,1.0,1.0,95.0,1,195,Trial
C04566,Discount-Sensitive,288,1,44.63,0,0.0,1.0,1.0,100.0,1,370,Basic
C01643,Discount-Sensitive,550,1,156.49,0,0.0,1.0,1.0,100.0,0,589,Trial
C02289,Discount-Sensitive,131,1,164.73,2,0.0,1.0,1.0,80.0,1,293,Basic
C01801,Discount-Sensitive,249,2,69.28,0,0.5,1.0,1.0,100.0,0,321,Basic
C04032,Discount-Sensitive,475,3,425.03000000000003,1,0.0,3.0,0.6666666666666666,95.0,0,516,Basic
C00359,Discount-Sensitive,27,1,45.42,0,0.0,1.0,1.0,100.0,0,135,Premium
C02637,Discount-Sensitive,424,2,135.26,1,0.0,2.0,1.0,95.0,0,427,Basic
C04572,Discount-Sensitive,518,1,42.95,1,0.0,1.0,1.0,80.0,1,670,Trial
C00813,Discount-Sensitive,643,4,434.58,0,0.0,2.0,0.75,100.0,0,689,Premium
C01649,Discount-Sensitive,75,1,64.83,0,0.0,1.0,1.0,100.0,0,151,Premium
C02611,Discount-Sensitive,449,2,175.66,1,0.0,2.0,1.0,95.0,0,460,Basic
C03690,Discount-Sensitive,550,3,281.24,0,0.0,3.0,0.6666666666666666,100.0,1,735,Trial
C03652,Discount-Sensitive,347,1,62.84,0,0.0,1.0,1.0,100.0,1,445,Basic
C00293,Discount-Sensitive,485,3,403.33,0,0.0,2.0,0.6666666666666666,100.0,0,518,Trial
C03448,Discount-Sensitive,160,1,228.96,0,0.0,1.0,1.0,100.0,1,409,Basic
C04849,Discount-Sensitive,601,5,333.18,0,0.0,3.0,0.6,100.0,0,679,Premium
C03411,Discount-Sensitive,565,3,390.04,0,0.0,2.0,0.6666666666666666,100.0,0,1069,Premium
C04847,Discount-Sensitive,651,3,309.58,0,0.0,2.0,0.6666666666666666,100.0,0,695,Basic
C00311,Discount-Sensitive,526,2,213.61,0,0.0,1.0,1.0,100.0,0,550,Basic
C00314,Discount-Sensitive,481,2,218.79000000000002,1,0.0,1.0,1.0,80.0,0,702,Basic
C03439,Discount-Sensitive,128,1,52.34,2,0.0,1.0,1.0,80.0,1,682,Basic
C04526,Discount-Sensitive,545,1,381.44,0,0.0,1.0,1.0,100.0,1,585,Basic
C02602,Discount-Sensitive,267,2,170.82,1,0.0,1.0,1.0,95.0,0,385,Basic
C03812,Discount-Sensitive,343,1,75.16,0,0.0,1.0,1.0,100.0,0,375,Basic
C03247,Discount-Sensitive,205,2,164.79,1,0.0,2.0,1.0,80.0,1,452,Basic
C03248,Discount-Sensitive,510,1,83.07,1,0.0,1.0,1.0,95.0,1,577,Trial
C00337,Discount-Sensitive,402,1,0.0,1,1.0,0.0,1.0,95.0,0,410,Basic
C04824,Discount-Sensitive,602,3,203.68,2,0.0,2.0,0.6666666666666666,80.0,0,749,Basic
C01472,Discount-Sensitive,653,4,403.07,1,0.0,3.0,0.75,80.0,0,818,Premium
C04549,Discount-Sensitive,674,1,45.68,0,0.0,1.0,1.0,100.0,1,893,Premium
C02099,Discount-Sensitive,462,3,252.83,2,0.0,3.0,1.0,90.0,0,614,Basic
C00360,Discount-Sensitive,586,5,531.07,0,0.0,2.0,0.6,100.0,0,717,Basic
C02219,Dormant,1041,1,142.88,2,0.0,1.0,0.0,90.0,1,1079,Premium
C02191,Dormant,1149,3,311.06,0,0.0,2.0,0.3333333333333333,100.0,0,1217,Premium
C02193,Dormant,910,1,163.76,1,0.0,1.0,1.0,80.0,1,1066,Basic
C03669,Dormant,722,4,471.53,2,0.25,3.0,0.0,80.0,0,861,Basic
C02188,Dormant,1103,2,194.57,0,0.0,2.0,1.0,100.0,0,1115,Trial
C03676,Dormant,742,4,496.57,1,0.0,3.0,0.5,80.0,0,772,Basic
C02190,Dormant,791,9,506.05,1,0.2222222222222222,5.0,0.3333333333333333,80.0,0,1118,Basic
C02223,Dormant,1142,1,137.2,0,0.0,1.0,1.0,100.0,1,1199,Basic
C03688,Dormant,1031,7,559.5799999999999,1,0.14285714285714285,4.0,0.5714285714285714,95.0,0,1138,Basic
C03679,Dormant,764,1,66.14,1,0.0,1.0,0.0,80.0,0,778,Basic
C02218,Dormant,774,1,126.64,1,0.0,1.0,1.0,95.0,1,876,Basic
C02207,Dormant,1128,2,141.61,1,0.0,2.0,0.0,95.0,0,1164,Basic
C03671,Dormant,1141,9,979.27,0,0.0,5.0,0.5555555555555556,100.0,0,1252,Premium
C02203,Dormant,1230,2,146.11,2,0.0,2.0,1.0,80.0,1,1258,Trial
C03678,Dormant,806,4,524.06,0,0.0,3.0,0.5,100.0,0,852,Premium
C02068,Dormant,859,1,38.93,2,0.0,1.0,1.0,90.0,1,903,Basic
C03696,Dormant,1023,1,159.91,1,0.0,1.0,0.0,80.0,1,1083,Premium
C03785,Dormant,983,4,377.28000000000003,1,0.0,4.0,0.5,95.0,0,1216,Basic
C03789,Dormant,1035,2,124.52000000000001,1,0.0,2.0,0.5,80.0,1,1121,Trial
C02009,Dormant,916,12,1319.55,1,0.0,6.0,0.25,80.0,0,1045,Premium
C03798,Dormant,909,1,64.34,0,0.0,1.0,0.0,100.0,1,937,Trial
C03799,Dormant,964,1,102.55,2,0.0,1.0,0.0,80.0,1,1073,Premium
C03801,Dormant,733,3,338.04,2,0.0,2.0,0.3333333333333333,80.0,0,885,Premium
C03783,Dormant,1012,3,337.81,0,0.0,2.0,1.0,100.0,0,1082,Premium
C02002,Dormant,932,1,45.45,2,0.0,1.0,0.0,90.0,1,1148,Basic
C03804,Dormant,705,1,92.46,2,0.0,1.0,1.0,80.0,1,743,Basic
C03807,Dormant,801,2,66.94,0,0.5,1.0,0.5,100.0,0,872,Basic
C01998,Dormant,1060,5,611.36,1,0.0,4.0,0.4,95.0,0,1260,Basic
C01997,Dormant,888,1,96.02,2,0.0,1.0,0.0,90.0,1,1085,Premium
C01996,Dormant,806,3,373.4,2,0.0,2.0,1.0,80.0,0,1172,Premium
C01992,Dormant,1076,4,568.19,2,0.0,3.0,0.25,80.0,0,1256,Premium
C02001,Dormant,797,3,194.28,1,0.0,3.0,0.0,80.0,0,852,Trial
C03813,Dormant,1120,3,516.97,0,0.0,2.0,0.0,100.0,0,1221,Basic
C02016,Dormant,970,5,443.87,1,0.0,5.0,0.4,80.0,0,1077,Basic
C02018,Dormant,1095,2,168.96,2,0.0,2.0,0.0,90.0,1,1198,Basic
C02037,Dormant,847,4,796.62,0,0.0,3.0,0.25,100.0,0,911,Basic
C02036,Dormant,998,6,620.99,0,0.0,3.0,0.3333333333333333,100.0,0,1045,Premium
C02034,Dormant,1094,2,91.86,0,0.0,2.0,0.0,100.0,0,1129,Basic
C03770,Dormant,738,8,530.81,0,0.125,5.0,0.375,100.0,0,882,Trial
C02031,Dormant,780,5,675.9,1,0.0,4.0,0.4,95.0,0,869,Trial
C02030,Dormant,1134,7,506.2,0,0.0,2.0,0.2857142857142857,100.0,0,1234,Basic
C03782,Dormant,962,1,57.63,0,0.0,1.0,0.0,100.0,1,1038,Basic
C02029,Dormant,1089,4,302.51,1,0.0,3.0,0.75,95.0,1,1190,Premium
C02026,Dormant,1159,1,93.14,1,0.0,1.0,1.0,95.0,1,1176,Basic
C03774,Dormant,904,1,76.96,1,0.0,1.0,0.0,95.0,1,906,Trial
C02024,Dormant,747,1,42.54,0,0.0,1.0,0.0,100.0,1,828,Basic
C03779,Dormant,846,4,475.14000000000004,1,0.0,3.0,0.25,95.0,0,893,Basic
C02021,Dormant,770,2,297.5,0,0.0,2.0,0.0,100.0,0,810,Premium
C03780,Dormant,1189,4,369.99,0,0.0,3.0,0.25,100.0,0,1215,Premium
C03773,Dormant,712,3,266.15,1,0.3333333333333333,2.0,0.6666666666666666,95.0,1,881,Trial
C03814,Dormant,773,6,384.94,0,0.0,5.0,0.5,100.0,0,911,Basic
C01984,Dormant,1041,4,321.79999999999995,0,0.0,2.0,0.75,100.0,0,1094,Premium
C01983,Dormant,870,4,426.96,1,0.0,3.0,0.75,95.0,1,969,Basic
C03829,Dormant,772,2,192.61,1,0.0,2.0,0.5,80.0,1,819,Trial
C01949,Dormant,1077,3,312.69,1,0.3333333333333333,2.0,0.3333333333333333,95.0,1,1153,Premium
C01945,Dormant,1137,1,54.24,1,0.0,1.0,0.0,95.0,1,1176,Trial
C03832,Dormant,841,5,559.47,1,0.0,4.0,0.2,95.0,0,926,Basic
C03833,Dormant,885,3,345.57,0,0.0,3.0,0.3333333333333333,100.0,1,1024,Basic
C01939,Dormant,926,4,349.69,1,0.0,3.0,0.25,80.0,0,1014,Basic
C01955,Dormant,1023,4,334.82,0,0.0,3.0,0.5,100.0,0,1122,Basic
C01937,Dormant,1035,1,74.67,0,0.0,1.0,0.0,100.0,0,1087,Basic
C01934,Dormant,980,4,420.46,1,0.0,2.0,0.5,95.0,0,1194,Basic
C01932,Dormant,757,4,396.49,0,0.0,4.0,0.0,100.0,0,820,Basic
C01929,Dormant,867,3,366.01,0,0.0,3.0,0.3333333333333333,100.0,0,895,Basic
C01927,Dormant,792,3,213.38,0,0.0,2.0,0.3333333333333333,100.0,0,932,Premium
C03845,Dormant,1068,2,102.9,2,0.0,2.0,1.0,90.0,1,1111,Trial
C03846,Dormant,696,3,231.22,0,0.0,2.0,0.0,100.0,0,815,Basic
C01936,Dormant,1033,5,322.37,0,0.2,3.0,0.8,100.0,0,1128,Basic
C01956,Dormant,921,3,482.64,0,0.0,2.0,0.6666666666666666,100.0,0,1185,Premium
C03823,Dormant,865,5,380.74,1,0.0,4.0,0.6,95.0,0,978,Basic
C01961,Dormant,881,2,130.01,1,0.5,1.0,1.0,80.0,0,891,Premium
C03816,Dormant,959,2,389.19000000000005,0,0.0,2.0,0.0,100.0,0,1173,Premium
C01981,Dormant,868,1,94.05,1,0.0,1.0,1.0,95.0,1,882,Trial
C01979,Dormant,719,1,263.06,1,0.0,1.0,0.0,80.0,1,780,Basic
C01977,Dormant,753,7,496.31,0,0.0,5.0,0.2857142857142857,100.0,0,812,Basic
C01976,Dormant,1031,5,713.05,1,0.0,4.0,0.4,80.0,0,1113,Basic
C03817,Dormant,1070,5,495.70000000000005,0,0.0,3.0,0.2,100.0,0,1200,Basic
C01974,Dormant,929,7,559.12,0,0.0,3.0,0.42857142857142855,100.0,0,1104,Basic
C01973,Dormant,798,4,306.03000000000003,1,0.0,3.0,0.5,95.0,0,939,Basic
C03818,Dormant,855,7,461.18,0,0.0,5.0,0.2857142857142857,100.0,0,1047,Basic
C01971,Dormant,950,1,183.13,2,0.0,1.0,0.0,90.0,1,1035,Basic
C01970,Dormant,860,6,469.1,0,0.0,3.0,0.6666666666666666,100.0,0,1064,Trial
C03819,Dormant,744,5,447.58,0,0.2,2.0,0.2,100.0,0,946,Premium
C01968,Dormant,1178,1,110.89,2,0.0,1.0,1.0,90.0,1,1212,Trial
C03822,Dormant,1053,3,395.54999999999995,0,0.0,3.0,0.6666666666666666,100.0,0,1250,Basic
C01962,Dormant,709,4,482.01,0,0.0,2.0,0.25,100.0,0,872,Premium
C02038,Dormant,738,5,437.01,0,0.0,3.0,0.2,100.0,0,841,Basic
C02039,Dormant,731,2,200.12,2,0.0,2.0,0.5,80.0,1,878,Premium
C02042,Dormant,686,2,356.65999999999997,0,0.0,2.0,0.5,100.0,0,714,Basic
C02045,Dormant,872,4,407.61,0,0.0,4.0,0.0,100.0,0,927,Basic
C03716,Dormant,889,1,232.58,1,0.0,1.0,0.0,80.0,1,954,Basic
C03717,Dormant,1203,1,92.27,1,0.0,1.0,1.0,95.0,0,1274,Premium
C03718,Dormant,1043,1,102.67,2,0.0,1.0,0.0,90.0,1,1071,Basic
C03719,Dormant,1156,2,214.01999999999998,0,0.0,2.0,0.0,100.0,1,1237,Basic
C03720,Dormant,1139,5,496.1,0,0.0,4.0,0.0,100.0,0,1218,Basic
C02131,Dormant,980,4,518.76,0,0.0,2.0,0.75,100.0,0,1148,Basic
C02138,Dormant,974,1,136.71,1,0.0,1.0,0.0,80.0,1,975,Trial
C02130,Dormant,732,2,242.99,1,0.0,2.0,1.0,80.0,1,915,Basic
C02126,Dormant,1098,5,525.97,1,0.2,3.0,0.0,80.0,0,1169,Premium
C02124,Dormant,822,1,11.26,1,0.0,1.0,0.0,80.0,1,864,Basic
C02123,Dormant,1140,3,360.08,0,0.0,3.0,0.3333333333333333,100.0,0,1254,Trial
C02122,Dormant,1083,1,108.14,1,0.0,1.0,0.0,95.0,1,1258,Trial
C02117,Dormant,690,5,465.98,0,0.0,5.0,0.2,100.0,0,999,Basic
C02114,Dormant,928,6,531.5799999999999,1,0.0,2.0,0.5,80.0,0,1189,Premium
C02129,Dormant,982,3,235.79000000000002,0,0.0,2.0,0.3333333333333333,100.0,0,1141,Basic
C02139,Dormant,984,7,749.31,0,0.0,4.0,0.2857142857142857,100.0,0,1046,Trial
C03714,Dormant,983,3,387.27,0,0.0,2.0,0.3333333333333333,100.0,0,1056,Trial
C02143,Dormant,884,5,542.39,0,0.0,4.0,0.2,100.0,0,1165,Premium
C02176,Dormant,771,7,538.25,0,0.0,4.0,0.5714285714285714,100.0,0,1004,Basic
C02172,Dormant,999,6,672.75,2,0.0,4.0,0.6666666666666666,90.0,0,1089,Premium
C02170,Dormant,1018,4,582.74,2,0.0,4.0,0.5,80.0,0,1239,Basic
C02169,Dormant,976,3,162.4,0,0.0,2.0,0.3333333333333333,100.0,0,1075,Premium
C02168,Dormant,805,4,391.59000000000003,0,0.0,2.0,0.25,100.0,0,872,Premium
C03701,Dormant,845,4,299.26,0,0.0,2.0,0.25,100.0,0,1092,Premium
C02165,Dormant,1018,3,287.14,0,0.0,3.0,0.0,100.0,0,1050,Basic
C03702,Dormant,876,3,142.32999999999998,0,0.3333333333333333,1.0,0.6666666666666666,100.0,0,985,Basic
C02161,Dormant,1027,6,610.56,0,0.0,4.0,0.16666666666666666,100.0,0,1145,Basic
C03704,Dormant,1080,3,299.0,1,0.0,2.0,0.3333333333333333,95.0,0,1161,Premium
C03708,Dormant,1019,4,376.58,1,0.0,3.0,0.0,95.0,0,1195,Premium
C02153,Dormant,983,5,310.98,0,0.0,4.0,0.6,100.0,0,1068,Basic
C03710,Dormant,858,1,41.6,1,0.0,1.0,0.0,95.0,1,944,Trial
C02150,Dormant,900,2,173.18,0,0.0,2.0,0.5,100.0,0,963,Basic
C03712,Dormant,862,4,362.3,0,0.0,3.0,0.0,100.0,0,942,Basic
C03732,Dormant,813,3,310.68,1,0.0,3.0,0.6666666666666666,95.0,1,929,Basic
C02181,Dormant,892,3,232.84,0,0.0,2.0,0.3333333333333333,100.0,0,941,Trial
C02110,Dormant,996,7,685.06,1,0.0,5.0,0.42857142857142855,95.0,0,1064,Basic
C02106,Dormant,702,1,147.88,1,0.0,1.0,0.0,80.0,0,743,Basic
C02071,Dormant,716,3,336.49,2,0.0,2.0,0.0,90.0,0,926,Basic
C02070,Dormant,881,6,459.2,1,0.0,5.0,0.16666666666666666,95.0,0,1117,Basic
C02065,Dormant,975,3,212.59,1,0.0,2.0,0.0,80.0,0,1128,Premium
C02064,Dormant,839,3,191.62,1,0.0,2.0,0.0,95.0,0,907,Basic
C02061,Dormant,1135,1,55.65,0,0.0,1.0,1.0,100.0,1,1158,Premium
C02060,Dormant,827,1,83.88,2,0.0,1.0,0.0,80.0,1,899,Basic
C02074,Dormant,697,3,259.48,0,0.0,3.0,0.6666666666666666,100.0,0,755,Premium
C02059,Dormant,1024,3,365.53999999999996,1,0.0,3.0,0.3333333333333333,80.0,0,1060,Premium
C03758,Dormant,868,3,266.98,0,0.0,3.0,0.3333333333333333,100.0,0,1010,Premium
C03759,Dormant,972,1,145.46,0,0.0,1.0,0.0,100.0,1,1223,Basic
C02054,Dormant,795,2,76.64,1,0.0,1.0,0.5,95.0,1,814,Basic
C02052,Dormant,842,6,399.9,0,0.0,3.0,0.0,100.0,0,948,Premium
C02049,Dormant,874,2,165.63,1,0.0,2.0,0.0,80.0,0,909,Premium
C02047,Dormant,1034,5,330.03000000000003,0,0.0,5.0,0.4,100.0,0,1139,Trial
C02058,Dormant,743,4,457.93000000000006,1,0.0,4.0,0.5,80.0,1,1108,Basic
C03749,Dormant,788,7,467.19,0,0.14285714285714285,5.0,0.0,100.0,0,876,Premium
C02078,Dormant,1082,1,259.16,0,0.0,1.0,1.0,100.0,0,1094,Premium
C03747,Dormant,861,3,244.39,0,0.0,3.0,0.0,100.0,0,1057,Premium
C02105,Dormant,935,3,249.21,1,0.0,2.0,1.0,80.0,1,1042,Premium
C02102,Dormant,757,5,656.97,0,0.0,3.0,0.6,100.0,0,1021,Premium
C02101,Dormant,961,4,489.37,0,0.0,3.0,1.0,100.0,0,1074,Basic
C02100,Dormant,936,6,813.47,2,0.0,4.0,0.5,90.0,0,1041,Premium
C02097,Dormant,1024,1,105.05,0,0.0,1.0,0.0,100.0,1,1039,Basic
C02096,Dormant,965,2,171.86,0,0.0,2.0,0.5,100.0,0,975,Premium
C03738,Dormant,803,4,381.68,1,0.0,3.0,0.25,95.0,0,1027,Basic
C02093,Dormant,695,7,462.9,1,0.0,4.0,0.2857142857142857,95.0,0,1128,Basic
C03741,Dormant,685,3,204.89,0,0.3333333333333333,2.0,0.3333333333333333,100.0,1,792,Basic
C03742,Dormant,1180,1,148.5,0,0.0,1.0,1.0,100.0,1,1233,Basic
C02089,Dormant,1189,2,287.36,2,0.0,2.0,1.0,90.0,0,1238,Trial
C02088,Dormant,1020,1,106.12,1,0.0,1.0,0.0,95.0,1,1155,Basic
C02086,Dormant,1119,3,354.08,0,0.0,2.0,0.6666666666666666,100.0,0,1164,Premium
C02084,Dormant,781,8,1082.76,2,0.0,5.0,0.5,90.0,0,863,Premium
C02081,Dormant,1041,3,230.14,0,0.3333333333333333,2.0,0.0,100.0,0,1153,Premium
C02109,Dormant,699,2,176.45,0,0.0,2.0,0.0,100.0,0,736,Trial
C02224,Dormant,1113,1,181.0,2,0.0,1.0,1.0,90.0,1,1153,Basic
C03464,Dormant,1054,2,267.27,0,0.0,2.0,0.0,100.0,1,1101,Trial
C02226,Dormant,899,4,356.71,1,0.0,3.0,0.5,95.0,0,1140,Premium
C03299,Dormant,1081,2,256.04,2,0.0,2.0,0.5,90.0,1,1173,Basic
C02842,Dormant,974,5,577.16,0,0.0,4.0,0.4,100.0,0,1013,Trial
C02841,Dormant,1253,1,114.22,2,0.0,1.0,1.0,90.0,1,1258,Basic
C02840,Dormant,1106,1,127.07,0,0.0,1.0,0.0,100.0,1,1220,Trial
C02838,Dormant,998,5,488.29,1,0.0,3.0,0.2,95.0,0,1083,Basic
C02837,Dormant,853,3,281.82,0,0.0,1.0,0.3333333333333333,100.0,0,1000,Basic
C02836,Dormant,1033,5,305.81,1,0.2,3.0,0.6,95.0,0,1151,Basic
C02835,Dormant,916,6,758.06,0,0.0,5.0,0.16666666666666666,100.0,0,957,Premium
C02832,Dormant,1137,7,651.77,0,0.0,4.0,0.0,100.0,0,1255,Premium
C02831,Dormant,687,5,459.28999999999996,0,0.0,4.0,0.4,100.0,0,797,Premium
C02828,Dormant,880,2,296.4,1,0.0,2.0,0.0,95.0,1,990,Basic
C03303,Dormant,798,2,238.45,1,0.0,2.0,0.0,95.0,1,870,Trial
C02849,Dormant,998,7,816.61,2,0.14285714285714285,5.0,0.2857142857142857,80.0,0,1252,Basic
C03304,Dormant,1062,3,212.19,2,0.0,2.0,0.6666666666666666,80.0,0,1110,Basic
C02823,Dormant,899,1,139.5,1,0.0,1.0,1.0,80.0,1,1130,Basic
C03305,Dormant,724,4,348.39,0,0.0,3.0,0.5,100.0,0,768,Basic
C03306,Dormant,963,3,246.03,1,0.0,2.0,0.3333333333333333,95.0,0,964,Premium
C02819,Dormant,925,2,228.12,1,0.0,1.0,0.0,95.0,1,940,Basic
C02817,Dormant,1121,5,601.96,0,0.0,4.0,0.6,100.0,0,1161,Premium
C02814,Dormant,997,3,247.4,0,0.0,2.0,0.3333333333333333,100.0,0,1114,Premium
C02813,Dormant,802,3,546.63,1,0.0,2.0,0.3333333333333333,80.0,0,912,Premium
C03309,Dormant,767,2,247.82999999999998,0,0.0,1.0,0.0,100.0,0,800,Premium
C03310,Dormant,1203,1,69.65,2,0.0,1.0,1.0,90.0,1,1204,Basic
C03313,Dormant,828,6,352.61,0,0.16666666666666666,4.0,0.3333333333333333,100.0,0,1032,Premium
C02807,Dormant,735,4,603.96,1,0.0,4.0,0.25,80.0,0,778,Basic
C03316,Dormant,1060,4,387.19,2,0.0,4.0,0.0,90.0,0,1102,Premium
C02824,Dormant,778,5,628.49,0,0.0,3.0,0.4,100.0,0,834,Basic
C02802,Dormant,757,4,304.96000000000004,0,0.0,3.0,0.5,100.0,0,870,Basic
C02850,Dormant,1141,3,288.65999999999997,0,0.0,3.0,0.0,100.0,0,1276,Trial
C02858,Dormant,904,5,439.37,0,0.0,3.0,0.6,100.0,0,1020,Basic
C02903,Dormant,1085,1,254.68,2,0.0,1.0,1.0,90.0,1,1117,Premium
C03265,Dormant,883,4,321.42,1,0.0,3.0,0.25,95.0,1,1071,Basic
C03268,Dormant,694,6,431.2,1,0.0,4.0,0.16666666666666666,80.0,0,773,Premium
C03270,Dormant,757,5,406.01,0,0.2,3.0,0.0,100.0,0,1064,Basic
C02897,Dormant,998,5,412.15999999999997,0,0.0,3.0,0.4,100.0,0,1094,Basic
C03271,Dormant,811,4,481.03,0,0.0,3.0,0.25,100.0,0,967,Premium
C02895,Dormant,1074,4,336.95,1,0.0,3.0,0.5,80.0,0,1246,Premium
C03274,Dormant,954,1,94.18,1,0.0,1.0,1.0,95.0,1,1005,Trial
C02891,Dormant,782,2,266.89,0,0.0,2.0,0.0,100.0,0,840,Basic
C03276,Dormant,1196,3,245.06,1,0.3333333333333333,2.0,0.3333333333333333,80.0,0,1245,Trial
C03280,Dormant,984,2,166.92000000000002,2,0.0,2.0,1.0,80.0,0,1023,Premium
C02881,Dormant,1076,7,621.77,0,0.0,5.0,0.42857142857142855,100.0,0,1166,Basic
C02852,Dormant,1125,1,152.56,0,0.0,1.0,0.0,100.0,1,1136,Premium
C02880,Dormant,1010,1,50.67,1,0.0,1.0,0.0,80.0,1,1093,Basic
C02877,Dormant,849,3,161.1,1,0.0,2.0,0.3333333333333333,80.0,0,955,Premium
C02876,Dormant,937,5,282.2,1,0.0,5.0,0.2,80.0,0,1115,Basic
C02875,Dormant,711,4,395.47,0,0.0,4.0,0.25,100.0,0,902,Premium
C03283,Dormant,1211,2,115.61,0,0.0,2.0,0.5,100.0,0,1267,Basic
C03285,Dormant,744,1,72.66,2,0.0,1.0,1.0,80.0,1,772,Basic
C02870,Dormant,1124,5,749.22,1,0.0,2.0,0.2,80.0,0,1194,Premium
C02869,Dormant,1021,3,394.87,1,0.0,3.0,0.0,95.0,0,1232,Trial
C02868,Dormant,1009,2,155.63,1,0.0,2.0,0.5,95.0,1,1089,Premium
C03287,Dormant,790,1,122.88,0,0.0,1.0,1.0,100.0,0,841,Basic
C02865,Dormant,684,3,334.19,0,0.0,3.0,0.0,100.0,0,863,Basic
C03289,Dormant,995,5,618.01,0,0.0,3.0,0.4,100.0,0,1124,Basic
C02860,Dormant,1018,1,46.42,2,0.0,1.0,1.0,80.0,1,1083,Basic
C02878,Dormant,734,5,493.61,0,0.0,4.0,0.6,100.0,0,827,Premium
C02905,Dormant,827,1,84.2,1,0.0,1.0,0.0,95.0,1,865,Basic
C03317,Dormant,958,8,781.2,0,0.0,5.0,0.25,100.0,0,1168,Basic
C03319,Dormant,765,2,162.56,2,0.0,2.0,0.5,90.0,1,1085,Trial
C02736,Dormant,865,2,140.76,2,0.0,2.0,0.0,80.0,1,1200,Basic
C03351,Dormant,737,3,332.41,2,0.0,2.0,0.0,80.0,1,849,Basic
C02733,Dormant,729,4,421.17,1,0.0,4.0,0.25,95.0,0,1076,Basic
C03354,Dormant,688,4,355.8,0,0.0,3.0,0.5,100.0,0,964,Basic
C02728,Dormant,963,8,826.37,0,0.0,4.0,0.5,100.0,0,1153,Trial
C02727,Dormant,993,5,525.35,0,0.0,3.0,0.4,100.0,0,1107,Trial
C02726,Dormant,1079,2,490.57000000000005,2,0.0,2.0,0.5,80.0,1,1152,Basic
C02725,Dormant,1106,1,100.13,1,0.0,1.0,0.0,95.0,1,1155,Trial
C03357,Dormant,709,3,250.93,1,0.0,3.0,0.0,80.0,0,902,Basic
C02722,Dormant,815,6,516.72,0,0.0,4.0,0.3333333333333333,100.0,0,1032,Premium
C02720,Dormant,1119,3,304.48,0,0.0,2.0,0.3333333333333333,100.0,0,1152,Basic
C02719,Dormant,987,2,285.76,0,0.0,2.0,0.0,100.0,0,1015,Basic
C02737,Dormant,1098,3,277.01,0,0.0,2.0,0.3333333333333333,100.0,1,1218,Trial
C02718,Dormant,781,1,65.93,2,0.0,1.0,0.0,90.0,1,829,Basic
C03361,Dormant,716,3,276.68,2,0.0,2.0,0.6666666666666666,90.0,0,777,Basic
C03364,Dormant,1090,2,186.56,0,0.0,2.0,0.5,100.0,1,1164,Trial
C03367,Dormant,858,4,407.77000000000004,1,0.0,2.0,0.0,95.0,0,946,Trial
C02708,Dormant,853,6,492.71000000000004,1,0.0,3.0,0.16666666666666666,95.0,0,952,Premium
C03368,Dormant,1008,6,603.76,0,0.0,4.0,0.3333333333333333,100.0,0,1137,Premium
C02704,Dormant,765,4,356.18,0,0.0,3.0,0.5,100.0,0,882,Premium
C02703,Dormant,865,5,409.4,1,0.0,2.0,0.8,95.0,0,1151,Basic
C03372,Dormant,692,1,97.48,2,0.0,1.0,0.0,80.0,1,708,Trial
C03375,Dormant,917,3,512.23,0,0.0,2.0,0.3333333333333333,100.0,0,1159,Premium
C02698,Dormant,732,2,405.94,0,0.0,2.0,0.5,100.0,0,856,Trial
C02697,Dormant,1217,2,160.56,0,0.0,2.0,1.0,100.0,0,1270,Premium
C03379,Dormant,1166,1,292.28,1,0.0,1.0,0.0,80.0,1,1227,Basic
C02717,Dormant,773,4,461.30999999999995,1,0.0,4.0,0.25,80.0,0,914,Basic
C03318,Dormant,857,4,402.46,0,0.0,4.0,0.5,100.0,0,1094,Basic
C02740,Dormant,1085,3,234.48999999999998,1,0.0,3.0,1.0,95.0,0,1168,Basic
C02744,Dormant,845,5,591.19,0,0.0,4.0,0.2,100.0,0,972,Basic
C02793,Dormant,956,3,245.01,2,0.0,3.0,1.0,90.0,1,1130,Trial
C03320,Dormant,1125,5,466.99,0,0.0,3.0,0.4,100.0,0,1212,Basic
C02787,Dormant,773,1,104.57,2,0.0,1.0,0.0,80.0,1,801,Trial
C02786,Dormant,692,3,528.02,0,0.0,3.0,0.0,100.0,0,882,Basic
C02785,Dormant,934,6,654.88,0,0.0,3.0,0.5,100.0,0,1031,Basic
C02784,Dormant,820,6,725.38,1,0.0,5.0,0.6666666666666666,80.0,0,1010,Premium
C03325,Dormant,881,1,168.34,0,0.0,1.0,1.0,100.0,0,908,Premium
C02781,Dormant,1101,4,294.31,0,0.0,3.0,0.5,100.0,0,1213,Trial
C02780,Dormant,1021,1,76.46,2,0.0,1.0,0.0,90.0,1,1113,Trial
C02777,Dormant,687,4,446.62,0,0.0,3.0,0.25,100.0,0,760,Premium
C02774,Dormant,963,8,785.0,2,0.0,4.0,0.25,90.0,0,1112,Premium
C03328,Dormant,742,2,244.29,1,0.0,2.0,0.0,95.0,0,789,Premium
C02742,Dormant,1096,5,462.64,0,0.0,4.0,0.2,100.0,0,1209,Basic
C02771,Dormant,1110,1,132.97,2,0.0,1.0,0.0,80.0,1,1173,Premium
C02769,Dormant,887,4,719.85,1,0.0,3.0,0.0,95.0,0,1004,Trial
C02767,Dormant,714,4,209.26999999999998,1,0.25,2.0,0.25,80.0,0,842,Trial
C02765,Dormant,894,5,641.76,0,0.0,4.0,0.2,100.0,0,1138,Basic
C02759,Dormant,794,3,283.26,1,0.0,2.0,0.3333333333333333,95.0,0,918,Basic
C02758,Dormant,936,7,614.54,1,0.0,5.0,0.2857142857142857,80.0,0,1138,Basic
C02757,Dormant,790,4,263.53999999999996,0,0.0,4.0,0.5,100.0,0,977,Basic
C02755,Dormant,857,2,144.64,1,0.0,2.0,0.0,80.0,1,894,Basic
C03339,Dormant,883,3,205.32,1,0.0,2.0,0.0,95.0,1,938,Premium
C02753,Dormant,903,2,363.85,1,0.0,2.0,1.0,95.0,1,936,Trial
C03341,Dormant,893,1,51.65,2,0.0,1.0,0.0,90.0,1,994,Basic
C02748,Dormant,766,1,230.96,2,0.0,1.0,0.0,80.0,1,934,Basic
C03342,Dormant,802,4,288.81,1,0.0,2.0,0.25,80.0,1,887,Premium
C03329,Dormant,1043,2,131.53,2,0.0,2.0,0.5,80.0,1,1199,Premium
C03260,Dormant,920,2,190.95999999999998,1,0.0,2.0,1.0,80.0,1,971,Basic
C02907,Dormant,1194,7,666.8299999999999,0,0.0,4.0,0.42857142857142855,100.0,0,1224,Basic
C03258,Dormant,772,3,358.96999999999997,2,0.0,3.0,0.0,90.0,1,857,Basic
C03075,Dormant,854,2,179.76999999999998,1,0.0,2.0,1.0,95.0,1,1010,Basic
C03074,Dormant,705,1,89.31,2,0.0,1.0,0.0,80.0,1,770,Basic
C03072,Dormant,897,8,888.41,1,0.0,5.0,0.125,80.0,0,1251,Basic
C03159,Dormant,848,1,88.36,1,0.0,1.0,0.0,95.0,1,955,Basic
C03160,Dormant,734,5,413.55,2,0.0,4.0,0.2,80.0,0,821,Basic
C03068,Dormant,907,3,265.63,1,0.0,2.0,0.6666666666666666,95.0,0,999,Premium
C03066,Dormant,769,5,531.74,0,0.0,2.0,0.4,100.0,0,843,Basic
C03062,Dormant,739,4,332.05,0,0.0,3.0,0.5,100.0,0,884,Premium
C03165,Dormant,831,2,344.36,0,0.0,2.0,0.0,100.0,0,928,Basic
C03059,Dormant,778,3,191.64,1,0.0,2.0,0.3333333333333333,80.0,1,806,Trial
C03166,Dormant,1213,4,392.25,0,0.0,4.0,0.5,100.0,0,1267,Premium
C03054,Dormant,893,5,307.77,1,0.0,3.0,0.2,95.0,0,1120,Premium
C03076,Dormant,795,1,55.26,1,0.0,1.0,0.0,95.0,1,816,Basic
C03170,Dormant,1105,1,66.05,1,0.0,1.0,0.0,95.0,1,1148,Trial
C03173,Dormant,931,1,129.59,2,0.0,1.0,0.0,90.0,1,950,Basic
C03175,Dormant,682,3,318.29,1,0.0,3.0,0.0,95.0,1,873,Basic
C03045,Dormant,931,4,501.45000000000005,0,0.0,4.0,0.5,100.0,0,1052,Basic
C03043,Dormant,858,5,501.95000000000005,1,0.0,4.0,0.0,80.0,0,946,Premium
C03042,Dormant,953,4,539.84,0,0.0,4.0,0.5,100.0,0,1117,Basic
C03041,Dormant,722,7,502.47,0,0.14285714285714285,4.0,0.2857142857142857,100.0,0,820,Premium
C03040,Dormant,941,1,71.03,0,0.0,1.0,0.0,100.0,1,970,Basic
C03181,Dormant,995,2,239.81,0,0.0,2.0,0.0,100.0,0,1161,Premium
C03186,Dormant,786,6,469.55,1,0.0,3.0,0.3333333333333333,95.0,0,953,Basic
C03030,Dormant,967,9,997.6800000000001,1,0.0,4.0,0.3333333333333333,95.0,0,1222,Basic
C03188,Dormant,1122,5,456.38,0,0.0,4.0,0.4,100.0,0,1163,Premium
C03190,Dormant,732,2,162.88,1,0.0,2.0,1.0,95.0,1,1123,Basic
C03052,Dormant,912,2,332.83,2,0.0,2.0,0.0,90.0,1,1082,Basic
C03026,Dormant,933,4,423.61,0,0.0,2.0,0.5,100.0,0,1102,Basic
C03077,Dormant,698,3,246.38,0,0.0,2.0,0.0,100.0,1,821,Trial
C03154,Dormant,762,1,133.93,0,0.0,1.0,1.0,100.0,0,856,Premium
C03127,Dormant,926,2,115.38,1,0.0,2.0,0.0,95.0,0,966,Basic
C03130,Dormant,1091,1,107.77,2,0.0,1.0,0.0,90.0,1,1123,Basic
C03119,Dormant,686,1,63.57,2,0.0,1.0,0.0,80.0,1,717,Basic
C03115,Dormant,1185,4,279.97,0,0.0,3.0,0.75,100.0,0,1227,Premium
C03114,Dormant,827,5,533.09,0,0.0,2.0,0.2,100.0,0,944,Premium
C03113,Dormant,757,3,352.08,2,0.0,2.0,0.6666666666666666,90.0,1,946,Basic
C03134,Dormant,1075,3,402.77,1,0.0,3.0,0.0,95.0,1,1152,Basic
C03136,Dormant,970,4,529.7,1,0.0,3.0,0.5,95.0,0,1032,Basic
C03138,Dormant,780,2,183.92,0,0.0,2.0,0.5,100.0,0,827,Basic
C03140,Dormant,751,1,79.84,2,0.0,1.0,1.0,90.0,1,757,Basic
C03106,Dormant,827,6,439.05,0,0.0,4.0,0.3333333333333333,100.0,0,975,Premium
C03142,Dormant,1146,4,300.7,0,0.0,2.0,0.25,100.0,0,1269,Premium
C03155,Dormant,1054,6,468.01,2,0.0,4.0,0.3333333333333333,80.0,0,1203,Trial
C03104,Dormant,933,7,1098.49,2,0.0,5.0,0.2857142857142857,90.0,0,1067,Premium
C03100,Dormant,941,2,216.96,0,0.0,2.0,0.0,100.0,1,1000,Basic
C03097,Dormant,1147,3,450.25,2,0.0,2.0,0.3333333333333333,90.0,1,1262,Basic
C03150,Dormant,1106,3,322.35,0,0.0,3.0,0.0,100.0,0,1184,Basic
C03094,Dormant,913,1,125.9,2,0.0,1.0,1.0,90.0,1,1029,Premium
C03093,Dormant,691,2,223.49,1,0.0,2.0,0.0,95.0,0,818,Basic
C03092,Dormant,745,1,65.62,2,0.0,1.0,1.0,90.0,1,916,Basic
C03091,Dormant,1199,1,60.06,1,0.0,1.0,0.0,95.0,1,1272,Trial
C03151,Dormant,1038,4,435.43,1,0.0,3.0,0.25,80.0,0,1191,Premium
C03087,Dormant,935,8,522.95,1,0.0,4.0,0.25,95.0,0,1118,Premium
C03085,Dormant,866,5,429.74,0,0.0,4.0,0.6,100.0,0,1061,Premium
C03153,Dormant,986,5,451.64,0,0.0,3.0,0.2,100.0,0,1140,Premium
C03083,Dormant,684,3,344.88,0,0.0,3.0,0.0,100.0,0,713,Premium
C03101,Dormant,809,2,98.53,0,0.0,2.0,0.0,100.0,0,824,Basic
C03191,Dormant,829,2,133.05,1,0.0,2.0,0.5,80.0,1,962,Basic
C03024,Dormant,1058,6,567.86,0,0.16666666666666666,3.0,0.16666666666666666,100.0,0,1173,Premium
C03023,Dormant,754,2,174.74,0,0.0,2.0,0.0,100.0,0,812,Basic
C03223,Dormant,1039,3,217.23000000000002,0,0.0,3.0,0.0,100.0,0,1165,Premium
C02960,Dormant,753,5,401.49,0,0.0,4.0,0.6,100.0,0,846,Basic
C03226,Dormant,745,1,161.82,2,0.0,1.0,0.0,80.0,1,802,Basic
C03228,Dormant,840,2,190.73000000000002,2,0.0,2.0,0.5,90.0,1,1006,Trial
C03229,Dormant,768,1,77.86,0,0.0,1.0,0.0,100.0,0,856,Premium
C02955,Dormant,1042,1,61.36,0,0.0,1.0,0.0,100.0,0,1042,Premium
C02954,Dormant,1189,2,146.69,2,0.0,2.0,0.0,80.0,1,1254,Trial
C03231,Dormant,1176,6,622.59,0,0.0,3.0,0.16666666666666666,100.0,0,1237,Basic
C02948,Dormant,1024,1,69.48,1,0.0,1.0,0.0,80.0,0,1059,Basic
C02947,Dormant,793,3,298.8,1,0.0,2.0,0.0,95.0,0,806,Basic
C02946,Dormant,837,4,374.56,1,0.0,4.0,0.75,95.0,0,876,Basic
C03232,Dormant,1012,3,304.69,0,0.0,2.0,0.0,100.0,0,1088,Trial
C03221,Dormant,979,4,529.6999999999999,2,0.0,3.0,0.25,90.0,0,1056,Basic
C02942,Dormant,992,6,616.65,0,0.0,5.0,0.8333333333333334,100.0,0,1100,Trial
C03236,Dormant,935,3,303.61,0,0.0,2.0,0.3333333333333333,100.0,0,987,Trial
C02936,Dormant,706,3,372.63,1,0.0,2.0,0.6666666666666666,95.0,0,849,Trial
C03238,Dormant,697,3,326.3,0,0.0,3.0,0.3333333333333333,100.0,0,806,Basic
C03240,Dormant,980,2,254.48,0,0.0,2.0,0.5,100.0,0,998,Basic
C02928,Dormant,863,4,378.2,0,0.0,2.0,0.75,100.0,0,887,Basic
C03245,Dormant,1037,1,0.0,2,1.0,0.0,0.0,90.0,1,1096,Trial
C02925,Dormant,933,4,256.52,0,0.0,3.0,0.5,100.0,0,1068,Basic
C02924,Dormant,851,3,173.34,0,0.0,2.0,0.3333333333333333,100.0,0,983,Basic
C03249,Dormant,707,1,52.02,1,0.0,1.0,0.0,95.0,1,711,Basic
C03251,Dormant,690,5,488.98999999999995,1,0.0,3.0,0.0,95.0,0,886,Basic
C03253,Dormant,981,4,375.54999999999995,0,0.0,4.0,0.75,100.0,0,1065,Basic
C03255,Dormant,732,6,533.59,2,0.16666666666666666,3.0,0.5,80.0,0,935,Basic
C02940,Dormant,1007,5,594.5,0,0.0,3.0,0.2,100.0,0,1136,Premium
C03217,Dormant,1094,7,706.8,0,0.0,5.0,0.2857142857142857,100.0,0,1193,Premium
C02970,Dormant,979,3,127.69,0,0.0,3.0,0.0,100.0,0,1050,Basic
C03214,Dormant,948,5,539.8100000000001,0,0.0,4.0,0.4,100.0,0,1145,Basic
C03021,Dormant,952,3,312.53,0,0.0,3.0,0.3333333333333333,100.0,0,1158,Trial
C03020,Dormant,957,1,104.52,2,0.0,1.0,0.0,80.0,1,1047,Basic
C03017,Dormant,766,3,113.94,2,0.3333333333333333,2.0,0.3333333333333333,90.0,0,868,Basic
C03193,Dormant,1090,6,389.67,1,0.0,5.0,0.5,95.0,0,1172,Premium
C03194,Dormant,793,6,641.76,2,0.0,5.0,0.5,90.0,0,923,Basic
C03013,Dormant,1164,1,75.95,0,0.0,1.0,0.0,100.0,1,1260,Basic
C03011,Dormant,1081,4,389.53,0,0.0,2.0,0.5,100.0,0,1166,Premium
C03010,Dormant,794,1,27.14,1,0.0,1.0,0.0,95.0,1,890,Basic
C03008,Dormant,767,1,32.25,1,0.0,1.0,0.0,95.0,1,879,Basic
C03004,Dormant,1038,4,513.3,0,0.0,2.0,0.5,100.0,0,1224,Premium
C03001,Dormant,1160,2,338.72,0,0.0,2.0,1.0,100.0,0,1223,Premium
C03000,Dormant,856,2,174.92000000000002,0,0.0,1.0,0.5,100.0,0,1159,Basic
C02999,Dormant,1054,3,259.89,0,0.0,3.0,0.3333333333333333,100.0,0,1228,Premium
C02998,Dormant,1007,4,543.15,0,0.0,3.0,0.25,100.0,0,1050,Basic
C02997,Dormant,1032,1,122.74,2,0.0,1.0,0.0,80.0,1,1042,Basic
C02996,Dormant,885,3,243.32,0,0.0,2.0,0.6666666666666666,100.0,0,921,Basic
C02990,Dormant,866,2,260.09,0,0.0,2.0,1.0,100.0,0,951,Basic
C03202,Dormant,1098,3,179.26,0,0.0,3.0,0.3333333333333333,100.0,0,1178,Basic
C02987,Dormant,951,4,507.56,2,0.0,3.0,0.25,90.0,1,1003,Basic
C03204,Dormant,937,7,776.8299999999999,0,0.0,5.0,0.14285714285714285,100.0,0,995,Basic
C02985,Dormant,1057,2,168.85,1,0.0,1.0,0.5,95.0,0,1115,Premium
C03208,Dormant,956,8,755.52,1,0.0,4.0,0.375,95.0,0,1078,Basic
C03209,Dormant,909,2,257.1,1,0.0,2.0,0.5,95.0,1,950,Trial
C02978,Dormant,1086,8,959.2,1,0.0,5.0,0.5,80.0,0,1246,Premium
C02976,Dormant,768,3,245.07,2,0.0,3.0,0.0,80.0,1,880,Basic
C03213,Dormant,784,3,252.12,2,0.0,2.0,0.0,90.0,1,815,Basic
C02974,Dormant,1031,2,171.56,1,0.0,1.0,0.5,95.0,1,1067,Trial
C03380,Dormant,1155,7,676.76,0,0.0,4.0,0.14285714285714285,100.0,0,1258,Premium
C02689,Dormant,907,1,111.8,0,0.0,1.0,0.0,100.0,1,917,Trial
C02688,Dormant,1081,6,664.64,0,0.0,2.0,0.3333333333333333,100.0,0,1254,Premium
C03382,Dormant,974,5,521.02,1,0.0,3.0,0.4,95.0,0,1080,Premium
C03562,Dormant,1195,2,113.74000000000001,0,0.0,2.0,0.5,100.0,0,1208,Premium
C02404,Dormant,876,1,37.66,0,0.0,1.0,0.0,100.0,0,911,Premium
C03564,Dormant,859,6,533.98,1,0.0,4.0,0.3333333333333333,95.0,0,1081,Premium
C03565,Dormant,881,2,269.65999999999997,2,0.0,2.0,0.5,90.0,1,1137,Basic
C02401,Dormant,978,3,209.51,0,0.0,2.0,0.0,100.0,0,1017,Basic
C03566,Dormant,941,5,794.1,2,0.0,5.0,0.6,80.0,0,994,Premium
C03567,Dormant,862,5,498.11,0,0.0,4.0,0.4,100.0,0,965,Premium
C03569,Dormant,995,1,80.82,2,0.0,1.0,0.0,90.0,1,1000,Basic
C03570,Dormant,1104,1,103.03,0,0.0,1.0,1.0,100.0,0,1216,Premium
C03571,Dormant,1014,6,648.47,0,0.0,4.0,0.5,100.0,0,1225,Basic
C02390,Dormant,1080,3,252.88,0,0.0,2.0,0.0,100.0,0,1237,Basic
C03572,Dormant,1076,3,351.94,0,0.0,3.0,0.3333333333333333,100.0,0,1124,Basic
C03559,Dormant,918,5,547.91,0,0.0,4.0,0.4,100.0,0,974,Basic
C02388,Dormant,849,2,168.02,2,0.0,2.0,0.0,90.0,1,1018,Basic
C02383,Dormant,768,5,464.44,1,0.0,3.0,0.0,95.0,0,891,Basic
C02382,Dormant,695,1,56.62,1,0.0,1.0,0.0,80.0,1,809,Premium
C02378,Dormant,932,2,311.22,2,0.0,2.0,0.0,80.0,1,1039,Premium
C03576,Dormant,837,4,442.34,2,0.0,2.0,0.25,90.0,1,963,Premium
C02373,Dormant,685,5,439.22,0,0.0,4.0,0.2,100.0,0,792,Trial
C02372,Dormant,1007,4,318.28,1,0.0,3.0,0.5,95.0,0,1113,Premium
C02371,Dormant,703,1,39.64,0,0.0,1.0,0.0,100.0,1,801,Trial
C02369,Dormant,902,10,1009.54,1,0.0,4.0,0.3,80.0,0,1269,Premium
C03579,Dormant,1017,7,555.48,0,0.0,5.0,0.14285714285714285,100.0,0,1180,Premium
C02365,Dormant,875,5,329.9,0,0.0,4.0,0.2,100.0,0,970,Basic
C03582,Dormant,973,3,352.82,0,0.0,2.0,0.3333333333333333,100.0,0,1140,Premium
C02363,Dormant,884,1,132.97,2,0.0,1.0,0.0,90.0,1,898,Basic
C02386,Dormant,726,1,319.35,0,0.0,1.0,1.0,100.0,0,890,Premium
C03585,Dormant,1028,2,128.74,2,0.0,2.0,0.5,80.0,1,1168,Premium
C02414,Dormant,894,5,318.22,0,0.2,4.0,0.4,100.0,0,1008,Basic
C03554,Dormant,1215,4,415.51,0,0.0,3.0,0.5,100.0,0,1256,Premium
C03512,Dormant,748,4,362.54,1,0.0,3.0,0.5,80.0,0,783,Basic
C02467,Dormant,1163,5,688.26,0,0.0,4.0,0.2,100.0,0,1276,Basic
C02466,Dormant,928,2,115.96000000000001,2,0.0,2.0,0.0,90.0,1,1153,Trial
C02465,Dormant,952,5,728.38,1,0.0,4.0,0.6,95.0,0,1076,Premium
C03516,Dormant,718,3,266.53,0,0.0,2.0,0.0,100.0,0,768,Premium
C02462,Dormant,782,4,341.70000000000005,1,0.0,3.0,0.25,80.0,0,1121,Basic
C02461,Dormant,1029,1,86.84,2,0.0,1.0,1.0,90.0,1,1029,Trial
C03517,Dormant,797,5,298.15,0,0.4,3.0,0.2,100.0,0,887,Basic
C03527,Dormant,864,2,138.35999999999999,0,0.0,1.0,0.0,100.0,1,914,Basic
C03528,Dormant,970,6,450.25,0,0.0,4.0,0.3333333333333333,100.0,0,1154,Basic
C03532,Dormant,1009,4,404.98,0,0.0,2.0,0.25,100.0,0,1185,Premium
C03533,Dormant,1202,1,246.36,0,0.0,1.0,0.0,100.0,0,1214,Basic
C03555,Dormant,747,3,423.4,0,0.0,2.0,0.0,100.0,0,1035,Premium
C02442,Dormant,960,1,114.49,1,0.0,1.0,0.0,80.0,1,970,Basic
C03536,Dormant,1021,1,122.44,1,0.0,1.0,0.0,95.0,1,1021,Basic
C02438,Dormant,932,3,362.98,1,0.0,3.0,0.3333333333333333,95.0,0,1087,Basic
C02437,Dormant,957,5,589.26,0,0.0,4.0,0.0,100.0,0,1121,Basic
C03537,Dormant,1095,4,520.9499999999999,0,0.0,4.0,0.25,100.0,0,1142,Basic
C02430,Dormant,754,5,647.96,1,0.0,4.0,0.4,95.0,0,820,Basic
C03547,Dormant,1156,1,53.26,2,0.0,1.0,1.0,90.0,1,1156,Basic
C02428,Dormant,989,6,504.23,0,0.0,3.0,0.5,100.0,0,1066,Basic
C02426,Dormant,704,6,447.93,0,0.0,5.0,0.3333333333333333,100.0,0,1012,Basic
C02424,Dormant,984,3,285.71000000000004,0,0.0,2.0,0.3333333333333333,100.0,0,1050,Basic
C02420,Dormant,945,5,631.78,2,0.0,3.0,0.2,80.0,0,1081,Basic
C02419,Dormant,732,7,591.4200000000001,1,0.0,4.0,0.0,80.0,0,924,Basic
C02418,Dormant,1030,4,395.06,0,0.0,3.0,0.5,100.0,0,1146,Premium
C02441,Dormant,1169,3,190.85999999999999,1,0.0,2.0,1.0,95.0,0,1236,Basic
C02355,Dormant,1017,2,137.69,2,0.0,1.0,0.5,90.0,1,1211,Premium
C02351,Dormant,944,9,737.44,0,0.0,4.0,0.4444444444444444,100.0,0,1219,Premium
C03595,Dormant,693,6,637.13,1,0.0,4.0,0.3333333333333333,80.0,0,806,Trial
C02283,Dormant,973,4,305.75,0,0.0,3.0,0.0,100.0,0,1135,Premium
C03634,Dormant,911,1,157.8,0,0.0,1.0,1.0,100.0,0,914,Premium
C02280,Dormant,1021,1,71.78,1,0.0,1.0,0.0,80.0,1,1078,Basic
C03635,Dormant,936,4,291.78,1,0.0,2.0,0.5,80.0,0,1140,Basic
C03637,Dormant,1033,1,105.12,1,0.0,1.0,0.0,80.0,1,1258,Basic
C02274,Dormant,1077,1,60.74,1,0.0,1.0,1.0,95.0,1,1081,Trial
C03639,Dormant,901,1,76.35,0,0.0,1.0,1.0,100.0,1,947,Basic
C03640,Dormant,996,5,864.13,0,0.0,3.0,0.2,100.0,0,1102,Basic
C02268,Dormant,967,1,69.73,0,0.0,1.0,0.0,100.0,0,1072,Basic
C02264,Dormant,1009,5,577.7,0,0.0,4.0,0.4,100.0,0,1114,Basic
C02262,Dormant,854,1,75.46,2,0.0,1.0,0.0,80.0,1,863,Trial
C03648,Dormant,778,5,315.76,1,0.2,3.0,0.2,80.0,0,1038,Basic
C02284,Dormant,1106,1,78.43,0,0.0,1.0,0.0,100.0,0,1112,Premium
C03649,Dormant,1038,1,80.37,1,0.0,1.0,1.0,95.0,1,1072,Basic
C03651,Dormant,983,2,330.62,0,0.0,1.0,0.0,100.0,0,1032,Premium
C03654,Dormant,890,5,249.36999999999998,0,0.0,3.0,0.4,100.0,0,982,Basic
C02245,Dormant,771,3,238.05,1,0.0,2.0,1.0,80.0,0,921,Trial
C02244,Dormant,749,2,164.82,0,0.0,2.0,0.5,100.0,0,1016,Basic
C03657,Dormant,1143,5,454.72,0,0.0,2.0,0.4,100.0,0,1260,Basic
C03658,Dormant,1195,3,474.08,1,0.0,3.0,0.3333333333333333,95.0,0,1206,Basic
C03659,Dormant,863,8,715.87,1,0.0,5.0,0.5,80.0,0,972,Basic
C03667,Dormant,934,5,644.0999999999999,1,0.0,5.0,0.4,80.0,0,1026,Premium
C02233,Dormant,946,4,398.74,1,0.0,2.0,0.25,95.0,0,1023,Premium
C02231,Dormant,917,5,502.32,1,0.2,3.0,0.0,95.0,0,1227,Premium
C02230,Dormant,1070,1,96.49,0,0.0,1.0,0.0,100.0,1,1139,Basic
C02229,Dormant,695,4,600.21,0,0.0,3.0,0.5,100.0,0,777,Basic
C02255,Dormant,978,6,816.82,1,0.0,4.0,0.16666666666666666,80.0,0,1089,Trial
C02285,Dormant,915,1,126.59,2,0.0,1.0,0.0,80.0,1,963,Premium
C02286,Dormant,1226,3,277.93,1,0.0,3.0,0.3333333333333333,95.0,0,1256,Premium
C03633,Dormant,837,2,57.98,0,0.5,1.0,0.0,100.0,1,865,Trial
C02344,Dormant,845,5,500.27000000000004,0,0.0,4.0,0.2,100.0,0,1064,Basic
C03596,Dormant,695,6,534.99,0,0.0,4.0,0.3333333333333333,100.0,0,863,Premium
C02341,Dormant,1015,3,171.38,0,0.0,3.0,0.3333333333333333,100.0,0,1063,Basic
C02338,Dormant,792,5,377.34000000000003,1,0.2,3.0,0.4,95.0,0,894,Basic
C02334,Dormant,994,3,115.52,0,0.3333333333333333,1.0,0.3333333333333333,100.0,0,1245,Premium
C02331,Dormant,859,5,569.86,0,0.0,3.0,0.2,100.0,0,1034,Basic
C02324,Dormant,783,4,412.13,0,0.0,4.0,0.5,100.0,0,842,Premium
C03613,Dormant,942,2,229.29999999999998,0,0.0,2.0,0.5,100.0,0,988,Trial
C03616,Dormant,1002,2,195.14,1,0.0,2.0,1.0,80.0,0,1042,Premium
C02318,Dormant,1177,3,264.68,1,0.0,1.0,0.0,95.0,0,1255,Trial
C03617,Dormant,686,4,439.04999999999995,2,0.0,4.0,0.25,90.0,0,861,Basic
C02314,Dormant,1009,7,673.15,0,0.0,4.0,0.2857142857142857,100.0,0,1079,Premium
C03623,Dormant,1040,3,378.56,1,0.0,3.0,1.0,95.0,0,1162,Premium
C02311,Dormant,923,5,456.55,1,0.0,4.0,0.4,95.0,0,1100,Premium
C02310,Dormant,813,2,158.57,0,0.0,2.0,0.0,100.0,0,854,Basic
C02309,Dormant,996,3,372.4,2,0.0,2.0,0.3333333333333333,90.0,1,1234,Basic
C02307,Dormant,982,4,323.38,0,0.0,2.0,0.5,100.0,0,1249,Basic
C02301,Dormant,725,3,397.84000000000003,0,0.0,3.0,0.3333333333333333,100.0,0,950,Basic
C02299,Dormant,782,1,150.62,2,0.0,1.0,0.0,80.0,1,787,Trial
C03628,Dormant,915,2,157.32999999999998,0,0.0,2.0,0.0,100.0,0,1030,Premium
C02296,Dormant,1017,11,976.48,2,0.0,4.0,0.09090909090909091,90.0,0,1116,Premium
C02295,Dormant,825,2,210.53,1,0.0,1.0,1.0,80.0,1,852,Basic
C03631,Dormant,1091,1,50.06,0,0.0,1.0,0.0,100.0,1,1130,Basic
C02293,Dormant,883,1,104.61,1,0.0,1.0,0.0,80.0,1,893,Basic
C02291,Dormant,736,1,127.81,0,0.0,1.0,1.0,100.0,1,906,Basic
C02290,Dormant,958,1,63.48,0,0.0,1.0,1.0,100.0,0,972,Premium
C03632,Dormant,920,4,326.05,2,0.0,3.0,1.0,90.0,0,1159,Basic
C02471,Dormant,1072,2,175.38,0,0.0,2.0,0.0,100.0,0,1086,Basic
C02225,Dormant,996,3,308.63,2,0.0,2.0,0.3333333333333333,80.0,0,1202,Premium
C02474,Dormant,1066,3,254.79,0,0.0,3.0,0.3333333333333333,100.0,0,1134,Premium
C02480,Dormant,788,4,328.25,1,0.0,4.0,0.75,80.0,0,884,Basic
C03414,Dormant,1199,3,239.81,0,0.0,3.0,0.0,100.0,0,1255,Basic
C02635,Dormant,797,3,176.05,1,0.0,3.0,0.3333333333333333,95.0,1,846,Basic
C03416,Dormant,1019,1,112.72,0,0.0,1.0,1.0,100.0,0,1058,Premium
C02633,Dormant,1016,7,628.33,1,0.0,5.0,0.2857142857142857,95.0,0,1103,Basic
C03418,Dormant,1037,1,73.45,2,0.0,1.0,0.0,80.0,1,1047,Premium
C02631,Dormant,691,3,218.81,1,0.0,3.0,0.0,95.0,0,757,Trial
C03419,Dormant,886,2,251.73000000000002,2,0.0,2.0,0.0,80.0,1,1257,Basic
C02629,Dormant,1009,2,181.67000000000002,0,0.0,2.0,0.0,100.0,0,1174,Premium
C03420,Dormant,681,1,279.57,1,0.0,1.0,0.0,95.0,1,724,Trial
C02627,Dormant,699,3,227.03,0,0.0,3.0,0.3333333333333333,100.0,0,832,Basic
C03422,Dormant,990,5,565.94,1,0.0,4.0,0.4,80.0,0,1129,Premium
C03424,Dormant,727,3,252.95,0,0.0,3.0,0.3333333333333333,100.0,1,874,Trial
C03413,Dormant,1087,1,89.73,0,0.0,1.0,0.0,100.0,0,1111,Premium
C02622,Dormant,1158,1,74.95,2,0.0,1.0,0.0,90.0,1,1258,Trial
C02620,Dormant,1111,2,172.36,0,0.0,1.0,0.0,100.0,0,1150,Premium
C02617,Dormant,813,2,163.96,0,0.0,2.0,0.0,100.0,0,880,Basic
C02615,Dormant,1023,8,681.63,0,0.125,4.0,0.25,100.0,0,1094,Premium
C03426,Dormant,761,7,652.1899999999999,2,0.0,4.0,0.2857142857142857,90.0,0,910,Premium
C03430,Dormant,684,6,471.28000000000003,1,0.0,3.0,0.5,95.0,0,796,Basic
C02610,Dormant,954,5,431.61,0,0.0,4.0,0.2,100.0,0,1044,Basic
C02607,Dormant,822,2,149.21,0,0.0,2.0,0.5,100.0,0,959,Basic
C02605,Dormant,820,3,283.09000000000003,0,0.0,2.0,0.0,100.0,0,936,Basic
C03433,Dormant,1137,5,530.8,0,0.0,4.0,0.4,100.0,0,1177,Premium
C02601,Dormant,754,2,146.15,0,0.0,2.0,0.0,100.0,0,873,Basic
C02598,Dormant,1172,2,163.38,0,0.0,2.0,0.0,100.0,1,1228,Premium
C03436,Dormant,891,7,499.88,0,0.0,4.0,0.14285714285714285,100.0,0,1019,Basic
C02621,Dormant,1266,2,280.86,1,0.0,2.0,0.5,95.0,0,1276,Premium
C02593,Dormant,1031,1,85.06,1,0.0,1.0,1.0,95.0,1,1135,Trial
C02640,Dormant,696,2,101.78,2,0.0,2.0,0.5,80.0,0,857,Basic
C03410,Dormant,1108,3,222.41,1,0.0,3.0,0.6666666666666666,80.0,0,1179,Basic
C02684,Dormant,1029,6,798.91,0,0.0,5.0,0.16666666666666666,100.0,0,1082,Basic
C02682,Dormant,996,5,494.46,0,0.0,3.0,0.2,100.0,0,1204,Basic
C02681,Dormant,807,1,170.61,1,0.0,1.0,1.0,80.0,1,902,Trial
C03385,Dormant,773,4,256.58000000000004,1,0.0,3.0,0.25,95.0,0,988,Basic
C02679,Dormant,743,2,153.93,2,0.0,2.0,0.0,90.0,1,857,Basic
C02677,Dormant,857,3,437.61,0,0.0,3.0,0.6666666666666666,100.0,0,1000,Premium
C03387,Dormant,883,1,76.56,2,0.0,1.0,0.0,80.0,1,886,Premium
C03388,Dormant,853,3,422.77,1,0.0,3.0,0.6666666666666666,95.0,0,1062,Basic
C03389,Dormant,924,4,502.65,0,0.0,4.0,0.25,100.0,0,1062,Basic
C03390,Dormant,997,5,299.95,1,0.0,3.0,0.4,95.0,0,1149,Basic
C03392,Dormant,800,3,112.37,0,0.0,3.0,0.0,100.0,0,873,Basic
C02669,Dormant,736,4,364.77,0,0.0,4.0,0.5,100.0,0,858,Basic
C02643,Dormant,751,4,499.54999999999995,0,0.0,4.0,0.25,100.0,0,865,Basic
C03397,Dormant,860,3,461.03,0,0.0,2.0,0.6666666666666666,100.0,0,916,Premium
C02664,Dormant,798,4,331.04999999999995,1,0.0,3.0,0.25,95.0,0,890,Basic
C02661,Dormant,718,1,108.76,0,0.0,1.0,1.0,100.0,1,823,Basic
C03399,Dormant,1058,1,70.51,2,0.0,1.0,0.0,80.0,1,1059,Basic
C03401,Dormant,850,6,451.52,0,0.0,4.0,0.3333333333333333,100.0,0,1260,Basic
C03402,Dormant,924,1,66.99,2,0.0,1.0,1.0,90.0,1,955,Premium
C02655,Dormant,960,4,312.67,1,0.0,2.0,0.25,95.0,1,1067,Basic
C02653,Dormant,692,2,139.0,2,0.0,2.0,0.5,80.0,1,827,Basic
C02652,Dormant,961,1,181.87,0,0.0,1.0,0.0,100.0,1,1075,Basic
C02651,Dormant,1103,3,576.25,0,0.0,1.0,0.3333333333333333,100.0,0,1172,Premium
C03406,Dormant,707,4,658.89,1,0.0,3.0,0.0,95.0,0,852,Premium
C02649,Dormant,1189,3,456.84999999999997,1,0.0,2.0,0.0,95.0,0,1236,Premium
C03408,Dormant,719,1,121.84,2,0.0,1.0,0.0,80.0,1,890,Trial
C02665,Dormant,836,5,503.97,2,0.0,4.0,0.8,90.0,0,981,Premium
C03440,Dormant,835,5,602.96,0,0.0,5.0,0.0,100.0,0,1011,Basic
C02589,Dormant,739,6,514.87,0,0.0,2.0,0.5,100.0,0,836,Trial
C02588,Dormant,705,1,208.76,0,0.0,1.0,0.0,100.0,1,915,Trial
C03478,Dormant,804,4,499.97,0,0.0,2.0,0.25,100.0,0,900,Basic
C02524,Dormant,807,5,495.67,1,0.0,3.0,0.4,80.0,0,957,Premium
C02523,Dormant,698,4,460.90000000000003,0,0.0,4.0,0.25,100.0,0,1012,Premium
C02522,Dormant,844,5,508.93,1,0.0,4.0,0.6,95.0,0,991,Premium
C03480,Dormant,973,3,362.19,0,0.0,3.0,0.3333333333333333,100.0,0,1107,Basic
C03481,Dormant,1020,4,612.0699999999999,1,0.0,2.0,0.5,95.0,0,1065,Premium
C03482,Dormant,1094,4,378.62,1,0.0,3.0,0.5,80.0,0,1238,Basic
C02516,Dormant,761,3,332.21,0,0.0,2.0,0.6666666666666666,100.0,0,879,Basic
C03485,Dormant,1062,6,839.74,1,0.0,4.0,0.3333333333333333,80.0,0,1126,Basic
C03490,Dormant,1114,8,820.59,0,0.125,5.0,0.625,100.0,0,1208,Basic
C02508,Dormant,997,2,147.0,1,0.0,2.0,0.0,80.0,0,1104,Basic
C02506,Dormant,827,2,111.01,1,0.5,1.0,0.0,95.0,1,993,Basic
C02527,Dormant,1165,2,121.31,0,0.0,2.0,0.0,100.0,1,1188,Basic
C03491,Dormant,738,7,902.45,2,0.0,4.0,0.2857142857142857,90.0,0,978,Basic
C03494,Dormant,978,1,38.88,1,0.0,1.0,0.0,95.0,1,981,Basic
C02499,Dormant,868,7,816.0699999999999,2,0.0,4.0,0.14285714285714285,80.0,0,1007,Premium
C03495,Dormant,966,4,344.61,0,0.0,2.0,0.75,100.0,0,1074,Basic
C02497,Dormant,808,3,275.96000000000004,2,0.0,2.0,0.3333333333333333,90.0,0,853,Basic
C03496,Dormant,1178,3,209.73000000000002,0,0.0,2.0,0.0,100.0,0,1216,Premium
C03500,Dormant,883,5,547.46,0,0.0,4.0,0.2,100.0,0,939,Basic
C03502,Dormant,739,4,246.66,0,0.0,2.0,0.5,100.0,0,1002,Premium
C02490,Dormant,899,4,450.71000000000004,0,0.0,3.0,0.25,100.0,1,1135,Trial
C03503,Dormant,788,2,127.35,0,0.0,2.0,0.5,100.0,0,958,Basic
C02485,Dormant,762,6,631.98,2,0.0,2.0,0.5,90.0,0,1058,Basic
C02482,Dormant,933,6,338.97,0,0.0,3.0,0.16666666666666666,100.0,0,1067,Basic
C03506,Dormant,767,1,191.17,1,0.0,1.0,1.0,80.0,1,890,Trial
C02503,Dormant,1033,6,722.34,0,0.0,4.0,0.3333333333333333,100.0,0,1194,Basic
C03477,Dormant,1119,5,499.40999999999997,0,0.0,3.0,0.4,100.0,0,1234,Basic
C02530,Dormant,881,1,105.81,2,0.0,1.0,1.0,80.0,1,943,Basic
C02531,Dormant,1049,2,130.65,0,0.0,2.0,1.0,100.0,0,1055,Basic
C02587,Dormant,829,5,463.35,0,0.0,3.0,0.6,100.0,0,994,Basic
C02585,Dormant,915,5,475.75,2,0.0,3.0,0.2,90.0,1,1015,Basic
C03445,Dormant,690,4,688.95,0,0.0,2.0,0.5,100.0,0,717,Premium
C02582,Dormant,964,4,371.57,1,0.0,2.0,0.25,95.0,1,1063,Basic
C02579,Dormant,874,5,494.82,0,0.0,4.0,0.2,100.0,0,930,Premium
C02578,Dormant,968,7,801.14,2,0.0,4.0,0.7142857142857143,80.0,0,1083,Basic
C02575,Dormant,1089,2,241.19,2,0.0,2.0,1.0,80.0,0,1201,Premium
C03451,Dormant,1196,2,144.57,2,0.0,2.0,0.0,90.0,1,1252,Basic
C03452,Dormant,928,5,501.6,0,0.0,3.0,0.2,100.0,0,993,Basic
C02572,Dormant,873,2,95.32,1,0.0,2.0,0.5,80.0,0,929,Basic
C02571,Dormant,1065,4,468.51,0,0.0,3.0,0.25,100.0,0,1145,Premium
C02570,Dormant,883,2,126.47,0,0.0,2.0,0.5,100.0,0,1098,Premium
C02567,Dormant,888,8,492.17,0,0.125,5.0,0.5,100.0,0,1045,Basic
C03454,Dormant,776,9,677.51,2,0.1111111111111111,5.0,0.3333333333333333,80.0,0,976,Basic
C02563,Dormant,1131,5,524.23,0,0.0,3.0,0.4,100.0,0,1251,Basic
C02559,Dormant,1047,4,320.37,1,0.0,4.0,0.75,80.0,0,1103,Basic
C02557,Dormant,791,4,351.25,1,0.0,2.0,0.25,95.0,0,945,Premium
C03458,Dormant,1077,5,308.43,1,0.2,3.0,0.6,95.0,0,1194,Basic
C03460,Dormant,1082,3,380.32,0,0.0,2.0,0.3333333333333333,100.0,1,1231,Premium
C03463,Dormant,860,1,85.45,2,0.0,1.0,1.0,80.0,1,1015,Basic
C02546,Dormant,718,5,342.71,1,0.0,4.0,0.4,95.0,0,783,Basic
C03468,Dormant,1179,2,228.44,1,0.0,2.0,1.0,95.0,0,1223,Basic
C02542,Dormant,755,4,487.63,0,0.0,2.0,0.5,100.0,0,845,Basic
C03473,Dormant,813,4,462.18,1,0.0,3.0,0.5,95.0,0,898,Premium
C03474,Dormant,933,18,1637.65,0,0.0,6.0,0.3333333333333333,100.0,0,1204,Basic
C02533,Dormant,1017,4,440.91,0,0.0,3.0,0.25,100.0,0,1209,Premium
C02532,Dormant,986,1,115.21,1,0.0,1.0,0.0,95.0,1,1236,Premium
C02476,Dormant,914,8,813.28,0,0.0,6.0,0.375,100.0,0,1050,Basic
C01923,Dormant,742,4,376.37,0,0.0,3.0,0.25,100.0,0,810,Basic
C02500,Dormant,996,2,327.44,0,0.0,2.0,0.0,100.0,1,1123,Trial
C03850,Dormant,1021,4,326.27,0,0.0,2.0,0.0,100.0,0,1070,Basic
C00748,Dormant,868,3,397.76,0,0.0,3.0,0.6666666666666666,100.0,0,962,Trial
C04608,Dormant,1081,3,212.85,1,0.0,2.0,0.3333333333333333,95.0,0,1115,Basic
C00745,Dormant,793,5,442.03000000000003,0,0.0,3.0,0.2,100.0,0,852,Premium
C04609,Dormant,1112,9,1027.1,0,0.0,4.0,0.5555555555555556,100.0,0,1265,Premium
C00741,Dormant,968,1,69.66,1,0.0,1.0,0.0,95.0,1,1243,Trial
C00740,Dormant,1029,1,108.57,0,0.0,1.0,1.0,100.0,0,1166,Basic
C04612,Dormant,986,8,1035.99,1,0.0,3.0,0.125,95.0,0,1076,Basic
C00737,Dormant,1140,3,202.62,0,0.3333333333333333,2.0,0.3333333333333333,100.0,0,1168,Basic
C00735,Dormant,1115,4,312.43,0,0.0,4.0,0.5,100.0,0,1210,Premium
C00734,Dormant,1189,5,376.08,1,0.0,4.0,0.4,95.0,0,1252,Basic
C00733,Dormant,1116,2,213.68,0,0.0,2.0,1.0,100.0,0,1132,Trial
C04614,Dormant,769,2,239.8,2,0.0,2.0,0.0,80.0,0,772,Basic
C00730,Dormant,969,7,776.4399999999999,1,0.0,3.0,0.2857142857142857,95.0,0,1151,Premium
C00729,Dormant,944,8,754.0,0,0.0,4.0,0.5,100.0,0,1191,Basic
C04607,Dormant,909,3,423.02,0,0.0,3.0,0.0,100.0,0,941,Premium
C04617,Dormant,1067,4,495.84999999999997,2,0.0,3.0,0.5,90.0,0,1217,Basic
C00721,Dormant,901,1,277.88,0,0.0,1.0,0.0,100.0,1,914,Basic
C04619,Dormant,838,1,110.35,2,0.0,1.0,1.0,80.0,1,956,Basic
C04626,Dormant,1060,5,396.98,1,0.2,3.0,0.6,80.0,0,1152,Trial
C00712,Dormant,773,1,103.06,1,0.0,1.0,0.0,80.0,1,912,Trial
C00711,Dormant,1039,5,776.32,0,0.0,3.0,0.2,100.0,0,1199,Basic
C00710,Dormant,1189,1,86.25,2,0.0,1.0,1.0,90.0,1,1249,Premium
C00709,Dormant,700,4,375.94,0,0.0,2.0,0.25,100.0,0,803,Basic
C00708,Dormant,728,1,108.95,0,0.0,1.0,1.0,100.0,0,751,Premium
C00706,Dormant,1174,4,416.33,0,0.0,4.0,0.5,100.0,0,1221,Basic
C00701,Dormant,1196,4,377.67,0,0.0,3.0,0.0,100.0,0,1269,Premium
C04634,Dormant,907,1,64.69,1,0.0,1.0,0.0,95.0,1,963,Basic
C00698,Dormant,892,4,403.81,0,0.0,2.0,0.0,100.0,0,940,Premium
C00697,Dormant,1124,2,176.0,1,0.0,2.0,0.0,95.0,0,1229,Premium
C04636,Dormant,1123,7,502.52,0,0.0,3.0,0.42857142857142855,100.0,0,1241,Basic
C00726,Dormant,990,2,139.16,0,0.0,2.0,0.0,100.0,0,1249,Basic
C00694,Dormant,906,1,59.55,0,0.0,1.0,0.0,100.0,0,927,Premium
C00751,Dormant,976,1,130.04,0,0.0,1.0,0.0,100.0,0,1000,Premium
C00759,Dormant,974,3,105.93,0,0.3333333333333333,2.0,0.0,100.0,0,1034,Basic
C00811,Dormant,782,4,293.61,2,0.0,4.0,0.5,80.0,0,943,Premium
C00809,Dormant,783,2,189.45,2,0.0,2.0,0.0,80.0,1,959,Basic
C00804,Dormant,809,3,401.58,1,0.0,3.0,0.0,80.0,0,948,Trial
C00803,Dormant,940,1,122.84,2,0.0,1.0,0.0,80.0,1,956,Trial
C00802,Dormant,1081,3,287.36,0,0.0,3.0,0.6666666666666666,100.0,1,1264,Trial
C04580,Dormant,829,6,524.4200000000001,1,0.0,5.0,0.16666666666666666,80.0,0,867,Basic
C04583,Dormant,1049,6,427.34000000000003,0,0.16666666666666666,3.0,0.5,100.0,0,1265,Trial
C00799,Dormant,857,5,580.62,1,0.0,4.0,0.8,80.0,0,1016,Premium
C00798,Dormant,927,8,870.38,0,0.0,6.0,0.25,100.0,0,1267,Premium
C04584,Dormant,976,9,987.0799999999999,0,0.0,5.0,0.4444444444444444,100.0,0,1082,Premium
C00795,Dormant,904,4,308.93,0,0.0,3.0,0.25,100.0,0,1018,Basic
C00793,Dormant,1098,1,109.86,1,0.0,1.0,0.0,80.0,1,1138,Premium
C00792,Dormant,792,4,535.79,0,0.0,4.0,0.25,100.0,0,957,Premium
C00789,Dormant,946,4,548.59,0,0.0,4.0,0.75,100.0,0,1276,Premium
C04603,Dormant,969,1,77.6,1,0.0,1.0,1.0,80.0,0,1092,Basic
C00788,Dormant,699,2,140.93,2,0.0,2.0,1.0,80.0,0,718,Basic
C00786,Dormant,1046,3,370.48,0,0.0,2.0,0.3333333333333333,100.0,0,1164,Trial
C00785,Dormant,715,3,253.04000000000002,0,0.0,2.0,0.0,100.0,0,745,Basic
C00784,Dormant,837,6,430.18,1,0.0,4.0,0.0,80.0,0,1052,Premium
C04588,Dormant,1028,2,343.26,1,0.0,1.0,0.5,80.0,1,1095,Basic
C00780,Dormant,763,4,292.24,0,0.0,3.0,0.5,100.0,0,951,Trial
C04592,Dormant,1184,5,524.38,0,0.0,4.0,0.2,100.0,0,1247,Premium
C00775,Dormant,848,7,423.3,0,0.0,4.0,0.42857142857142855,100.0,0,1083,Trial
C04595,Dormant,738,4,390.35,0,0.0,2.0,0.25,100.0,0,833,Trial
C04596,Dormant,912,3,301.33000000000004,1,0.0,2.0,0.3333333333333333,95.0,1,979,Basic
C00770,Dormant,1044,8,534.21,0,0.0,6.0,0.375,100.0,0,1159,Basic
C00768,Dormant,1246,5,358.53999999999996,1,0.4,2.0,0.4,95.0,0,1273,Basic
C00767,Dormant,1041,7,529.03,1,0.14285714285714285,3.0,0.5714285714285714,80.0,0,1202,Basic
C00766,Dormant,749,5,395.83,1,0.0,4.0,0.6,95.0,0,809,Premium
C00765,Dormant,1212,1,221.23,2,0.0,1.0,0.0,90.0,1,1271,Basic
C00787,Dormant,1081,4,344.66999999999996,0,0.0,2.0,0.5,100.0,0,1137,Premium
C00812,Dormant,806,5,517.73,0,0.0,3.0,0.2,100.0,0,901,Basic
C04638,Dormant,986,2,205.10000000000002,2,0.0,1.0,0.5,80.0,0,1071,Basic
C00691,Dormant,1059,1,83.88,2,0.0,1.0,0.0,90.0,1,1063,Trial
C04683,Dormant,922,2,157.93,0,0.0,2.0,0.5,100.0,1,951,Trial
C00619,Dormant,760,3,412.5,0,0.0,2.0,0.0,100.0,0,888,Premium
C00618,Dormant,987,2,153.88,1,0.0,2.0,0.5,80.0,1,1041,Premium
C04687,Dormant,1122,2,108.52,0,0.0,1.0,0.5,100.0,0,1205,Basic
C00616,Dormant,995,1,81.45,1,0.0,1.0,0.0,80.0,1,1009,Trial
C00614,Dormant,1098,4,414.59000000000003,2,0.0,2.0,0.25,90.0,1,1159,Trial
C00613,Dormant,758,5,413.83,1,0.0,5.0,0.6,80.0,0,839,Premium
C00611,Dormant,925,5,380.47,1,0.0,4.0,0.4,95.0,0,1027,Trial
C00610,Dormant,1085,5,536.8599999999999,1,0.0,4.0,0.4,95.0,0,1123,Basic
C00608,Dormant,1095,5,542.62,0,0.0,3.0,0.4,100.0,0,1182,Basic
C00607,Dormant,1094,5,440.61,0,0.0,3.0,0.6,100.0,0,1243,Premium
C00606,Dormant,750,3,282.78,1,0.0,3.0,0.3333333333333333,95.0,0,789,Basic
C00601,Dormant,1084,5,353.21999999999997,0,0.0,3.0,0.4,100.0,0,1226,Basic
C00600,Dormant,1106,7,1468.05,0,0.0,5.0,0.2857142857142857,100.0,0,1276,Premium
C04682,Dormant,904,1,134.17,2,0.0,1.0,1.0,90.0,1,986,Basic
C00599,Dormant,735,6,476.69,0,0.0,4.0,0.6666666666666666,100.0,0,820,Premium
C04696,Dormant,1092,6,427.5,0,0.0,3.0,0.3333333333333333,100.0,0,1219,Basic
C04698,Dormant,946,3,238.34,1,0.0,2.0,0.6666666666666666,95.0,1,1148,Trial
C04701,Dormant,1193,3,213.9,1,0.0,2.0,0.0,95.0,0,1269,Basic
C00589,Dormant,702,3,418.44,0,0.0,3.0,0.3333333333333333,100.0,0,801,Premium
C00588,Dormant,683,2,260.75,0,0.0,2.0,1.0,100.0,0,759,Basic
C04702,Dormant,1108,5,367.0,1,0.0,3.0,0.6,95.0,0,1248,Premium
C00585,Dormant,714,5,404.28999999999996,0,0.0,4.0,0.4,100.0,1,892,Trial
C00582,Dormant,1015,1,252.69,1,0.0,1.0,0.0,95.0,1,1172,Basic
C04705,Dormant,1009,6,426.08,2,0.0,4.0,0.5,90.0,0,1146,Premium
C04706,Dormant,746,1,202.44,0,0.0,1.0,0.0,100.0,1,1089,Premium
C00578,Dormant,1132,4,364.69,0,0.25,2.0,0.5,100.0,0,1214,Basic
C00576,Dormant,944,5,626.56,0,0.0,4.0,0.4,100.0,0,1100,Basic
C00574,Dormant,960,6,434.88,0,0.0,5.0,0.5,100.0,0,1131,Premium
C04709,Dormant,972,2,187.57,1,0.0,2.0,0.5,95.0,1,1001,Basic
C04695,Dormant,973,4,485.14,0,0.0,3.0,0.5,100.0,0,1084,Premium
C00692,Dormant,718,1,57.53,0,0.0,1.0,0.0,100.0,1,1038,Premium
C04681,Dormant,920,3,353.98,0,0.0,2.0,0.3333333333333333,100.0,0,1026,Premium
C00628,Dormant,1043,5,464.51,0,0.2,2.0,0.2,100.0,0,1202,Basic
C00689,Dormant,1146,4,537.5699999999999,1,0.0,2.0,0.25,95.0,0,1230,Premium
C04645,Dormant,984,5,376.26,0,0.0,3.0,0.4,100.0,0,1113,Premium
C00682,Dormant,880,5,507.15000000000003,0,0.0,3.0,0.4,100.0,0,931,Basic
C00681,Dormant,704,3,347.75,0,0.0,2.0,0.6666666666666666,100.0,0,753,Basic
C00680,Dormant,841,4,297.98,0,0.25,2.0,0.0,100.0,0,1044,Premium
C04646,Dormant,1016,8,746.47,1,0.0,5.0,0.5,95.0,0,1129,Basic
C04647,Dormant,939,1,198.69,2,0.0,1.0,1.0,90.0,1,983,Basic
C04648,Dormant,958,6,656.9300000000001,1,0.0,2.0,0.5,80.0,0,1082,Basic
C00671,Dormant,1012,2,133.38,2,0.0,2.0,0.5,80.0,1,1216,Trial
C00667,Dormant,894,5,470.01,0,0.0,4.0,0.2,100.0,0,996,Premium
C00665,Dormant,734,7,732.99,2,0.0,5.0,0.8571428571428571,90.0,0,917,Premium
C00663,Dormant,1037,5,382.89,0,0.0,5.0,0.2,100.0,0,1182,Premium
C04657,Dormant,848,4,338.36,2,0.0,3.0,0.0,90.0,0,881,Premium
C00660,Dormant,1026,5,391.7,0,0.0,3.0,0.4,100.0,0,1166,Premium
C04678,Dormant,746,2,333.73,2,0.0,2.0,0.5,80.0,1,1087,Trial
C00659,Dormant,1145,5,404.77,0,0.0,4.0,0.6,100.0,0,1234,Premium
C00656,Dormant,1173,1,34.81,1,0.0,1.0,1.0,95.0,1,1224,Trial
C00655,Dormant,725,1,84.11,1,0.0,1.0,0.0,80.0,1,731,Basic
C04660,Dormant,743,4,326.89,0,0.0,4.0,0.0,100.0,0,960,Basic
C00651,Dormant,980,1,301.29,1,0.0,1.0,1.0,80.0,1,1093,Basic
C00650,Dormant,1058,1,70.2,2,0.0,1.0,0.0,80.0,1,1139,Basic
C00647,Dormant,1118,3,286.7,1,0.0,3.0,0.3333333333333333,95.0,0,1144,Basic
C04665,Dormant,1092,4,286.01,0,0.0,2.0,0.75,100.0,0,1168,Premium
C04666,Dormant,860,2,96.17,0,0.0,2.0,0.5,100.0,0,905,Premium
C00639,Dormant,862,3,485.69,0,0.0,3.0,0.0,100.0,0,1028,Basic
C04670,Dormant,982,6,610.37,2,0.0,4.0,0.3333333333333333,90.0,0,1071,Premium
C04672,Dormant,1139,5,546.25,0,0.0,3.0,0.2,100.0,0,1234,Basic
C00634,Dormant,1000,3,483.7,0,0.0,3.0,0.3333333333333333,100.0,0,1179,Premium
C00630,Dormant,1158,1,58.04,1,0.0,1.0,1.0,95.0,1,1174,Basic
C04676,Dormant,1107,3,199.39,1,0.0,2.0,0.3333333333333333,95.0,0,1194,Basic
C00657,Dormant,1028,3,212.48,1,0.0,3.0,0.0,95.0,0,1072,Premium
C04574,Dormant,825,5,444.63,1,0.2,2.0,0.2,95.0,0,956,Premium
C00820,Dormant,1081,4,279.76,1,0.0,3.0,0.25,95.0,0,1272,Premium
C00822,Dormant,1137,3,258.14,1,0.0,3.0,0.6666666666666666,95.0,1,1199,Basic
C01004,Dormant,1022,1,121.2,2,0.0,1.0,0.0,90.0,1,1095,Premium
C01002,Dormant,747,5,494.44,1,0.0,2.0,0.2,95.0,0,825,Basic
C04448,Dormant,979,1,80.67,1,0.0,1.0,1.0,95.0,1,1019,Basic
C04450,Dormant,969,3,373.25,1,0.0,2.0,0.6666666666666666,95.0,1,1156,Basic
C03848,Dormant,1066,4,422.61,0,0.0,4.0,0.5,100.0,0,1163,Basic
C00993,Dormant,692,1,0.0,2,1.0,0.0,0.0,90.0,1,698,Basic
C04453,Dormant,1098,7,1044.97,1,0.0,5.0,0.42857142857142855,95.0,0,1223,Basic
C04456,Dormant,944,4,256.33,2,0.0,4.0,0.25,90.0,0,1036,Premium
C00990,Dormant,860,5,447.34000000000003,1,0.2,2.0,0.4,80.0,0,949,Premium
C04457,Dormant,764,1,26.09,2,0.0,1.0,1.0,80.0,1,794,Trial
C04459,Dormant,1010,2,102.93,0,0.5,1.0,0.5,100.0,0,1090,Premium
C00984,Dormant,1130,6,630.6800000000001,1,0.0,4.0,0.3333333333333333,80.0,0,1222,Basic
C00983,Dormant,925,2,328.95000000000005,1,0.0,2.0,0.0,80.0,1,1190,Basic
C04461,Dormant,888,2,204.03,2,0.0,2.0,0.0,90.0,1,1015,Trial
C04446,Dormant,682,1,39.3,2,0.0,1.0,1.0,80.0,1,774,Premium
C04464,Dormant,709,9,786.4100000000001,2,0.1111111111111111,5.0,0.6666666666666666,80.0,0,846,Basic
C04467,Dormant,867,8,672.7,1,0.0,4.0,0.375,80.0,0,979,Basic
C04472,Dormant,841,4,386.26,1,0.0,4.0,1.0,95.0,0,994,Premium
C04474,Dormant,1066,1,133.4,1,0.0,1.0,0.0,80.0,1,1205,Basic
C00972,Dormant,740,1,107.32,2,0.0,1.0,0.0,90.0,1,775,Trial
C00971,Dormant,975,1,95.38,2,0.0,1.0,0.0,80.0,1,1083,Trial
C00967,Dormant,1214,5,573.86,0,0.0,3.0,0.6,100.0,0,1259,Basic
C00965,Dormant,816,5,521.71,0,0.0,4.0,0.2,100.0,0,991,Basic
C00964,Dormant,696,4,498.76,0,0.0,3.0,0.0,100.0,1,848,Basic
C00963,Dormant,844,4,300.68,0,0.25,2.0,0.5,100.0,0,992,Premium
C00961,Dormant,986,10,800.71,0,0.0,4.0,0.1,100.0,0,1245,Basic
C00958,Dormant,795,5,652.89,2,0.0,2.0,0.4,80.0,0,842,Premium
C00957,Dormant,1006,1,120.03,0,0.0,1.0,0.0,100.0,0,1062,Premium
C04480,Dormant,979,6,416.05,1,0.0,4.0,0.3333333333333333,95.0,0,1136,Basic
C00955,Dormant,890,1,60.89,0,0.0,1.0,1.0,100.0,0,950,Basic
C04465,Dormant,997,1,84.2,0,0.0,1.0,1.0,100.0,1,1038,Premium
C00952,Dormant,736,7,734.2,1,0.0,5.0,0.42857142857142855,80.0,0,801,Basic
C04443,Dormant,826,3,364.52,1,0.0,3.0,1.0,80.0,0,872,Premium
C04441,Dormant,1156,1,90.39,0,0.0,1.0,1.0,100.0,0,1229,Basic
C01071,Dormant,699,2,171.56,1,0.0,1.0,0.0,80.0,0,1009,Trial
C01069,Dormant,1047,2,153.99,2,0.0,2.0,0.5,90.0,1,1109,Trial
C01066,Dormant,1117,3,566.98,0,0.0,3.0,0.3333333333333333,100.0,0,1250,Premium
C01065,Dormant,802,3,283.48,0,0.0,3.0,0.6666666666666666,100.0,1,935,Basic
C04409,Dormant,703,2,94.74000000000001,0,0.0,2.0,0.0,100.0,0,823,Basic
C04410,Dormant,1052,1,144.4,2,0.0,1.0,0.0,80.0,1,1127,Basic
C01058,Dormant,1059,6,746.32,0,0.0,4.0,0.5,100.0,0,1235,Premium
C01057,Dormant,1078,2,342.95,0,0.0,2.0,0.0,100.0,0,1149,Basic
C01055,Dormant,1061,8,707.74,0,0.0,4.0,0.25,100.0,0,1202,Basic
C01051,Dormant,1248,1,60.92,1,0.0,1.0,0.0,80.0,1,1248,Trial
C01050,Dormant,767,4,370.75,1,0.0,4.0,0.25,95.0,0,835,Premium
C01048,Dormant,1226,1,63.39,0,0.0,1.0,1.0,100.0,1,1273,Basic
C01047,Dormant,706,2,155.32999999999998,0,0.0,2.0,0.0,100.0,0,783,Premium
C01046,Dormant,1029,2,142.82,0,0.0,1.0,0.5,100.0,0,1040,Basic
C04442,Dormant,1111,2,95.14,1,0.0,2.0,0.0,95.0,0,1178,Premium
C01043,Dormant,729,1,97.2,0,0.0,1.0,0.0,100.0,0,751,Basic
C04418,Dormant,1032,1,203.53,0,0.0,1.0,1.0,100.0,0,1052,Basic
C04419,Dormant,975,5,551.78,0,0.0,5.0,0.2,100.0,0,1164,Premium
C01039,Dormant,996,2,177.3,1,0.0,2.0,0.0,95.0,1,1149,Trial
C01038,Dormant,1105,7,636.0799999999999,1,0.0,4.0,0.42857142857142855,80.0,0,1218,Basic
C01028,Dormant,1007,1,238.08,0,0.0,1.0,0.0,100.0,1,1016,Basic
C04424,Dormant,1136,1,110.12,0,0.0,1.0,0.0,100.0,0,1152,Basic
C04429,Dormant,847,5,418.06,0,0.0,4.0,0.0,100.0,0,996,Premium
C04431,Dormant,750,1,84.25,1,0.0,1.0,0.0,80.0,1,909,Trial
C01018,Dormant,1172,1,120.31,1,0.0,1.0,0.0,95.0,1,1195,Basic
C01015,Dormant,1086,4,398.94,0,0.0,2.0,0.25,100.0,0,1130,Basic
C01013,Dormant,1054,4,394.91,0,0.0,3.0,0.5,100.0,0,1126,Basic
C04437,Dormant,802,4,242.14,1,0.0,2.0,0.25,80.0,0,902,Basic
C01010,Dormant,1124,1,68.94,2,0.0,1.0,1.0,80.0,1,1270,Basic
C04440,Dormant,1080,1,102.18,0,0.0,1.0,1.0,100.0,1,1161,Trial
C04416,Dormant,1131,1,114.42,2,0.0,1.0,1.0,90.0,1,1201,Basic
C00951,Dormant,894,4,239.16,1,0.0,3.0,0.5,80.0,0,935,Trial
C00950,Dormant,964,10,934.88,0,0.1,5.0,0.5,100.0,0,1129,Basic
C04481,Dormant,1111,3,430.67,2,0.0,3.0,0.3333333333333333,90.0,0,1260,Trial
C04534,Dormant,1090,4,293.1,1,0.0,3.0,0.5,95.0,0,1129,Basic
C04540,Dormant,774,3,357.77,1,0.0,3.0,0.6666666666666666,80.0,0,999,Basic
C00873,Dormant,1005,5,467.4,0,0.0,4.0,0.6,100.0,0,1147,Premium
C00871,Dormant,842,4,592.44,0,0.0,2.0,0.25,100.0,0,953,Premium
C00870,Dormant,1215,4,348.90999999999997,0,0.0,3.0,0.5,100.0,0,1230,Basic
C00869,Dormant,1038,3,426.25,0,0.0,3.0,1.0,100.0,0,1262,Premium
C00867,Dormant,948,4,404.52,1,0.0,3.0,0.0,80.0,0,1061,Basic
C00866,Dormant,842,2,144.25,1,0.0,1.0,0.5,95.0,1,1049,Basic
C00859,Dormant,1078,1,94.42,1,0.0,1.0,0.0,95.0,1,1081,Basic
C00858,Dormant,971,1,60.87,0,0.0,1.0,0.0,100.0,0,988,Premium
C04550,Dormant,1108,3,318.99,0,0.0,2.0,0.6666666666666666,100.0,0,1114,Basic
C04551,Dormant,781,5,390.85,0,0.0,4.0,0.4,100.0,0,836,Basic
C04552,Dormant,712,3,235.0,0,0.0,3.0,0.3333333333333333,100.0,0,862,Premium
C04554,Dormant,994,5,328.09,0,0.0,4.0,0.4,100.0,0,1090,Basic
C04532,Dormant,978,3,343.31,1,0.0,2.0,0.3333333333333333,80.0,0,1038,Basic
C04556,Dormant,987,4,358.74,0,0.0,3.0,0.5,100.0,0,1083,Premium
C04558,Dormant,984,4,325.97,0,0.0,3.0,0.5,100.0,0,1133,Premium
C04559,Dormant,1026,4,416.1,0,0.0,3.0,0.25,100.0,0,1261,Premium
C04560,Dormant,716,3,378.83,0,0.0,3.0,0.0,100.0,0,854,Basic
C00844,Dormant,989,2,64.21,1,0.5,1.0,0.5,95.0,1,1079,Trial
C00842,Dormant,1006,2,111.92,0,0.0,1.0,0.0,100.0,1,1173,Basic
C04561,Dormant,876,1,87.82,1,0.0,1.0,0.0,95.0,1,1032,Basic
C00838,Dormant,1050,3,715.3299999999999,0,0.0,2.0,0.6666666666666666,100.0,0,1132,Premium
C04565,Dormant,808,7,546.21,0,0.0,2.0,0.5714285714285714,100.0,0,1148,Basic
C00832,Dormant,713,2,109.94,1,0.5,1.0,0.5,95.0,1,855,Premium
C04569,Dormant,1150,3,348.58,0,0.0,3.0,0.3333333333333333,100.0,0,1273,Premium
C00829,Dormant,933,5,338.1,2,0.2,3.0,0.4,80.0,0,981,Premium
C04570,Dormant,904,5,638.3,1,0.0,4.0,0.2,80.0,0,971,Premium
C00827,Dormant,1129,6,791.6400000000001,1,0.0,2.0,0.16666666666666666,95.0,0,1188,Basic
C00824,Dormant,1111,1,54.65,2,0.0,1.0,1.0,90.0,1,1145,Basic
C04557,Dormant,918,3,404.26,0,0.0,3.0,0.0,100.0,0,961,Trial
C00878,Dormant,1093,1,97.21,2,0.0,1.0,1.0,80.0,1,1208,Premium
C00879,Dormant,1167,9,892.5799999999999,0,0.0,4.0,0.2222222222222222,100.0,0,1266,Premium
C00883,Dormant,1152,5,669.8499999999999,0,0.0,3.0,0.2,100.0,0,1254,Basic
C04485,Dormant,844,4,552.36,0,0.0,3.0,0.25,100.0,0,901,Basic
C04487,Dormant,753,1,153.15,0,0.0,1.0,1.0,100.0,0,757,Basic
C04488,Dormant,1119,3,1189.32,0,0.0,3.0,0.3333333333333333,100.0,0,1187,Basic
C00944,Dormant,984,7,708.0699999999999,0,0.0,3.0,0.42857142857142855,100.0,0,1121,Basic
C00940,Dormant,1072,2,163.45,1,0.0,1.0,0.0,95.0,0,1214,Basic
C00939,Dormant,734,11,893.98,2,0.09090909090909091,6.0,0.5454545454545454,80.0,0,992,Trial
C00938,Dormant,1062,3,340.38,1,0.0,3.0,0.3333333333333333,95.0,0,1100,Basic
C00936,Dormant,1217,4,505.36,1,0.0,3.0,0.75,95.0,0,1252,Premium
C00929,Dormant,735,6,519.3,1,0.0,4.0,0.0,80.0,0,930,Premium
C00927,Dormant,722,1,83.32,0,0.0,1.0,0.0,100.0,1,802,Basic
C04495,Dormant,684,5,372.57,1,0.0,4.0,0.4,95.0,1,877,Basic
C00923,Dormant,857,6,494.23,2,0.0,3.0,0.6666666666666666,90.0,0,1033,Basic
C00920,Dormant,1122,2,216.92000000000002,2,0.0,2.0,0.5,80.0,0,1160,Premium
C00919,Dormant,857,3,364.59999999999997,1,0.0,2.0,0.0,95.0,0,964,Basic
C00918,Dormant,944,3,276.74,0,0.0,3.0,0.6666666666666666,100.0,0,1075,Premium
C04500,Dormant,990,1,78.14,2,0.0,1.0,1.0,80.0,1,1082,Basic
C00914,Dormant,786,3,374.65000000000003,1,0.0,1.0,0.0,95.0,0,906,Basic
C00885,Dormant,857,4,365.8,0,0.0,3.0,0.25,100.0,0,931,Basic
C00886,Dormant,869,3,335.46,0,0.0,2.0,0.3333333333333333,100.0,0,975,Premium
C00888,Dormant,704,5,605.5,0,0.0,4.0,0.6,100.0,0,881,Premium
C00890,Dormant,908,3,240.68,1,0.0,3.0,0.6666666666666666,80.0,1,1136,Basic
C04525,Dormant,711,1,0.0,1,1.0,0.0,1.0,80.0,1,743,Basic
C04524,Dormant,945,5,496.87,1,0.0,5.0,0.8,95.0,0,1056,Basic
C00564,Dormant,755,3,376.39,1,0.0,3.0,0.0,95.0,0,827,Basic
C00897,Dormant,879,4,545.38,1,0.0,3.0,0.25,80.0,0,921,Premium
C00900,Dormant,1087,3,578.32,0,0.0,2.0,0.6666666666666666,100.0,0,1150,Basic
C04514,Dormant,752,5,518.96,0,0.0,2.0,0.2,100.0,0,1053,Basic
C04509,Dormant,868,4,257.34000000000003,1,0.0,3.0,0.25,95.0,0,992,Basic
C04507,Dormant,1220,6,700.19,0,0.0,5.0,0.3333333333333333,100.0,0,1250,Basic
C04506,Dormant,972,4,372.39,2,0.0,2.0,0.0,80.0,1,1112,Premium
C04501,Dormant,1005,3,257.54,1,0.0,3.0,0.6666666666666666,95.0,1,1049,Basic
C04521,Dormant,1088,5,514.9200000000001,0,0.0,3.0,0.6,100.0,0,1243,Basic
C00562,Dormant,752,3,274.15000000000003,1,0.0,2.0,0.3333333333333333,95.0,0,1021,Premium
C00560,Dormant,871,1,91.34,0,0.0,1.0,0.0,100.0,1,887,Basic
C04715,Dormant,1002,2,259.85,0,0.0,1.0,0.0,100.0,0,1106,Premium
C00198,Dormant,872,1,158.55,0,0.0,1.0,1.0,100.0,0,931,Premium
C00197,Dormant,1040,3,548.8299999999999,0,0.0,3.0,0.3333333333333333,100.0,0,1133,Basic
C04896,Dormant,757,1,167.06,1,0.0,1.0,1.0,95.0,1,1154,Trial
C00195,Dormant,1068,4,446.46000000000004,0,0.0,3.0,0.5,100.0,0,1126,Basic
C00194,Dormant,739,2,231.35,1,0.0,2.0,0.0,80.0,1,804,Premium
C04898,Dormant,848,1,82.11,1,0.0,1.0,1.0,95.0,1,929,Trial
C04899,Dormant,929,4,287.36,0,0.0,2.0,0.5,100.0,0,1248,Basic
C00185,Dormant,798,1,56.6,0,0.0,1.0,1.0,100.0,1,874,Basic
C04901,Dormant,1236,1,65.64,0,0.0,1.0,0.0,100.0,0,1242,Basic
C00181,Dormant,740,1,161.21,1,0.0,1.0,0.0,95.0,1,813,Basic
C00180,Dormant,971,4,632.58,0,0.0,3.0,0.0,100.0,0,1090,Basic
C00177,Dormant,1009,4,261.81,0,0.0,3.0,0.5,100.0,0,1133,Premium
C00174,Dormant,981,4,180.32999999999998,1,0.25,2.0,0.25,95.0,0,1079,Premium
C00172,Dormant,905,5,582.75,0,0.0,4.0,0.4,100.0,0,997,Premium
C00202,Dormant,1255,1,29.46,2,0.0,1.0,0.0,80.0,1,1275,Premium
C04906,Dormant,685,3,406.15,2,0.0,1.0,0.3333333333333333,90.0,1,757,Premium
C00167,Dormant,982,1,107.59,1,0.0,1.0,1.0,95.0,1,1074,Basic
C00165,Dormant,959,1,0.0,1,1.0,0.0,0.0,80.0,1,1030,Basic
C04907,Dormant,682,2,271.95,0,0.0,2.0,0.0,100.0,1,1155,Basic
C00161,Dormant,714,1,116.22,1,0.0,1.0,1.0,95.0,1,892,Trial
C04908,Dormant,823,1,84.32,0,0.0,1.0,0.0,100.0,0,937,Premium
C00159,Dormant,965,6,442.33,0,0.0,3.0,0.3333333333333333,100.0,0,1057,Premium
C04909,Dormant,1063,2,217.22,0,0.0,2.0,0.5,100.0,0,1102,Basic
C00157,Dormant,1089,3,205.6,2,0.0,2.0,0.0,80.0,1,1275,Trial
C00156,Dormant,868,4,362.12,0,0.0,3.0,0.25,100.0,0,1164,Trial
C00151,Dormant,695,1,159.97,2,0.0,1.0,0.0,90.0,1,713,Basic
C04914,Dormant,1196,2,249.29000000000002,0,0.0,2.0,0.0,100.0,0,1268,Basic
C00146,Dormant,893,3,238.03,0,0.0,2.0,1.0,100.0,0,959,Premium
C00140,Dormant,1022,1,108.31,1,0.0,1.0,1.0,80.0,1,1087,Basic
C04917,Dormant,897,2,130.33,0,0.0,2.0,1.0,100.0,0,950,Basic
C00168,Dormant,1107,2,130.62,0,0.0,2.0,0.0,100.0,1,1154,Trial
C04918,Dormant,1152,9,771.03,1,0.0,5.0,0.2222222222222222,95.0,0,1262,Basic
C00204,Dormant,901,1,0.0,2,1.0,0.0,0.0,90.0,1,1023,Basic
C04889,Dormant,758,5,540.5799999999999,0,0.2,3.0,0.2,100.0,0,861,Basic
C04866,Dormant,751,4,544.64,0,0.0,4.0,0.25,100.0,1,855,Basic
C00261,Dormant,699,5,463.43,1,0.0,4.0,0.0,95.0,0,800,Premium
C00260,Dormant,1019,4,412.53,0,0.0,2.0,0.75,100.0,0,1119,Premium
C00259,Dormant,1164,5,396.32,0,0.0,4.0,0.2,100.0,0,1260,Basic
C04867,Dormant,775,5,389.72,0,0.0,3.0,0.6,100.0,0,913,Basic
C00257,Dormant,684,3,276.78,1,0.0,3.0,0.6666666666666666,80.0,0,730,Basic
C04868,Dormant,899,1,70.81,2,0.0,1.0,1.0,80.0,1,899,Premium
C00250,Dormant,970,2,298.28,1,0.0,2.0,0.0,80.0,1,993,Trial
C00248,Dormant,1014,1,102.03,0,0.0,1.0,1.0,100.0,1,1051,Trial
C00247,Dormant,1063,7,652.06,1,0.0,4.0,0.5714285714285714,95.0,0,1250,Premium
C00246,Dormant,751,3,314.84000000000003,1,0.0,3.0,0.0,80.0,0,839,Premium
C00244,Dormant,997,3,364.26,0,0.0,3.0,0.6666666666666666,100.0,0,1047,Premium
C00243,Dormant,1073,6,565.82,1,0.0,4.0,0.3333333333333333,95.0,0,1239,Basic
C04875,Dormant,1105,2,187.17000000000002,1,0.0,2.0,0.0,95.0,0,1255,Basic
C00208,Dormant,1085,5,530.4,1,0.0,3.0,0.4,95.0,0,1268,Premium
C04877,Dormant,1135,3,291.94,0,0.0,3.0,0.0,100.0,0,1143,Basic
C04881,Dormant,1092,5,564.3,0,0.0,2.0,0.2,100.0,0,1133,Premium
C04882,Dormant,1051,1,38.74,0,0.0,1.0,0.0,100.0,1,1053,Basic
C00227,Dormant,916,1,69.3,1,0.0,1.0,0.0,80.0,0,939,Premium
C00224,Dormant,1035,5,373.24,0,0.2,3.0,0.4,100.0,0,1124,Basic
C00223,Dormant,1132,1,122.35,0,0.0,1.0,1.0,100.0,1,1178,Premium
C04883,Dormant,977,5,350.75,0,0.0,3.0,0.2,100.0,0,1057,Basic
C00220,Dormant,1022,1,195.92,1,0.0,1.0,0.0,95.0,1,1023,Basic
C00219,Dormant,1087,5,365.11,0,0.0,3.0,0.6,100.0,0,1173,Basic
C04885,Dormant,802,1,85.9,1,0.0,1.0,0.0,95.0,1,844,Trial
C04886,Dormant,689,2,388.11,2,0.0,2.0,0.0,90.0,1,1012,Basic
C00215,Dormant,1101,5,784.46,0,0.0,3.0,0.0,100.0,0,1223,Basic
C00214,Dormant,1062,4,371.14,1,0.0,2.0,0.5,95.0,0,1125,Basic
C00211,Dormant,952,4,414.88,1,0.0,3.0,0.25,95.0,0,1069,Premium
C04888,Dormant,709,2,182.73000000000002,2,0.0,2.0,0.0,90.0,1,848,Basic
C00234,Dormant,774,2,196.88,1,0.0,2.0,0.0,95.0,0,876,Basic
C04920,Dormant,973,2,330.31,2,0.0,1.0,0.0,80.0,0,1051,Basic
C04921,Dormant,1023,3,381.70000000000005,0,0.0,2.0,0.3333333333333333,100.0,0,1164,Trial
C00126,Dormant,789,1,115.32,2,0.0,1.0,0.0,90.0,1,792,Trial
C00053,Dormant,933,4,371.91,0,0.0,3.0,0.25,100.0,0,1071,Basic
C00052,Dormant,1242,1,132.51,1,0.0,1.0,1.0,95.0,0,1242,Premium
C04968,Dormant,720,1,58.32,2,0.0,1.0,0.0,90.0,1,739,Basic
C00050,Dormant,720,1,92.15,2,0.0,1.0,0.0,90.0,1,768,Trial
C00048,Dormant,1120,1,75.31,2,0.0,1.0,0.0,90.0,1,1185,Basic
C04971,Dormant,868,2,307.36,2,0.0,2.0,0.0,80.0,1,903,Basic
C00046,Dormant,684,1,172.83,2,0.0,1.0,0.0,90.0,1,712,Basic
C00043,Dormant,1054,6,472.8,0,0.0,4.0,0.6666666666666666,100.0,0,1263,Basic
C04973,Dormant,979,2,193.67,1,0.0,2.0,0.0,95.0,1,1044,Trial
C00040,Dormant,857,1,129.41,0,0.0,1.0,1.0,100.0,0,889,Basic
C00039,Dormant,909,2,199.57,1,0.0,2.0,0.5,80.0,0,1110,Premium
C00037,Dormant,1096,2,316.41,1,0.0,2.0,0.0,80.0,1,1256,Basic
C04975,Dormant,699,1,100.55,0,0.0,1.0,1.0,100.0,0,714,Basic
C00033,Dormant,690,1,48.22,0,0.0,1.0,0.0,100.0,1,714,Basic
C04966,Dormant,1236,1,119.12,2,0.0,1.0,1.0,90.0,1,1242,Premium
C04979,Dormant,1023,8,787.9200000000001,1,0.0,6.0,0.25,95.0,0,1201,Premium
C00024,Dormant,760,1,105.93,1,0.0,1.0,0.0,80.0,1,802,Basic
C04985,Dormant,979,5,570.69,0,0.0,2.0,0.6,100.0,0,1024,Basic
C00021,Dormant,942,8,884.31,0,0.0,4.0,0.5,100.0,0,1024,Premium
C00020,Dormant,1061,3,209.57,1,0.0,2.0,0.6666666666666666,95.0,1,1255,Basic
C00018,Dormant,886,4,426.88,0,0.0,3.0,0.75,100.0,0,1000,Basic
C04988,Dormant,839,3,391.8,0,0.0,2.0,0.0,100.0,0,867,Basic
C04995,Dormant,742,1,36.88,2,0.0,1.0,1.0,80.0,1,749,Basic
C00012,Dormant,1058,6,560.66,0,0.0,2.0,0.5,100.0,0,1146,Trial
C00009,Dormant,1026,4,496.64,1,0.0,2.0,0.75,95.0,1,1189,Basic
C00008,Dormant,784,5,533.25,0,0.0,4.0,0.4,100.0,0,946,Basic
C00007,Dormant,685,3,474.23,2,0.0,2.0,0.6666666666666666,80.0,1,810,Trial
C00006,Dormant,1135,1,36.58,2,0.0,1.0,0.0,80.0,1,1155,Basic
C04997,Dormant,842,1,177.94,0,0.0,1.0,0.0,100.0,1,858,Basic
C04998,Dormant,757,3,280.09,0,0.0,2.0,0.3333333333333333,100.0,0,833,Basic
C00029,Dormant,909,4,372.51,0,0.25,2.0,0.25,100.0,0,1087,Basic
C04962,Dormant,684,5,376.76,0,0.0,4.0,0.4,100.0,0,782,Trial
C00062,Dormant,912,3,350.55,0,0.0,3.0,0.3333333333333333,100.0,0,1115,Basic
C00063,Dormant,1013,2,348.48,1,0.0,2.0,0.0,95.0,0,1075,Basic
C00125,Dormant,968,7,995.88,0,0.0,3.0,0.2857142857142857,100.0,0,1181,Basic
C04922,Dormant,1188,6,628.48,1,0.0,4.0,0.5,95.0,0,1276,Basic
C00118,Dormant,1006,5,443.09,1,0.0,3.0,0.8,80.0,0,1070,Premium
C00117,Dormant,853,1,115.31,0,0.0,1.0,0.0,100.0,1,884,Trial
C04930,Dormant,980,1,108.82,0,0.0,1.0,0.0,100.0,1,1106,Premium
C00112,Dormant,728,1,170.25,0,0.0,1.0,0.0,100.0,1,774,Premium
C04931,Dormant,1009,6,447.74,1,0.16666666666666666,3.0,0.3333333333333333,95.0,0,1143,Basic
C00105,Dormant,1060,10,1289.98,0,0.0,4.0,0.4,100.0,0,1178,Basic
C04936,Dormant,1036,2,123.73,0,0.0,2.0,0.0,100.0,0,1098,Basic
C00103,Dormant,759,1,61.8,2,0.0,1.0,1.0,80.0,1,870,Basic
C04938,Dormant,1061,3,229.28,2,0.3333333333333333,2.0,0.6666666666666666,80.0,1,1166,Basic
C00097,Dormant,933,6,390.98,0,0.3333333333333333,3.0,0.3333333333333333,100.0,0,1076,Premium
C04939,Dormant,1046,7,810.9399999999999,1,0.0,5.0,0.14285714285714285,80.0,0,1140,Premium
C00094,Dormant,1198,3,277.08,0,0.0,3.0,0.3333333333333333,100.0,1,1236,Trial
C04940,Dormant,970,1,47.35,1,0.0,1.0,1.0,95.0,1,1045,Basic
C00092,Dormant,942,1,202.93,1,0.0,1.0,1.0,95.0,1,1046,Trial
C00091,Dormant,846,1,75.19,1,0.0,1.0,0.0,95.0,1,898,Basic
C04960,Dormant,1085,2,283.54,0,0.0,2.0,0.5,100.0,0,1102,Premium
C00067,Dormant,755,3,303.57,0,0.0,2.0,0.3333333333333333,100.0,0,821,Basic
C00069,Dormant,875,2,287.27,0,0.0,2.0,0.5,100.0,1,981,Trial
C04956,Dormant,801,1,46.77,2,0.0,1.0,1.0,90.0,1,910,Trial
C04953,Dormant,1110,2,96.0,0,0.0,2.0,0.5,100.0,0,1129,Premium
C04952,Dormant,724,6,518.28,0,0.16666666666666666,3.0,0.16666666666666666,100.0,0,848,Basic
C04865,Dormant,967,3,232.88,1,0.0,2.0,0.0,95.0,0,1018,Basic
C00075,Dormant,937,1,0.0,1,1.0,0.0,1.0,95.0,1,1060,Basic
C00078,Dormant,765,2,285.76,0,0.0,2.0,0.5,100.0,1,897,Basic
C00079,Dormant,763,1,449.3,0,0.0,1.0,1.0,100.0,1,784,Premium
C04944,Dormant,755,4,485.23,1,0.0,3.0,0.0,95.0,0,796,Premium
C00081,Dormant,1250,3,323.76,0,0.0,3.0,0.0,100.0,0,1262,Basic
C00082,Dormant,1069,4,895.98,0,0.0,2.0,0.5,100.0,0,1212,Trial
C00090,Dormant,953,1,161.36,1,0.0,1.0,1.0,80.0,1,988,Trial
C00077,Dormant,1014,2,141.3,0,0.0,1.0,1.0,100.0,0,1089,Premium
C04398,Dormant,750,4,209.3,2,0.0,3.0,0.25,80.0,0,830,Basic
C00266,Dormant,874,5,421.26,0,0.0,3.0,0.0,100.0,0,997,Basic
C00268,Dormant,934,1,158.53,1,0.0,1.0,0.0,95.0,0,975,Basic
C04754,Dormant,1078,6,495.93,1,0.0,5.0,0.16666666666666666,95.0,0,1231,Premium
C00484,Dormant,754,1,116.86,2,0.0,1.0,0.0,80.0,1,785,Basic
C04758,Dormant,874,1,105.84,1,0.0,1.0,0.0,95.0,1,896,Trial
C00477,Dormant,1023,3,284.66,0,0.0,2.0,0.0,100.0,0,1042,Basic
C04759,Dormant,1025,5,504.69,1,0.0,4.0,0.2,95.0,0,1159,Trial
C04760,Dormant,993,7,904.62,0,0.0,3.0,0.42857142857142855,100.0,0,1161,Basic
C00471,Dormant,1102,6,622.72,0,0.0,4.0,0.5,100.0,0,1168,Premium
C04761,Dormant,944,3,269.02,1,0.0,3.0,0.3333333333333333,95.0,0,1017,Premium
C04764,Dormant,1199,3,190.77,0,0.0,2.0,0.3333333333333333,100.0,0,1270,Premium
C00461,Dormant,947,5,432.43,0,0.0,3.0,0.2,100.0,0,1133,Basic
C04765,Dormant,725,4,676.13,1,0.0,4.0,0.25,95.0,0,911,Premium
C00457,Dormant,708,1,35.54,2,0.0,1.0,0.0,80.0,1,822,Basic
C00455,Dormant,990,2,270.53999999999996,0,0.0,2.0,0.0,100.0,0,1201,Basic
C04767,Dormant,816,1,93.69,0,0.0,1.0,1.0,100.0,0,848,Basic
C00486,Dormant,704,4,403.57,1,0.0,2.0,0.5,95.0,1,1107,Basic
C00452,Dormant,1050,2,202.57999999999998,1,0.0,2.0,0.5,95.0,0,1100,Trial
C04770,Dormant,803,7,551.44,1,0.0,5.0,0.14285714285714285,80.0,0,910,Basic
C00442,Dormant,860,4,449.21,0,0.0,3.0,1.0,100.0,0,998,Premium
C00441,Dormant,1104,1,112.86,0,0.0,1.0,0.0,100.0,1,1240,Basic
C00439,Dormant,1028,1,220.12,0,0.0,1.0,1.0,100.0,1,1181,Premium
C00434,Dormant,1001,3,244.33,0,0.0,2.0,0.3333333333333333,100.0,0,1085,Basic
C00432,Dormant,694,2,286.13,1,0.0,2.0,0.5,95.0,1,820,Basic
C00427,Dormant,794,1,108.66,2,0.0,1.0,0.0,90.0,0,864,Premium
C04777,Dormant,823,2,193.53,0,0.0,2.0,0.5,100.0,0,943,Premium
C04779,Dormant,767,2,101.63,0,0.0,2.0,0.5,100.0,0,929,Basic
C04780,Dormant,910,5,565.95,0,0.0,2.0,0.2,100.0,0,1004,Basic
C00423,Dormant,1086,1,90.93,2,0.0,1.0,0.0,80.0,1,1162,Trial
C04786,Dormant,1120,4,402.43,0,0.25,3.0,0.25,100.0,0,1198,Basic
C00417,Dormant,1141,3,215.97,2,0.0,3.0,0.0,90.0,0,1187,Premium
C04789,Dormant,720,2,135.74,0,0.0,2.0,0.0,100.0,1,919,Premium
C00446,Dormant,944,7,764.23,1,0.0,6.0,0.42857142857142855,95.0,0,1215,Premium
C00414,Dormant,1071,7,599.56,1,0.0,3.0,0.2857142857142857,95.0,0,1242,Basic
C04752,Dormant,804,5,689.91,1,0.0,3.0,0.2,95.0,0,918,Basic
C00491,Dormant,835,5,703.17,1,0.0,4.0,0.4,80.0,0,938,Trial
C04717,Dormant,1056,7,673.89,0,0.14285714285714285,4.0,0.2857142857142857,100.0,0,1089,Basic
C04719,Dormant,1025,2,135.11,0,0.0,2.0,0.5,100.0,0,1225,Premium
C04720,Dormant,1023,7,585.88,1,0.0,3.0,0.2857142857142857,80.0,0,1166,Basic
C04727,Dormant,800,5,796.65,0,0.0,4.0,0.2,100.0,0,978,Basic
C00545,Dormant,994,1,37.29,1,0.0,1.0,0.0,95.0,1,1187,Basic
C00541,Dormant,723,7,465.15000000000003,0,0.14285714285714285,4.0,0.2857142857142857,100.0,0,904,Premium
C04730,Dormant,976,5,609.11,0,0.0,4.0,0.4,100.0,1,1140,Trial
C04732,Dormant,783,3,348.04999999999995,0,0.0,3.0,0.0,100.0,0,837,Basic
C04737,Dormant,723,6,620.9300000000001,1,0.0,4.0,0.5,80.0,0,838,Premium
C00530,Dormant,1119,1,105.23,1,0.0,1.0,0.0,95.0,1,1230,Premium
C00528,Dormant,1026,3,287.55,0,0.0,3.0,0.3333333333333333,100.0,0,1074,Basic
C00526,Dormant,1076,4,412.17,0,0.0,2.0,0.75,100.0,0,1197,Basic
C00524,Dormant,952,4,365.24,0,0.0,3.0,0.5,100.0,0,1104,Premium
C00521,Dormant,1065,1,182.94,0,0.0,1.0,1.0,100.0,1,1219,Premium
C00490,Dormant,1135,3,386.14,2,0.0,2.0,0.6666666666666666,80.0,0,1248,Basic
C00520,Dormant,1002,1,181.02,2,0.0,1.0,1.0,90.0,1,1143,Premium
C00514,Dormant,915,2,176.42000000000002,2,0.0,2.0,0.5,80.0,1,1087,Trial
C00513,Dormant,830,1,63.47,1,0.0,1.0,0.0,95.0,1,929,Basic
C04743,Dormant,779,4,327.26,0,0.0,3.0,0.25,100.0,0,850,Premium
C04747,Dormant,802,4,209.57,0,0.0,3.0,0.25,100.0,0,949,Premium
C04748,Dormant,1160,1,62.49,2,0.0,1.0,0.0,80.0,1,1225,Premium
C04749,Dormant,854,4,345.57,0,0.0,4.0,0.0,100.0,0,901,Premium
C00501,Dormant,1166,7,695.65,1,0.0,2.0,0.14285714285714285,95.0,0,1238,Basic
C04750,Dormant,725,2,264.16,1,0.0,2.0,0.0,95.0,1,1014,Basic
C00498,Dormant,1066,1,95.24,2,0.0,1.0,1.0,90.0,1,1110,Basic
C00496,Dormant,695,8,726.61,1,0.0,5.0,0.125,80.0,0,832,Trial
C04751,Dormant,891,6,536.6700000000001,0,0.16666666666666666,4.0,0.3333333333333333,100.0,0,1010,Basic
C00494,Dormant,881,5,608.71,1,0.0,3.0,0.2,80.0,0,1060,Basic
C00493,Dormant,682,4,387.81,0,0.0,4.0,0.25,100.0,0,766,Basic
C00492,Dormant,736,1,97.04,1,0.0,1.0,0.0,95.0,0,777,Premium
C04740,Dormant,835,1,141.38,1,0.0,1.0,1.0,95.0,1,866,Premium
C00411,Dormant,1027,9,689.29,2,0.0,5.0,0.2222222222222222,80.0,0,1265,Basic
C00410,Dormant,797,1,322.39,1,0.0,1.0,1.0,80.0,0,880,Basic
C00409,Dormant,872,5,398.63,0,0.0,3.0,0.2,100.0,0,992,Premium
C04825,Dormant,685,5,515.68,0,0.2,2.0,0.2,100.0,0,718,Premium
C04827,Dormant,974,3,591.63,1,0.0,2.0,0.3333333333333333,80.0,0,1017,Basic
C04829,Dormant,890,2,245.36,1,0.0,2.0,0.0,95.0,0,973,Basic
C00330,Dormant,1078,4,646.01,0,0.0,4.0,0.0,100.0,0,1272,Premium
C04834,Dormant,1107,2,293.90999999999997,2,0.0,2.0,0.5,80.0,1,1169,Premium
C04835,Dormant,818,6,421.41999999999996,0,0.0,3.0,0.3333333333333333,100.0,0,1009,Premium
C04836,Dormant,792,1,55.95,1,0.0,1.0,0.0,95.0,1,1055,Basic
C04839,Dormant,964,4,402.94,0,0.0,4.0,0.75,100.0,0,1022,Basic
C00324,Dormant,762,2,177.05,0,0.0,2.0,0.5,100.0,0,833,Basic
C04840,Dormant,977,4,455.36,1,0.0,2.0,0.5,95.0,0,1024,Basic
C04841,Dormant,869,4,305.02,0,0.0,4.0,0.5,100.0,0,1020,Trial
C00316,Dormant,984,5,581.97,0,0.0,4.0,0.4,100.0,0,1127,Trial
C00313,Dormant,1044,6,701.76,0,0.0,4.0,0.16666666666666666,100.0,0,1226,Basic
C04843,Dormant,756,1,62.22,0,0.0,1.0,1.0,100.0,1,835,Trial
C00336,Dormant,1169,1,81.69,2,0.0,1.0,0.0,90.0,1,1230,Trial
C00305,Dormant,751,3,206.87,1,0.0,3.0,0.6666666666666666,95.0,0,877,Premium
C00302,Dormant,1174,4,530.66,1,0.0,4.0,0.25,95.0,0,1257,Premium
C00300,Dormant,1147,3,143.35,2,0.3333333333333333,2.0,1.0,80.0,1,1241,Trial
C04850,Dormant,1116,6,540.67,1,0.0,5.0,0.3333333333333333,95.0,0,1258,Basic
C00291,Dormant,1005,4,368.3,0,0.0,3.0,0.25,100.0,0,1031,Basic
C04853,Dormant,1131,7,362.5,0,0.14285714285714285,2.0,0.5714285714285714,100.0,0,1244,Basic
C00288,Dormant,717,3,251.05,0,0.0,3.0,0.6666666666666666,100.0,0,787,Basic
C00287,Dormant,1111,4,295.59000000000003,0,0.0,3.0,0.0,100.0,0,1122,Premium
C04855,Dormant,964,8,701.99,1,0.125,5.0,0.375,80.0,0,1122,Basic
C00280,Dormant,1126,3,167.56,2,0.0,2.0,1.0,80.0,1,1259,Basic
C00279,Dormant,966,8,819.41,0,0.0,4.0,0.25,100.0,0,1149,Basic
C00276,Dormant,885,5,579.1,1,0.0,4.0,0.4,80.0,0,1024,Basic
C00275,Dormant,948,2,231.16,0,0.0,2.0,0.5,100.0,1,1086,Premium
C04861,Dormant,845,2,187.23000000000002,2,0.0,2.0,1.0,80.0,1,1006,Trial
C04863,Dormant,1018,4,447.99,1,0.0,3.0,0.5,80.0,0,1105,Basic
C00303,Dormant,872,1,101.14,1,0.0,1.0,0.0,95.0,1,956,Basic
C04822,Dormant,830,4,335.85,1,0.0,3.0,0.5,95.0,0,900,Basic
C00341,Dormant,830,3,205.64,0,0.0,2.0,1.0,100.0,0,1008,Basic
C04820,Dormant,932,2,116.88,1,0.0,2.0,0.5,80.0,1,985,Basic
C00405,Dormant,746,7,498.36,0,0.0,3.0,0.42857142857142855,100.0,0,897,Basic
C04792,Dormant,696,1,50.98,1,0.0,1.0,0.0,80.0,1,701,Basic
C04793,Dormant,837,3,206.73000000000002,1,0.0,3.0,0.3333333333333333,95.0,1,1033,Basic
C00402,Dormant,1054,1,200.38,1,0.0,1.0,0.0,95.0,1,1117,Trial
C00399,Dormant,915,3,388.72,0,0.0,2.0,0.6666666666666666,100.0,0,1019,Premium
C00398,Dormant,818,1,213.99,1,0.0,1.0,1.0,95.0,1,941,Basic
C04794,Dormant,714,1,0.0,0,1.0,0.0,0.0,100.0,1,771,Basic
C04795,Dormant,773,2,87.38,2,0.0,2.0,0.5,80.0,1,855,Basic
C04797,Dormant,811,5,537.3,0,0.0,4.0,0.2,100.0,0,1060,Premium
C04799,Dormant,764,1,65.45,1,0.0,1.0,1.0,95.0,1,947,Basic
C00387,Dormant,1038,3,353.78,0,0.0,2.0,0.3333333333333333,100.0,0,1254,Premium
C00386,Dormant,829,5,412.02,2,0.0,2.0,0.8,90.0,0,920,Basic
C00384,Dormant,894,5,483.46,0,0.0,4.0,0.6,100.0,0,936,Basic
C00383,Dormant,834,3,223.38,0,0.0,3.0,0.3333333333333333,100.0,0,845,Premium
C00382,Dormant,790,1,72.61,1,0.0,1.0,0.0,95.0,1,803,Basic
C00381,Dormant,953,6,848.1999999999999,1,0.0,3.0,0.16666666666666666,95.0,0,1059,Premium
C00376,Dormant,1180,1,127.41,2,0.0,1.0,0.0,80.0,1,1183,Trial
C04818,Dormant,919,7,903.48,0,0.0,4.0,0.2857142857142857,100.0,0,986,Basic
C00346,Dormant,1031,2,124.17,0,0.0,2.0,0.5,100.0,0,1157,Premium
C04817,Dormant,951,4,507.65,0,0.0,2.0,0.25,100.0,0,1088,Basic
C00350,Dormant,999,10,868.55,0,0.1,5.0,0.3,100.0,0,1160,Premium
C04816,Dormant,715,2,419.63,2,0.0,2.0,1.0,90.0,1,820,Basic
C04815,Dormant,706,2,182.14,1,0.0,2.0,0.5,95.0,0,799,Premium
C00267,Dormant,759,1,55.32,2,0.0,1.0,0.0,90.0,1,780,Basic
C04814,Dormant,1203,1,42.04,0,0.0,1.0,0.0,100.0,0,1206,Premium
C04812,Dormant,693,4,528.03,0,0.0,3.0,0.25,100.0,0,775,Trial
C04811,Dormant,838,2,365.98,1,0.0,2.0,0.0,95.0,0,850,Premium
C00367,Dormant,945,6,469.0,2,0.0,3.0,0.3333333333333333,90.0,0,1030,Basic
C00369,Dormant,934,7,816.02,0,0.0,4.0,0.2857142857142857,100.0,0,1123,Basic
C04806,Dormant,702,5,628.04,0,0.0,4.0,0.2,100.0,0,764,Basic
C04802,Dormant,882,2,147.55,1,0.0,2.0,0.5,95.0,0,896,Basic
C00361,Dormant,746,1,177.74,1,0.0,1.0,0.0,80.0,0,789,Basic
C01079,Dormant,1011,4,276.4,1,0.0,3.0,0.0,95.0,1,1147,Basic
C00996,Dormant,1081,11,918.66,1,0.0,4.0,0.2727272727272727,95.0,0,1181,Premium
C03124,Dormant,811,6,524.37,0,0.0,4.0,0.0,100.0,0,920,Basic
C01470,Dormant,814,4,339.53,0,0.0,3.0,0.5,100.0,0,894,Premium
C01469,Dormant,874,5,495.36,0,0.0,4.0,0.4,100.0,0,1026,Basic
C01468,Dormant,1042,1,83.58,2,0.0,1.0,0.0,90.0,1,1166,Basic
C03960,Dormant,702,2,138.0,0,0.0,2.0,0.5,100.0,0,707,Premium
C01464,Dormant,952,5,509.56,0,0.0,4.0,0.4,100.0,0,1054,Basic
C03959,Dormant,857,3,228.37,0,0.0,3.0,0.3333333333333333,100.0,0,913,Basic
C01461,Dormant,1164,1,103.63,1,0.0,1.0,0.0,95.0,1,1268,Basic
C01459,Dormant,884,4,255.95,1,0.25,3.0,0.5,80.0,0,960,Premium
C01769,Dormant,836,1,142.66,2,0.0,1.0,1.0,90.0,1,858,Premium
C01458,Dormant,707,2,127.51,1,0.0,2.0,0.0,95.0,0,849,Premium
C04136,Dormant,986,2,154.48000000000002,1,0.0,2.0,0.5,80.0,0,1170,Premium
C01471,Dormant,1188,6,470.38,0,0.0,3.0,0.5,100.0,0,1270,Premium
C01776,Dormant,774,3,299.01,0,0.0,2.0,0.0,100.0,0,836,Basic
C01452,Dormant,887,3,249.82,1,0.0,2.0,0.0,95.0,1,1187,Premium
C01779,Dormant,912,4,280.43,0,0.0,4.0,0.5,100.0,0,1014,Premium
C03951,Dormant,783,2,210.84,2,0.0,2.0,0.0,80.0,1,897,Premium
C04139,Dormant,1117,1,167.87,2,0.0,1.0,0.0,90.0,1,1138,Basic
C01450,Dormant,884,3,256.46000000000004,1,0.3333333333333333,2.0,0.0,95.0,0,1083,Premium
C04142,Dormant,900,1,103.02,0,0.0,1.0,1.0,100.0,1,1004,Premium
C04144,Dormant,724,3,195.70999999999998,1,0.0,2.0,0.6666666666666666,95.0,0,771,Basic
C01444,Dormant,824,4,343.41,1,0.0,4.0,0.25,95.0,0,1052,Premium
C01443,Dormant,1250,2,94.47,2,0.0,2.0,1.0,80.0,1,1275,Trial
C01442,Dormant,888,3,283.82,1,0.0,2.0,0.6666666666666666,80.0,0,1035,Trial
C04146,Dormant,825,1,82.15,1,0.0,1.0,0.0,95.0,1,853,Basic
C01453,Dormant,1115,5,407.53000000000003,1,0.0,2.0,0.4,95.0,0,1155,Premium
C04147,Dormant,837,5,553.61,0,0.0,2.0,0.2,100.0,0,887,Basic
C03963,Dormant,981,4,301.95,1,0.0,3.0,0.25,80.0,0,1227,Basic
C04394,Dormant,819,1,92.82,0,0.0,1.0,0.0,100.0,1,820,Basic
C01741,Dormant,696,4,414.18,0,0.0,2.0,0.0,100.0,0,756,Premium
C01508,Dormant,909,1,123.79,1,0.0,1.0,0.0,95.0,1,924,Basic
C01506,Dormant,733,3,319.05,0,0.0,2.0,0.6666666666666666,100.0,0,832,Basic
C01505,Dormant,1056,6,767.54,0,0.0,5.0,0.16666666666666666,100.0,0,1242,Premium
C01500,Dormant,698,3,211.54000000000002,0,0.0,3.0,0.0,100.0,0,965,Basic
C01496,Dormant,852,4,329.55,1,0.0,4.0,0.25,95.0,0,970,Basic
C01495,Dormant,945,3,226.7,1,0.0,2.0,0.3333333333333333,95.0,0,989,Basic
C01742,Dormant,1103,3,256.81,2,0.0,3.0,0.6666666666666666,80.0,1,1267,Basic
C04116,Dormant,1124,4,489.68,0,0.0,2.0,0.25,100.0,0,1134,Premium
C03974,Dormant,904,1,61.6,2,0.0,1.0,0.0,80.0,1,917,Basic
C01744,Dormant,781,1,56.51,0,0.0,1.0,0.0,100.0,1,899,Trial
C04130,Dormant,849,2,226.35,2,0.0,2.0,0.5,90.0,1,1137,Basic
C03973,Dormant,1076,6,498.31,0,0.16666666666666666,4.0,0.3333333333333333,100.0,0,1221,Premium
C01490,Dormant,1011,3,394.62,2,0.0,3.0,0.6666666666666666,80.0,0,1155,Premium
C01488,Dormant,1073,3,293.98,1,0.0,3.0,0.6666666666666666,95.0,0,1190,Trial
C04120,Dormant,736,3,194.05,0,0.0,3.0,0.3333333333333333,100.0,0,806,Premium
C04121,Dormant,782,4,401.01,0,0.0,3.0,0.75,100.0,0,893,Basic
C01483,Dormant,1179,2,215.51999999999998,2,0.0,2.0,0.0,90.0,1,1263,Trial
C03972,Dormant,951,7,591.7,1,0.0,5.0,0.5714285714285714,95.0,0,1041,Basic
C04123,Dormant,846,1,67.46,1,0.0,1.0,1.0,80.0,1,860,Trial
C04124,Dormant,821,5,492.8,1,0.0,4.0,0.2,95.0,0,969,Premium
C01476,Dormant,1168,2,104.12,2,0.0,2.0,0.0,90.0,1,1255,Trial
C01751,Dormant,1135,3,268.99,1,0.0,3.0,0.3333333333333333,80.0,1,1227,Trial
C01474,Dormant,1042,3,441.92,0,0.0,2.0,0.3333333333333333,100.0,0,1069,Basic
C01747,Dormant,1088,2,165.57999999999998,0,0.0,1.0,0.5,100.0,1,1125,Basic
C01511,Dormant,1052,1,114.17,2,0.0,1.0,0.0,80.0,1,1118,Basic
C04151,Dormant,774,2,410.16999999999996,2,0.0,2.0,0.0,90.0,1,784,Trial
C04152,Dormant,892,3,244.65,1,0.0,3.0,0.3333333333333333,80.0,0,1085,Basic
C01398,Dormant,742,2,161.47,2,0.0,2.0,0.5,90.0,1,928,Basic
C01397,Dormant,839,3,233.89000000000001,0,0.0,2.0,0.0,100.0,0,890,Basic
C01396,Dormant,988,3,247.13,0,0.0,3.0,0.0,100.0,0,1078,Basic
C04176,Dormant,1004,8,810.59,0,0.0,3.0,0.375,100.0,0,1194,Basic
C01393,Dormant,684,1,62.82,0,0.0,1.0,0.0,100.0,1,757,Basic
C04177,Dormant,865,1,167.73,2,0.0,1.0,0.0,90.0,1,1025,Basic
C01391,Dormant,780,6,500.28,0,0.16666666666666666,3.0,0.0,100.0,0,847,Basic
C04180,Dormant,1062,1,229.4,1,0.0,1.0,0.0,80.0,1,1067,Trial
C04183,Dormant,755,3,412.44,1,0.0,3.0,0.6666666666666666,95.0,0,830,Premium
C04186,Dormant,724,3,182.20999999999998,1,0.0,3.0,0.6666666666666666,80.0,0,805,Premium
C01809,Dormant,766,5,569.28,0,0.0,3.0,0.2,100.0,0,896,Premium
C01805,Dormant,1041,7,693.16,0,0.0,4.0,0.42857142857142855,100.0,0,1128,Premium
C01810,Dormant,1187,1,75.87,0,0.0,1.0,1.0,100.0,1,1219,Premium
C03927,Dormant,849,5,673.6,2,0.0,2.0,0.2,90.0,0,937,Basic
C04190,Dormant,1007,5,426.12,0,0.0,3.0,0.2,100.0,0,1140,Basic
C04193,Dormant,958,4,401.26,0,0.0,4.0,0.75,100.0,0,1093,Basic
C04194,Dormant,727,3,374.37,1,0.0,2.0,0.0,95.0,0,805,Premium
C03923,Dormant,955,5,500.28,1,0.0,4.0,0.4,95.0,0,981,Premium
C01369,Dormant,866,3,243.98000000000002,0,0.0,2.0,0.0,100.0,0,1120,Basic
C01366,Dormant,1186,1,137.02,0,0.0,1.0,0.0,100.0,0,1238,Basic
C01365,Dormant,795,4,280.74,1,0.0,4.0,0.75,80.0,0,880,Premium
C01360,Dormant,681,2,146.45,2,0.0,2.0,0.5,80.0,1,818,Trial
C01816,Dormant,885,3,474.14,1,0.0,3.0,0.0,80.0,1,923,Basic
C04206,Dormant,890,7,395.36,0,0.14285714285714285,4.0,0.2857142857142857,100.0,0,1125,Basic
C01686,Dormant,1145,3,244.18,0,0.0,2.0,0.6666666666666666,100.0,0,1234,Premium
C03949,Dormant,805,4,489.90000000000003,0,0.0,3.0,0.5,100.0,0,911,Premium
C01401,Dormant,729,5,278.97,1,0.0,2.0,0.2,80.0,0,899,Premium
C04172,Dormant,886,4,397.59000000000003,1,0.0,2.0,0.25,95.0,0,969,Basic
C01784,Dormant,876,2,129.53,0,0.0,2.0,1.0,100.0,0,975,Basic
C01432,Dormant,821,2,239.35,1,0.0,2.0,0.5,95.0,1,876,Trial
C01430,Dormant,1040,4,523.35,0,0.0,3.0,0.5,100.0,0,1063,Basic
C01787,Dormant,878,5,350.58,0,0.2,2.0,0.4,100.0,0,989,Premium
C04156,Dormant,996,3,256.49,0,0.0,3.0,0.3333333333333333,100.0,0,1138,Basic
C01425,Dormant,1129,6,562.9300000000001,0,0.0,3.0,0.8333333333333334,100.0,0,1266,Trial
C01424,Dormant,1049,5,441.7,0,0.0,2.0,0.0,100.0,0,1111,Premium
C01790,Dormant,1106,6,520.5,1,0.0,4.0,0.5,95.0,0,1241,Premium
C01422,Dormant,912,1,105.36,0,0.0,1.0,0.0,100.0,1,939,Basic
C01793,Dormant,1197,1,101.07,2,0.0,1.0,0.0,90.0,1,1204,Basic
C03943,Dormant,1003,7,735.99,0,0.0,4.0,0.42857142857142855,100.0,0,1065,Basic
C01404,Dormant,704,7,648.67,2,0.0,4.0,0.14285714285714285,80.0,0,750,Premium
C01420,Dormant,1079,1,69.67,2,0.0,1.0,1.0,90.0,1,1205,Trial
C04161,Dormant,1070,1,59.38,1,0.0,1.0,0.0,95.0,1,1173,Basic
C03939,Dormant,1155,2,153.61,1,0.0,2.0,0.5,95.0,0,1189,Basic
C01803,Dormant,795,1,54.02,0,0.0,1.0,1.0,100.0,1,849,Premium
C01417,Dormant,797,4,489.02,2,0.0,2.0,0.25,80.0,0,882,Basic
C01414,Dormant,1067,9,723.23,1,0.0,4.0,0.4444444444444444,95.0,0,1160,Premium
C04166,Dormant,945,3,255.26999999999998,0,0.0,3.0,0.3333333333333333,100.0,0,1093,Basic
C03938,Dormant,998,2,178.86,0,0.0,1.0,0.0,100.0,0,1122,Basic
C04170,Dormant,957,5,432.05,1,0.0,3.0,0.4,95.0,0,1100,Basic
C04171,Dormant,1112,2,205.70000000000002,1,0.0,2.0,0.0,80.0,0,1219,Premium
C01407,Dormant,691,5,753.73,1,0.0,3.0,0.4,95.0,0,822,Basic
C01406,Dormant,970,4,420.39,1,0.0,3.0,0.5,80.0,0,1071,Basic
C03942,Dormant,1041,3,244.26999999999998,1,0.0,2.0,0.0,95.0,0,1098,Basic
C04210,Dormant,983,1,69.92,2,0.0,1.0,1.0,80.0,0,1006,Basic
C03975,Dormant,1019,4,551.1700000000001,1,0.0,4.0,0.75,95.0,1,1167,Trial
C01514,Dormant,820,3,263.96,1,0.3333333333333333,2.0,0.6666666666666666,95.0,0,873,Trial
C01638,Dormant,814,3,306.61,0,0.0,2.0,0.3333333333333333,100.0,0,916,Basic
C04041,Dormant,714,4,406.59000000000003,0,0.0,4.0,0.25,100.0,0,789,Basic
C03995,Dormant,957,6,551.4,0,0.0,3.0,0.16666666666666666,100.0,0,1181,Basic
C04047,Dormant,935,4,415.79,0,0.0,3.0,0.5,100.0,0,1007,Basic
C04048,Dormant,771,2,197.70999999999998,1,0.0,2.0,0.5,95.0,1,967,Trial
C01628,Dormant,880,3,186.78,0,0.0,3.0,0.3333333333333333,100.0,0,974,Premium
C01712,Dormant,790,3,258.01,0,0.0,2.0,1.0,100.0,0,904,Premium
C03994,Dormant,1166,1,86.32,2,0.0,1.0,0.0,90.0,1,1266,Basic
C01623,Dormant,1085,6,581.4,1,0.0,4.0,0.6666666666666666,95.0,0,1191,Premium
C01622,Dormant,722,5,542.78,1,0.0,4.0,0.4,95.0,0,760,Trial
C04054,Dormant,1137,7,632.1,0,0.0,4.0,0.42857142857142855,100.0,0,1224,Basic
C04039,Dormant,977,5,457.75,0,0.0,4.0,0.6,100.0,0,1053,Premium
C01619,Dormant,1027,8,1136.69,0,0.0,6.0,0.375,100.0,0,1148,Premium
C01617,Dormant,856,2,215.79000000000002,0,0.0,1.0,0.0,100.0,0,902,Basic
C01716,Dormant,1061,6,495.68,1,0.0,3.0,0.5,80.0,0,1171,Basic
C01718,Dormant,1121,5,305.81,1,0.0,4.0,0.4,80.0,1,1275,Trial
C01614,Dormant,840,4,355.56,1,0.0,2.0,0.25,95.0,0,969,Basic
C01613,Dormant,777,2,164.55,1,0.0,2.0,0.0,95.0,0,893,Premium
C01612,Dormant,945,5,561.0799999999999,1,0.0,4.0,0.0,95.0,0,1126,Premium
C01607,Dormant,983,5,753.65,1,0.0,3.0,0.4,80.0,0,1060,Basic
C01606,Dormant,986,2,199.04000000000002,2,0.0,2.0,0.5,90.0,1,1151,Basic
C04058,Dormant,721,5,402.53,0,0.0,4.0,0.6,100.0,0,871,Basic
C01602,Dormant,782,1,40.9,1,0.0,1.0,1.0,95.0,1,787,Trial
C04063,Dormant,890,1,269.38,0,0.0,1.0,0.0,100.0,0,1030,Basic
C01715,Dormant,870,1,123.59,1,0.0,1.0,1.0,95.0,1,986,Basic
C01596,Dormant,757,5,489.28000000000003,1,0.0,3.0,0.2,80.0,0,792,Basic
C01708,Dormant,692,3,349.74,2,0.0,3.0,0.3333333333333333,90.0,1,807,Basic
C03997,Dormant,1041,4,318.2,1,0.0,4.0,0.0,80.0,0,1085,Basic
C04008,Dormant,965,2,106.31,0,0.0,2.0,1.0,100.0,0,1093,Premium
C04009,Dormant,889,2,285.71000000000004,0,0.0,2.0,0.0,100.0,1,1051,Trial
C01683,Dormant,872,4,417.95,1,0.0,4.0,0.5,95.0,0,973,Basic
C01682,Dormant,1219,4,425.36,0,0.0,3.0,0.5,100.0,0,1265,Basic
C01679,Dormant,704,4,336.5,0,0.25,2.0,0.25,100.0,0,823,Premium
C01692,Dormant,812,1,78.8,1,0.0,1.0,0.0,95.0,1,850,Trial
C01676,Dormant,1171,1,59.57,2,0.0,1.0,1.0,80.0,1,1192,Premium
C01694,Dormant,1076,5,538.73,0,0.0,3.0,0.2,100.0,0,1256,Premium
C01695,Dormant,708,1,49.48,1,0.0,1.0,0.0,95.0,1,870,Trial
C04017,Dormant,1087,4,382.57,0,0.0,3.0,0.5,100.0,0,1171,Premium
C01668,Dormant,1103,4,268.61,0,0.0,3.0,0.5,100.0,0,1175,Premium
C01707,Dormant,1058,2,266.62,0,0.0,1.0,0.5,100.0,0,1136,Basic
C01667,Dormant,754,5,548.95,0,0.0,4.0,0.4,100.0,0,986,Premium
C04000,Dormant,1025,1,64.62,2,0.0,1.0,0.0,80.0,1,1039,Premium
C01656,Dormant,749,3,442.89,0,0.0,3.0,0.0,100.0,0,822,Basic
C01701,Dormant,682,4,487.76,1,0.0,3.0,0.5,80.0,0,878,Premium
C04028,Dormant,964,8,1013.4300000000001,0,0.0,5.0,0.375,100.0,0,1076,Basic
C03998,Dormant,742,5,469.03000000000003,0,0.0,5.0,0.4,100.0,0,791,Premium
C01651,Dormant,1041,4,217.22,0,0.0,3.0,0.75,100.0,0,1258,Basic
C01704,Dormant,1156,4,285.2,1,0.0,3.0,0.25,95.0,0,1226,Trial
C01647,Dormant,760,3,340.70000000000005,0,0.0,3.0,0.3333333333333333,100.0,0,788,Basic
C04033,Dormant,741,4,304.52,1,0.0,4.0,0.0,95.0,0,1050,Basic
C04034,Dormant,917,5,416.24,2,0.2,2.0,0.2,80.0,0,1229,Trial
C04037,Dormant,1003,2,153.64,2,0.0,1.0,0.0,80.0,1,1090,Basic
C04023,Dormant,1014,3,208.57999999999998,0,0.0,2.0,0.6666666666666666,100.0,0,1237,Basic
C01513,Dormant,1212,1,107.5,2,0.0,1.0,0.0,90.0,1,1253,Basic
C01595,Dormant,905,5,440.15,1,0.0,4.0,0.6,95.0,0,1079,Basic
C01593,Dormant,999,4,419.75,0,0.0,4.0,0.5,100.0,0,1158,Basic
C01546,Dormant,870,3,350.23,0,0.0,3.0,0.6666666666666666,100.0,0,984,Basic
C01545,Dormant,833,4,383.94,2,0.0,4.0,0.75,80.0,0,902,Trial
C01544,Dormant,1237,2,189.18,0,0.0,2.0,0.0,100.0,1,1275,Trial
C01728,Dormant,821,3,410.09,0,0.0,2.0,0.0,100.0,0,965,Basic
C03988,Dormant,972,5,332.95,0,0.0,5.0,1.0,100.0,0,1176,Premium
C01543,Dormant,860,3,162.4,0,0.3333333333333333,1.0,0.3333333333333333,100.0,0,943,Basic
C01540,Dormant,733,1,113.03,1,0.0,1.0,0.0,95.0,1,799,Trial
C01538,Dormant,1026,1,59.52,1,0.0,1.0,0.0,80.0,1,1177,Basic
C04092,Dormant,1007,6,294.23,0,0.16666666666666666,3.0,0.3333333333333333,100.0,0,1168,Basic
C01534,Dormant,1066,9,1143.42,0,0.0,5.0,0.5555555555555556,100.0,0,1256,Basic
C01533,Dormant,709,1,85.14,1,0.0,1.0,1.0,95.0,1,747,Basic
C04085,Dormant,738,4,333.09000000000003,0,0.0,3.0,0.25,100.0,0,777,Basic
C01531,Dormant,1004,6,464.91999999999996,0,0.0,6.0,0.3333333333333333,100.0,0,1091,Premium
C04093,Dormant,792,5,804.78,0,0.0,4.0,0.4,100.0,0,949,Basic
C01529,Dormant,910,4,514.78,0,0.0,2.0,0.25,100.0,0,982,Premium
C04094,Dormant,872,4,494.33000000000004,0,0.0,2.0,0.5,100.0,0,962,Trial
C01527,Dormant,897,1,246.03,0,0.0,1.0,0.0,100.0,1,942,Trial
C01736,Dormant,1032,4,349.15999999999997,0,0.0,3.0,0.5,100.0,0,1136,Basic
C04098,Dormant,1053,3,267.31,0,0.0,2.0,0.3333333333333333,100.0,0,1121,Basic
C01523,Dormant,849,1,81.02,2,0.0,1.0,0.0,80.0,1,857,Basic
C04105,Dormant,998,1,85.77,0,0.0,1.0,0.0,100.0,1,1264,Basic
C01520,Dormant,827,4,332.15999999999997,0,0.0,3.0,0.25,100.0,1,1125,Trial
C04107,Dormant,734,2,237.05,0,0.0,2.0,0.5,100.0,0,779,Premium
C04108,Dormant,811,3,385.19,2,0.0,2.0,0.0,80.0,1,1039,Basic
C01732,Dormant,1215,2,201.07,1,0.0,2.0,0.5,95.0,0,1241,Premium
C01721,Dormant,1061,3,273.95,0,0.0,3.0,0.3333333333333333,100.0,1,1187,Trial
C01550,Dormant,915,1,54.93,0,0.0,1.0,0.0,100.0,0,959,Basic
C01552,Dormant,1164,6,582.4200000000001,2,0.0,4.0,0.5,80.0,0,1263,Basic
C04066,Dormant,1188,5,474.99,1,0.0,2.0,0.6,95.0,0,1271,Basic
C01590,Dormant,814,4,406.26,2,0.0,3.0,0.5,80.0,1,995,Basic
C04068,Dormant,849,3,253.15,0,0.0,3.0,0.3333333333333333,100.0,0,890,Premium
C01722,Dormant,842,5,449.82000000000005,1,0.0,3.0,0.2,80.0,0,927,Basic
C01586,Dormant,908,1,225.94,1,0.0,1.0,0.0,95.0,1,943,Basic
C01583,Dormant,1031,9,1246.58,0,0.0,6.0,0.4444444444444444,100.0,0,1121,Basic
C03991,Dormant,790,5,796.78,0,0.0,4.0,0.6,100.0,0,894,Basic
C01582,Dormant,934,2,350.69,2,0.0,2.0,1.0,90.0,0,972,Basic
C01581,Dormant,1044,9,795.15,0,0.0,5.0,0.5555555555555556,100.0,0,1112,Premium
C04073,Dormant,955,1,107.17,1,0.0,1.0,0.0,95.0,1,969,Trial
C01575,Dormant,803,3,185.23000000000002,1,0.0,2.0,0.6666666666666666,95.0,1,964,Basic
C01551,Dormant,858,3,372.46000000000004,1,0.0,3.0,0.0,80.0,1,896,Basic
C01572,Dormant,1069,7,746.5799999999999,0,0.0,5.0,0.0,100.0,0,1144,Premium
C04079,Dormant,855,1,264.7,1,0.0,1.0,1.0,95.0,0,894,Basic
C01565,Dormant,797,2,207.57,1,0.0,2.0,0.5,95.0,0,990,Basic
C01563,Dormant,879,4,264.98,1,0.0,2.0,0.5,80.0,0,976,Basic
C03125,Dormant,912,6,497.87,1,0.0,4.0,0.16666666666666666,95.0,0,1003,Premium
C01561,Dormant,971,2,216.5,0,0.0,2.0,0.0,100.0,1,1016,Basic
C01560,Dormant,1096,2,238.38,0,0.0,2.0,0.0,100.0,0,1211,Premium
C01559,Dormant,1221,1,94.55,0,0.0,1.0,0.0,100.0,0,1249,Trial
C01556,Dormant,1035,4,401.07,0,0.0,4.0,0.25,100.0,0,1147,Basic
C01554,Dormant,1031,2,201.89,0,0.0,2.0,0.5,100.0,0,1046,Basic
C01726,Dormant,1041,7,1283.9,1,0.14285714285714285,4.0,0.2857142857142857,95.0,0,1118,Basic
C01553,Dormant,699,6,451.66999999999996,0,0.0,3.0,0.3333333333333333,100.0,0,773,Basic
C01568,Dormant,911,1,159.47,1,0.0,1.0,0.0,80.0,1,1007,Trial
C01354,Dormant,1004,2,394.1,1,0.0,2.0,0.5,95.0,1,1248,Premium
C03929,Dormant,773,4,327.55,1,0.0,3.0,0.25,80.0,0,838,Basic
C04212,Dormant,1065,3,447.95,2,0.0,3.0,0.6666666666666666,80.0,1,1172,Basic
C04314,Dormant,1211,1,42.53,1,0.0,1.0,1.0,95.0,1,1271,Trial
C04317,Dormant,830,5,790.81,1,0.0,3.0,0.4,80.0,0,870,Basic
C01192,Dormant,886,1,132.47,2,0.0,1.0,1.0,90.0,1,1032,Trial
C01870,Dormant,685,2,98.1,0,0.5,1.0,1.0,100.0,0,787,Premium
C04321,Dormant,757,5,539.9,0,0.0,4.0,0.4,100.0,0,887,Premium
C01188,Dormant,1056,5,489.27,0,0.0,4.0,0.2,100.0,0,1248,Premium
C04325,Dormant,976,5,442.85,2,0.0,2.0,0.2,80.0,0,1131,Basic
C01183,Dormant,820,1,43.77,2,0.0,1.0,0.0,80.0,1,863,Basic
C01871,Dormant,1174,9,817.88,0,0.0,5.0,0.2222222222222222,100.0,0,1265,Basic
C04328,Dormant,1098,4,234.31,1,0.0,4.0,0.5,80.0,0,1264,Trial
C04330,Dormant,805,2,240.29000000000002,1,0.0,1.0,0.0,95.0,1,893,Basic
C04333,Dormant,1195,4,316.57,0,0.0,4.0,0.25,100.0,0,1258,Basic
C04334,Dormant,684,2,220.6,0,0.0,2.0,0.0,100.0,1,702,Basic
C04337,Dormant,779,2,146.95,1,0.0,2.0,0.0,95.0,1,858,Trial
C01171,Dormant,1154,2,59.09,1,0.0,2.0,0.5,80.0,1,1238,Trial
C01170,Dormant,750,6,428.99,1,0.16666666666666666,3.0,0.5,95.0,0,913,Premium
C04339,Dormant,1088,3,180.45,0,0.0,3.0,0.3333333333333333,100.0,0,1155,Premium
C01168,Dormant,860,5,609.45,0,0.0,4.0,0.0,100.0,0,1094,Basic
C01876,Dormant,1036,7,587.8199999999999,0,0.14285714285714285,3.0,0.0,100.0,0,1143,Trial
C03881,Dormant,754,2,121.53,2,0.0,2.0,0.0,80.0,0,806,Basic
C01880,Dormant,1142,1,85.64,2,0.0,1.0,0.0,90.0,1,1204,Basic
C01164,Dormant,1065,2,112.95000000000002,1,0.0,2.0,0.0,95.0,0,1146,Premium
C04341,Dormant,1039,6,652.55,1,0.0,4.0,0.6666666666666666,95.0,0,1233,Basic
C01881,Dormant,799,5,266.77,0,0.0,3.0,0.2,100.0,0,878,Basic
C01884,Dormant,1075,2,97.86,1,0.0,2.0,0.5,95.0,0,1147,Premium
C01869,Dormant,768,4,264.51,0,0.0,3.0,0.25,100.0,0,1033,Premium
C04342,Dormant,895,1,118.36,0,0.0,1.0,1.0,100.0,1,896,Basic
C01867,Dormant,838,1,109.79,0,0.0,1.0,1.0,100.0,1,935,Basic
C01197,Dormant,774,4,459.11,0,0.0,3.0,0.5,100.0,0,1011,Basic
C01234,Dormant,1161,3,77.09,1,0.3333333333333333,2.0,0.3333333333333333,95.0,1,1223,Premium
C03895,Dormant,702,6,541.53,1,0.0,3.0,0.6666666666666666,80.0,0,871,Trial
C01233,Dormant,911,2,247.29000000000002,1,0.0,2.0,0.5,80.0,0,1018,Basic
C04291,Dormant,1177,3,180.03,1,0.0,2.0,0.3333333333333333,95.0,0,1255,Premium
C01229,Dormant,955,9,1057.82,0,0.0,5.0,0.2222222222222222,100.0,0,1059,Premium
C01227,Dormant,1042,1,103.97,1,0.0,1.0,1.0,95.0,1,1051,Basic
C04294,Dormant,1237,2,258.95,1,0.0,2.0,0.5,95.0,1,1269,Premium
C04296,Dormant,723,4,391.10999999999996,0,0.0,2.0,0.0,100.0,0,748,Premium
C01222,Dormant,843,6,548.95,0,0.0,5.0,0.3333333333333333,100.0,0,1051,Premium
C04299,Dormant,891,1,69.19,0,0.0,1.0,1.0,100.0,1,1111,Basic
C04301,Dormant,769,1,121.95,1,0.0,1.0,0.0,80.0,1,781,Basic
C01866,Dormant,1013,2,160.14,1,0.0,2.0,0.0,95.0,1,1134,Trial
C04211,Dormant,804,1,128.01,1,0.0,1.0,1.0,80.0,1,817,Basic
C01215,Dormant,1041,6,1022.5699999999999,0,0.0,4.0,0.16666666666666666,100.0,0,1090,Premium
C04303,Dormant,823,1,145.66,1,0.0,1.0,0.0,80.0,1,848,Trial
C04305,Dormant,932,3,180.55,0,0.3333333333333333,2.0,1.0,100.0,0,1114,Trial
C04306,Dormant,864,3,262.62,1,0.0,2.0,0.3333333333333333,95.0,0,911,Basic
C04307,Dormant,1071,3,374.24,1,0.0,2.0,0.3333333333333333,95.0,1,1205,Trial
C01208,Dormant,778,1,63.0,2,0.0,1.0,0.0,90.0,1,845,Basic
C01207,Dormant,964,4,355.46999999999997,0,0.0,2.0,0.0,100.0,0,984,Basic
C01205,Dormant,869,5,587.1,1,0.0,4.0,0.4,95.0,0,953,Basic
C01204,Dormant,876,2,117.93,0,0.5,1.0,0.0,100.0,0,901,Premium
C01203,Dormant,1141,4,342.46000000000004,0,0.0,3.0,0.25,100.0,1,1274,Premium
C01201,Dormant,755,6,429.08,1,0.0,3.0,0.5,95.0,0,888,Basic
C01200,Dormant,765,4,426.07,0,0.0,3.0,0.5,100.0,0,937,Basic
C01196,Dormant,842,5,429.78999999999996,0,0.0,2.0,0.2,100.0,0,900,Premium
C01864,Dormant,863,1,70.32,2,0.0,1.0,1.0,90.0,1,1015,Basic
C04343,Dormant,982,4,398.87,0,0.0,3.0,0.5,100.0,0,1132,Trial
C01158,Dormant,683,5,463.96999999999997,0,0.0,3.0,0.2,100.0,0,875,Premium
C03857,Dormant,1093,7,660.85,0,0.0,4.0,0.42857142857142855,100.0,0,1209,Basic
C01112,Dormant,1105,8,847.15,1,0.0,4.0,0.125,95.0,0,1252,Basic
C01111,Dormant,950,8,1094.38,0,0.0,4.0,0.25,100.0,0,1235,Premium
C01109,Dormant,1007,7,735.66,0,0.0,5.0,0.42857142857142855,100.0,0,1216,Basic
C04381,Dormant,1087,1,140.36,1,0.0,1.0,0.0,80.0,1,1106,Trial
C01910,Dormant,1067,7,468.93,0,0.0,4.0,0.42857142857142855,100.0,0,1149,Premium
C01911,Dormant,873,5,321.75,0,0.0,3.0,0.4,100.0,0,1185,Basic
C04385,Dormant,724,2,265.19,0,0.0,2.0,0.5,100.0,0,927,Premium
C01105,Dormant,1104,6,634.6,0,0.0,4.0,0.5,100.0,0,1204,Basic
C01104,Dormant,897,8,1054.9099999999999,1,0.0,6.0,0.375,80.0,0,1123,Basic
C01103,Dormant,812,4,463.6,1,0.0,3.0,0.25,80.0,1,1076,Basic
C01102,Dormant,777,2,186.7,1,0.0,2.0,0.0,95.0,0,795,Basic
C01101,Dormant,846,2,147.43,1,0.0,2.0,0.0,95.0,0,912,Premium
C01098,Dormant,1116,1,93.44,1,0.0,1.0,0.0,95.0,1,1208,Trial
C01097,Dormant,747,3,235.06,1,0.0,1.0,0.6666666666666666,95.0,1,871,Basic
C01915,Dormant,796,4,447.19,0,0.0,4.0,0.75,100.0,0,830,Basic
C01092,Dormant,1044,6,647.1999999999999,1,0.0,3.0,0.3333333333333333,95.0,0,1179,Premium
C04391,Dormant,1183,6,731.47,1,0.0,4.0,0.5,80.0,0,1271,Basic
C04392,Dormant,846,4,437.59,0,0.0,3.0,0.75,100.0,0,989,Premium
C01916,Dormant,795,5,441.11,0,0.0,4.0,0.0,100.0,0,887,Basic
C01086,Dormant,1260,1,74.56,0,0.0,1.0,1.0,100.0,0,1266,Basic
C03854,Dormant,1064,6,625.76,0,0.0,4.0,0.0,100.0,0,1139,Premium
C01085,Dormant,1033,4,448.21,0,0.0,3.0,0.0,100.0,0,1128,Basic
C01919,Dormant,898,2,115.39000000000001,0,0.0,2.0,0.5,100.0,1,1023,Trial
C01084,Dormant,1216,1,74.41,0,0.0,1.0,0.0,100.0,0,1248,Trial
C03858,Dormant,870,3,285.59999999999997,0,0.0,2.0,0.0,100.0,0,894,Basic
C03877,Dormant,986,2,216.84,2,0.0,2.0,0.5,80.0,1,1088,Basic
C04379,Dormant,835,1,178.03,0,0.0,1.0,0.0,100.0,0,854,Basic
C01117,Dormant,1086,2,291.34000000000003,1,0.0,2.0,0.5,95.0,1,1175,Basic
C01155,Dormant,847,3,290.64,1,0.0,1.0,0.3333333333333333,95.0,0,905,Premium
C04347,Dormant,861,1,58.66,0,0.0,1.0,1.0,100.0,1,922,Premium
C04351,Dormant,773,3,285.33000000000004,0,0.0,3.0,0.6666666666666666,100.0,0,879,Basic
C01148,Dormant,1037,3,387.2,0,0.0,2.0,0.6666666666666666,100.0,0,1140,Premium
C01146,Dormant,848,8,971.97,2,0.0,4.0,0.375,80.0,0,942,Basic
C01144,Dormant,894,5,482.47,0,0.0,4.0,0.0,100.0,0,1027,Premium
C04355,Dormant,1046,3,281.33000000000004,0,0.0,2.0,0.0,100.0,0,1090,Basic
C01141,Dormant,807,1,103.39,1,0.0,1.0,0.0,80.0,1,876,Basic
C04357,Dormant,845,1,105.17,0,0.0,1.0,1.0,100.0,0,848,Basic
C01886,Dormant,984,1,55.53,2,0.0,1.0,1.0,80.0,1,1011,Trial
C01137,Dormant,996,2,167.66,1,0.0,2.0,0.5,95.0,1,1230,Trial
C01136,Dormant,692,4,389.84,2,0.0,3.0,0.25,80.0,1,788,Premium
C04359,Dormant,961,2,213.57,0,0.0,2.0,1.0,100.0,1,1040,Trial
C03876,Dormant,977,1,70.35,1,0.0,1.0,1.0,95.0,1,989,Basic
C04362,Dormant,917,5,464.38,0,0.0,4.0,0.4,100.0,0,1141,Premium
C01890,Dormant,929,6,560.87,1,0.16666666666666666,4.0,0.3333333333333333,80.0,0,1113,Basic
C04365,Dormant,992,2,111.0,1,0.0,2.0,0.5,95.0,0,1118,Premium
C01127,Dormant,1037,2,118.84,0,0.0,2.0,0.5,100.0,0,1061,Premium
C03874,Dormant,1100,1,69.14,2,0.0,1.0,0.0,80.0,1,1107,Basic
C01126,Dormant,1110,1,301.08,2,0.0,1.0,0.0,80.0,1,1265,Basic
C04366,Dormant,1053,2,268.24,0,0.0,2.0,0.5,100.0,0,1076,Basic
C04370,Dormant,832,3,282.66,0,0.0,2.0,0.0,100.0,0,906,Premium
C01896,Dormant,1005,3,382.61,1,0.0,3.0,0.0,95.0,0,1039,Premium
C03865,Dormant,1066,1,116.78,1,0.0,1.0,0.0,95.0,0,1066,Basic
C01120,Dormant,772,5,433.59000000000003,0,0.2,3.0,0.8,100.0,0,1002,Premium
C03861,Dormant,1147,6,635.19,1,0.0,4.0,0.3333333333333333,95.0,0,1203,Basic
C04290,Dormant,805,3,357.82,0,0.0,2.0,0.3333333333333333,100.0,0,872,Premium
C01216,Dormant,1211,1,45.66,1,0.0,1.0,0.0,95.0,1,1216,Trial
C04286,Dormant,1105,4,497.51,1,0.0,3.0,0.25,95.0,0,1166,Trial
C04244,Dormant,1027,5,655.36,0,0.0,3.0,0.2,100.0,0,1186,Premium
C04245,Dormant,745,2,191.31,0,0.0,2.0,0.0,100.0,0,747,Premium
C01307,Dormant,823,3,490.21999999999997,0,0.0,2.0,0.0,100.0,0,921,Premium
C01306,Dormant,1065,2,50.8,0,0.5,1.0,0.0,100.0,0,1195,Basic
C01305,Dormant,877,1,56.5,1,0.0,1.0,0.0,95.0,0,914,Basic
C04250,Dormant,1024,3,335.09,0,0.3333333333333333,2.0,0.3333333333333333,100.0,0,1085,Basic
C01833,Dormant,738,1,39.4,1,0.0,1.0,0.0,95.0,1,762,Basic
C04287,Dormant,845,4,296.29999999999995,0,0.0,4.0,1.0,100.0,0,892,Trial
C03910,Dormant,1012,3,287.47,0,0.0,3.0,0.0,100.0,0,1111,Premium
C03909,Dormant,724,1,86.08,1,0.0,1.0,0.0,80.0,1,745,Premium
C04243,Dormant,799,2,233.9,0,0.0,2.0,0.5,100.0,0,806,Basic
C01297,Dormant,1029,1,59.07,0,0.0,1.0,1.0,100.0,0,1144,Premium
C01294,Dormant,844,1,87.7,0,0.0,1.0,0.0,100.0,0,855,Basic
C01293,Dormant,947,1,54.9,0,0.0,1.0,0.0,100.0,1,1086,Trial
C01292,Dormant,896,1,119.54,2,0.0,1.0,0.0,90.0,1,921,Basic
C01840,Dormant,881,4,458.14,1,0.0,2.0,0.75,95.0,0,956,Basic
C01290,Dormant,808,2,161.29,0,0.0,2.0,0.5,100.0,0,914,Basic
C04255,Dormant,1004,2,185.26999999999998,1,0.0,2.0,0.5,95.0,1,1074,Premium
C01286,Dormant,759,3,150.38,0,0.0,2.0,0.0,100.0,0,924,Trial
C01841,Dormant,830,1,68.27,1,0.0,1.0,0.0,95.0,1,991,Basic
C01842,Dormant,937,2,254.92,0,0.0,2.0,0.0,100.0,0,1128,Premium
C01285,Dormant,1110,3,290.39,1,0.0,2.0,0.0,95.0,0,1185,Basic
C01296,Dormant,1207,1,69.88,0,0.0,1.0,0.0,100.0,1,1270,Basic
C01312,Dormant,1133,5,602.16,1,0.0,3.0,0.4,95.0,0,1260,Basic
C01313,Dormant,913,1,88.76,1,0.0,1.0,0.0,95.0,1,917,Basic
C03912,Dormant,1104,5,413.5,2,0.0,4.0,0.2,90.0,0,1187,Premium
C01351,Dormant,809,5,547.84,1,0.0,4.0,0.2,80.0,0,896,Basic
C04213,Dormant,1050,5,803.46,0,0.0,5.0,0.6,100.0,0,1115,Basic
C01347,Dormant,867,5,410.35,0,0.0,3.0,0.8,100.0,0,992,Basic
C04215,Dormant,797,5,400.15999999999997,1,0.0,4.0,0.6,80.0,0,843,Basic
C01344,Dormant,904,1,137.08,1,0.0,1.0,0.0,95.0,0,971,Premium
C01343,Dormant,905,2,279.66999999999996,0,0.0,2.0,0.5,100.0,1,1067,Basic
C01817,Dormant,1127,1,138.67,1,0.0,1.0,0.0,80.0,1,1161,Premium
C01340,Dormant,1155,2,235.38,0,0.0,2.0,0.5,100.0,0,1255,Basic
C04217,Dormant,1019,4,265.73,2,0.0,3.0,0.0,90.0,1,1137,Basic
C04218,Dormant,1113,1,89.01,1,0.0,1.0,1.0,80.0,1,1190,Premium
C01820,Dormant,857,5,402.15999999999997,1,0.0,4.0,0.4,80.0,0,990,Basic
C01333,Dormant,1077,1,64.2,0,0.0,1.0,1.0,100.0,1,1085,Trial
C04221,Dormant,1057,1,58.58,2,0.0,1.0,0.0,90.0,1,1148,Premium
C01331,Dormant,719,3,356.65999999999997,0,0.0,2.0,0.3333333333333333,100.0,0,793,Basic
C01329,Dormant,966,2,152.18,0,0.0,2.0,0.5,100.0,0,999,Premium
C01822,Dormant,952,1,183.72,1,0.0,1.0,0.0,95.0,1,966,Trial
C04223,Dormant,937,5,429.89000000000004,0,0.0,4.0,0.4,100.0,0,1128,Basic
C01327,Dormant,1067,4,218.41,0,0.0,3.0,0.75,100.0,0,1240,Basic
C01326,Dormant,845,2,392.88,1,0.0,2.0,1.0,80.0,0,942,Premium
C03914,Dormant,966,3,279.59000000000003,1,0.3333333333333333,2.0,0.0,95.0,1,1264,Premium
C04230,Dormant,926,5,649.0699999999999,2,0.0,2.0,0.0,80.0,1,1027,Basic
C01318,Dormant,873,1,41.75,1,0.0,1.0,1.0,80.0,1,912,Basic
C01828,Dormant,973,7,686.8199999999999,0,0.0,3.0,0.14285714285714285,100.0,0,1222,Basic
C01284,Dormant,824,5,301.99,0,0.2,2.0,0.4,100.0,0,941,Premium
C01283,Dormant,1020,4,586.16,1,0.0,4.0,0.25,80.0,0,1061,Basic
C04251,Dormant,1016,3,226.85999999999999,0,0.0,2.0,0.3333333333333333,100.0,0,1139,Basic
C01856,Dormant,764,2,235.87,0,0.0,2.0,1.0,100.0,0,916,Basic
C03906,Dormant,1030,3,288.2,0,0.0,3.0,1.0,100.0,0,1070,Premium
C01850,Dormant,733,4,350.72999999999996,0,0.0,3.0,0.75,100.0,0,817,Premium
C04266,Dormant,852,3,531.01,0,0.0,3.0,0.6666666666666666,100.0,0,917,Basic
C03903,Dormant,855,5,425.37,2,0.0,3.0,0.4,90.0,0,902,Premium
C04268,Dormant,1098,4,331.33,2,0.25,3.0,0.25,80.0,0,1247,Premium
C04269,Dormant,834,4,378.69,1,0.0,3.0,0.75,80.0,0,1169,Basic
C01854,Dormant,1066,8,965.07,0,0.125,5.0,0.25,100.0,0,1163,Premium
C01282,Dormant,1056,3,174.55,0,0.0,3.0,0.0,100.0,0,1237,Basic
C01266,Dormant,919,4,348.37,1,0.0,3.0,0.5,80.0,0,949,Basic
C01260,Dormant,1132,2,185.87,0,0.0,2.0,0.5,100.0,0,1237,Premium
C01857,Dormant,872,5,425.19,1,0.0,3.0,0.0,80.0,0,936,Basic
C03898,Dormant,1111,3,182.67,0,0.3333333333333333,2.0,0.6666666666666666,100.0,1,1184,Basic
C01863,Dormant,897,6,492.49,1,0.0,4.0,0.0,95.0,0,966,Basic
C04284,Dormant,968,3,343.17,1,0.0,3.0,0.6666666666666666,95.0,0,999,Basic
C01246,Dormant,1032,5,280.71000000000004,0,0.2,4.0,0.4,100.0,0,1117,Premium
C01245,Dormant,1134,4,366.73,1,0.0,4.0,0.5,80.0,1,1274,Premium
C01244,Dormant,987,3,193.49,0,0.0,3.0,0.0,100.0,0,1061,Basic
C01243,Dormant,1114,5,464.54,0,0.0,3.0,0.2,100.0,0,1215,Basic
C04277,Dormant,780,3,337.7,0,0.0,3.0,0.3333333333333333,100.0,0,820,Basic
C01268,Dormant,696,2,181.68,1,0.0,2.0,0.5,95.0,0,823,Basic
C01688,Dormant,869,5,346.54,1,0.0,4.0,0.6,95.0,0,934,Premium
C01269,Dormant,1132,3,349.4,2,0.0,3.0,0.0,80.0,0,1240,Premium
C01278,Dormant,755,4,344.56,0,0.0,3.0,0.0,100.0,0,928,Basic
C04258,Dormant,1225,1,89.25,1,0.0,1.0,0.0,95.0,0,1272,Basic
C04261,Dormant,1153,1,163.22,2,0.0,1.0,1.0,80.0,1,1221,Basic
C04259,Dormant,860,3,335.03999999999996,2,0.0,3.0,0.0,80.0,1,966,Basic
C01844,Dormant,701,4,406.99,0,0.0,3.0,0.0,100.0,1,871,Basic
C04262,Dormant,824,1,74.55,2,0.0,1.0,0.0,80.0,0,834,Trial
C01277,Dormant,907,1,166.39,0,0.0,1.0,1.0,100.0,1,959,Trial
C04257,Dormant,1018,1,93.79,1,0.0,1.0,1.0,95.0,1,1085,Premium
C01279,Dormant,1074,1,58.47,0,0.0,1.0,0.0,100.0,1,1162,Basic
C03983,High-Support Needs,1154,3,464.78,4,0.0,3.0,0.0,74.0,1,1238,Basic
C03968,High-Support Needs,301,2,225.39,4,0.0,2.0,0.5,74.0,1,494,Basic
C03156,High-Support Needs,845,1,105.23,5,0.0,1.0,1.0,60.0,1,1106,Trial
C03157,High-Support Needs,990,9,809.94,2,0.1111111111111111,4.0,0.5555555555555556,70.0,0,1107,Premium
C03950,High-Support Needs,953,1,143.78,4,0.0,1.0,1.0,74.0,1,1001,Premium
C03856,High-Support Needs,546,10,1071.61,3,0.0,6.0,0.4,85.0,0,740,Basic
C04993,High-Support Needs,738,4,367.06,2,0.0,2.0,0.75,70.0,1,967,Basic
C03177,High-Support Needs,468,2,190.41000000000003,3,0.0,1.0,0.5,62.5,1,559,Basic
C03966,High-Support Needs,139,1,102.45,3,0.0,1.0,0.0,70.0,1,349,Basic
C03755,High-Support Needs,734,3,485.45000000000005,4,0.0,2.0,0.3333333333333333,74.0,1,787,Basic
C03855,High-Support Needs,809,1,167.8,4,0.0,1.0,0.0,80.0,1,938,Basic
C03176,High-Support Needs,565,2,101.11,4,0.0,2.0,1.0,74.0,1,648,Trial
C03169,High-Support Needs,637,1,78.89,3,0.0,1.0,0.0,77.5,1,731,Basic
C04001,High-Support Needs,77,3,225.72,5,0.0,3.0,0.3333333333333333,65.0,1,141,Basic
C03892,High-Support Needs,409,1,204.21,3,0.0,1.0,0.0,70.0,1,438,Basic
C03203,High-Support Needs,603,2,189.22,4,0.0,2.0,0.0,68.0,1,689,Basic
C03921,High-Support Needs,131,1,225.6,4,0.0,1.0,0.0,74.0,1,245,Basic
C04891,High-Support Needs,824,2,396.28999999999996,3,0.0,2.0,1.0,77.5,1,1080,Basic
C04923,High-Support Needs,980,1,53.34,6,0.0,1.0,1.0,57.142857142857146,0,1011,Basic
C04006,High-Support Needs,968,1,112.07,4,0.0,1.0,0.0,80.0,1,1171,Basic
C03920,High-Support Needs,555,3,421.82000000000005,3,0.0,3.0,0.3333333333333333,77.5,1,617,Basic
C04926,High-Support Needs,1204,1,79.31,2,0.0,1.0,1.0,70.0,0,1265,Basic
C04895,High-Support Needs,296,1,217.1,3,0.0,1.0,1.0,85.0,1,352,Basic
C04924,High-Support Needs,273,1,58.59,5,0.0,1.0,0.0,75.0,1,325,Basic
C03800,High-Support Needs,1082,1,93.19,4,0.0,1.0,0.0,74.0,1,1116,Basic
C03969,High-Support Needs,685,2,249.56,3,0.0,2.0,0.5,77.5,1,792,Basic
C04989,High-Support Needs,1131,1,172.51,2,0.0,1.0,1.0,70.0,1,1150,Trial
C03996,High-Support Needs,743,3,229.21,3,0.0,2.0,0.0,85.0,1,824,Basic
C03962,High-Support Needs,886,1,192.62,3,0.0,1.0,1.0,77.5,1,1001,Basic
C03956,High-Support Needs,610,1,140.85,2,0.0,1.0,1.0,70.0,1,783,Premium
C03205,High-Support Needs,777,2,105.5,2,0.0,2.0,0.5,70.0,1,874,Premium
C04878,High-Support Needs,0,5,397.3,3,0.0,4.0,0.6,70.0,0,228,Premium
C04915,High-Support Needs,872,6,469.03999999999996,2,0.0,3.0,0.3333333333333333,70.0,0,943,Basic
C03993,High-Support Needs,945,3,371.89,4,0.0,2.0,0.0,68.0,1,1246,Premium
C03210,High-Support Needs,1074,1,144.07,3,0.0,1.0,0.0,77.5,1,1123,Trial
C03147,High-Support Needs,305,2,302.62,3,0.0,2.0,0.5,70.0,1,684,Trial
C03911,High-Support Needs,540,2,155.32,4,0.0,2.0,0.5,74.0,1,634,Basic
C03791,High-Support Needs,383,2,228.07,4,0.0,2.0,0.0,74.0,1,409,Premium
C03769,High-Support Needs,964,1,68.13,3,0.0,1.0,0.0,85.0,1,977,Premium
C03795,High-Support Needs,681,4,488.58,4,0.0,3.0,0.25,74.0,1,889,Premium
C03875,High-Support Needs,236,1,56.43,4,0.0,1.0,0.0,74.0,1,239,Trial
C03899,High-Support Needs,674,2,97.06,3,0.0,2.0,1.0,70.0,1,847,Basic
C04876,High-Support Needs,841,6,498.99,3,0.0,5.0,0.3333333333333333,77.5,0,894,Basic
C04916,High-Support Needs,187,3,345.11,3,0.0,3.0,0.0,77.5,1,260,Basic
C03987,High-Support Needs,1081,2,191.41,2,0.0,2.0,0.5,70.0,1,1241,Premium
C03913,High-Support Needs,45,7,655.2,3,0.0,5.0,0.2857142857142857,77.5,0,159,Premium
C03764,High-Support Needs,262,1,57.04,4,0.0,1.0,0.0,62.0,1,322,Premium
C03148,High-Support Needs,1071,1,53.14,3,0.0,1.0,0.0,85.0,1,1090,Basic
C03873,High-Support Needs,47,2,147.42000000000002,3,0.0,2.0,1.0,77.5,1,140,Premium
C03182,High-Support Needs,397,2,302.96,3,0.0,2.0,0.0,77.5,0,416,Basic
C04980,High-Support Needs,638,1,82.25,3,0.0,1.0,1.0,70.0,1,838,Trial
C03827,High-Support Needs,785,1,41.34,3,0.0,1.0,0.0,85.0,1,797,Premium
C03916,High-Support Needs,381,1,125.13,3,0.0,1.0,0.0,70.0,1,472,Basic
C03863,High-Support Needs,284,1,50.26,3,0.0,1.0,1.0,85.0,1,338,Basic
C03936,High-Support Needs,114,2,197.37,5,0.0,1.0,0.0,70.0,1,325,Basic
C03859,High-Support Needs,1024,6,1139.26,3,0.0,3.0,0.5,70.0,0,1258,Premium
C03168,High-Support Needs,534,1,84.03,3,0.0,1.0,0.0,85.0,1,610,Basic
C03216,High-Support Needs,351,1,43.54,6,0.0,1.0,1.0,57.142857142857146,1,403,Basic
C03976,High-Support Needs,996,2,156.3,3,0.0,2.0,0.0,85.0,0,1085,Basic
C03162,High-Support Needs,368,3,129.27,3,0.3333333333333333,2.0,0.0,70.0,1,487,Premium
C04396,High-Support Needs,568,2,323.34,3,0.0,2.0,0.5,85.0,1,653,Trial
C04852,High-Support Needs,526,2,141.51999999999998,3,0.0,2.0,0.5,62.5,1,670,Trial
C04252,High-Support Needs,711,6,707.1800000000001,3,0.0,3.0,0.16666666666666666,62.5,0,932,Basic
C04253,High-Support Needs,233,1,100.2,5,0.0,1.0,0.0,65.0,1,268,Basic
C03611,High-Support Needs,592,1,92.83,5,0.0,1.0,0.0,65.0,1,615,Trial
C04578,High-Support Needs,50,3,505.18,3,0.0,3.0,0.3333333333333333,85.0,1,145,Basic
C03608,High-Support Needs,477,3,220.32,3,0.0,3.0,0.3333333333333333,77.5,1,631,Basic
C03605,High-Support Needs,580,1,68.38,3,0.0,1.0,0.0,77.5,1,680,Trial
C04564,High-Support Needs,105,1,172.82,4,0.0,1.0,0.0,62.0,1,165,Basic
C03594,High-Support Needs,1087,2,258.37,3,0.0,2.0,0.5,85.0,1,1201,Trial
C03593,High-Support Needs,754,6,646.03,3,0.0,3.0,0.5,77.5,0,812,Trial
C03592,High-Support Needs,1088,5,393.27,2,0.2,4.0,0.2,70.0,0,1190,Premium
C04555,High-Support Needs,1122,1,45.24,3,0.0,1.0,0.0,85.0,1,1147,Basic
C03590,High-Support Needs,491,6,595.66,3,0.0,4.0,0.16666666666666666,70.0,0,647,Premium
C03429,High-Support Needs,1070,1,252.2,4,0.0,1.0,0.0,74.0,1,1204,Trial
C03589,High-Support Needs,844,1,174.88,3,0.0,1.0,0.0,70.0,1,852,Basic
C04547,High-Support Needs,773,1,80.0,3,0.0,1.0,1.0,85.0,1,787,Premium
C04546,High-Support Needs,607,9,910.3,2,0.0,5.0,0.4444444444444444,70.0,0,697,Basic
C04545,High-Support Needs,1039,2,274.83,4,0.0,1.0,1.0,68.0,1,1142,Trial
C04587,High-Support Needs,336,2,108.28,3,0.0,2.0,1.0,70.0,1,396,Trial
C03588,High-Support Needs,596,1,85.97,2,0.0,1.0,0.0,70.0,1,615,Basic
C03400,High-Support Needs,984,1,135.72,3,0.0,1.0,0.0,85.0,1,1075,Trial
C04240,High-Support Needs,547,3,255.76,3,0.0,3.0,0.3333333333333333,77.5,1,652,Premium
C04637,High-Support Needs,34,1,192.48,3,0.0,1.0,1.0,77.5,1,231,Basic
C03641,High-Support Needs,184,2,104.08000000000001,3,0.0,2.0,0.5,70.0,1,275,Basic
C04197,High-Support Needs,687,2,139.10999999999999,2,0.0,2.0,0.5,70.0,1,740,Basic
C03638,High-Support Needs,1016,4,407.81,3,0.0,1.0,0.5,85.0,0,1082,Basic
C04203,High-Support Needs,90,2,210.5,3,0.0,1.0,0.5,77.5,1,180,Trial
C04628,High-Support Needs,919,1,102.34,4,0.0,1.0,0.0,68.0,1,997,Trial
C04627,High-Support Needs,245,1,115.92,4,0.0,1.0,0.0,80.0,1,406,Trial
C04209,High-Support Needs,129,1,52.7,3,0.0,1.0,0.0,85.0,1,140,Trial
C04214,High-Support Needs,795,1,72.88,3,0.0,1.0,0.0,77.5,1,926,Basic
C03383,High-Support Needs,611,1,115.7,4,0.0,1.0,1.0,74.0,1,718,Trial
C04219,High-Support Needs,1016,1,103.66,3,0.0,1.0,0.0,85.0,1,1094,Basic
C04606,High-Support Needs,808,2,167.2,3,0.0,1.0,0.5,70.0,1,914,Basic
C04604,High-Support Needs,784,1,169.99,4,0.0,1.0,0.0,80.0,1,809,Trial
C04601,High-Support Needs,932,1,138.93,2,0.0,1.0,1.0,70.0,1,974,Basic
C04229,High-Support Needs,913,1,130.93,3,0.0,1.0,0.0,70.0,1,983,Basic
C03627,High-Support Needs,1009,1,62.2,3,0.0,1.0,0.0,77.5,1,1071,Premium
C04239,High-Support Needs,1171,1,94.54,4,0.0,1.0,0.0,68.0,1,1207,Trial
C03624,High-Support Needs,322,1,89.25,3,0.0,1.0,0.0,70.0,1,345,Trial
C03644,High-Support Needs,1110,3,172.0,3,0.0,3.0,0.3333333333333333,85.0,0,1136,Basic
C03580,High-Support Needs,219,1,67.37,3,0.0,1.0,0.0,70.0,1,396,Trial
C04519,High-Support Needs,881,2,206.36,3,0.0,2.0,0.0,77.5,1,1232,Trial
C04371,High-Support Needs,1101,1,156.19,3,0.0,1.0,0.0,62.5,1,1174,Premium
C04432,High-Support Needs,705,1,58.48,2,0.0,1.0,0.0,70.0,1,782,Basic
C04372,High-Support Needs,247,1,67.23,3,0.0,1.0,0.0,77.5,1,275,Premium
C04428,High-Support Needs,1242,1,64.02,4,0.0,1.0,1.0,74.0,1,1247,Basic
C04377,High-Support Needs,362,1,66.43,3,0.0,1.0,0.0,70.0,1,395,Basic
C03492,High-Support Needs,165,3,234.11,3,0.0,2.0,0.0,85.0,1,333,Basic
C04420,High-Support Needs,972,3,230.64,2,0.0,2.0,0.0,70.0,0,1026,Basic
C03531,High-Support Needs,732,1,101.99,4,0.0,1.0,0.0,74.0,1,857,Trial
C03529,High-Support Needs,449,1,40.49,3,0.0,1.0,0.0,77.5,1,535,Basic
C03499,High-Support Needs,744,2,198.78,2,0.0,2.0,0.5,70.0,1,946,Basic
C04415,High-Support Needs,66,5,530.22,4,0.0,4.0,0.6,74.0,0,275,Premium
C04382,High-Support Needs,1022,2,178.64,4,0.0,2.0,0.5,62.0,1,1104,Trial
C04412,High-Support Needs,321,2,386.19,5,0.0,2.0,0.0,65.0,1,498,Basic
C04387,High-Support Needs,548,2,85.66,3,0.5,1.0,0.5,70.0,1,657,Basic
C04403,High-Support Needs,310,3,372.4,4,0.0,3.0,0.3333333333333333,74.0,1,318,Basic
C04399,High-Support Needs,337,1,50.69,3,0.0,1.0,0.0,77.5,1,442,Basic
C04397,High-Support Needs,732,2,115.3,4,0.0,2.0,0.0,62.0,1,901,Trial
C03488,High-Support Needs,243,1,110.78,4,0.0,1.0,0.0,68.0,1,253,Premium
C04531,High-Support Needs,135,1,0.0,6,1.0,0.0,0.0,61.42857142857143,1,137,Premium
C04368,High-Support Needs,674,1,82.26,3,0.0,1.0,0.0,85.0,1,694,Basic
C04364,High-Support Needs,1039,1,159.45,4,0.0,1.0,0.0,74.0,1,1106,Trial
C04503,High-Support Needs,575,1,29.46,5,0.0,1.0,0.0,65.0,1,659,Basic
C04493,High-Support Needs,1123,1,83.8,4,0.0,1.0,0.0,74.0,1,1201,Premium
C04490,High-Support Needs,389,2,119.89,3,0.0,2.0,0.5,70.0,1,473,Basic
C04318,High-Support Needs,1225,1,85.15,4,0.0,1.0,0.0,68.0,1,1251,Basic
C04483,High-Support Needs,1008,2,43.7,3,0.5,1.0,0.5,77.5,1,1024,Premium
C04331,High-Support Needs,646,5,488.69,3,0.0,3.0,0.4,85.0,0,721,Trial
C03465,High-Support Needs,538,2,154.95,6,0.0,2.0,1.0,57.142857142857146,1,620,Basic
C04340,High-Support Needs,841,1,68.71,3,0.0,1.0,1.0,77.5,1,845,Basic
C03466,High-Support Needs,374,1,40.63,5,0.0,1.0,0.0,70.0,1,435,Premium
C04479,High-Support Needs,1137,1,73.96,3,0.0,1.0,1.0,70.0,1,1265,Premium
C03556,High-Support Needs,541,4,542.47,5,0.0,4.0,0.0,75.0,1,822,Basic
C04344,High-Support Needs,837,2,135.45,3,0.0,2.0,0.0,85.0,1,914,Basic
C04468,High-Support Needs,1079,1,81.59,3,0.0,1.0,0.0,77.5,1,1201,Basic
C03552,High-Support Needs,563,1,144.73,3,0.0,1.0,0.0,77.5,1,563,Trial
C04358,High-Support Needs,413,2,170.35,5,0.0,2.0,0.5,65.0,1,419,Premium
C04360,High-Support Needs,468,1,46.59,4,0.0,1.0,0.0,74.0,1,506,Basic
C03540,High-Support Needs,1065,9,1003.98,3,0.0,5.0,0.3333333333333333,85.0,0,1189,Premium
C03483,High-Support Needs,734,1,94.85,4,0.0,1.0,0.0,74.0,1,908,Basic
C03647,High-Support Needs,1052,2,219.82,2,0.0,1.0,1.0,70.0,0,1184,Basic
C04189,High-Support Needs,286,1,59.17,3,0.0,1.0,1.0,77.5,1,354,Basic
C04639,High-Support Needs,605,3,238.51,3,0.0,3.0,0.3333333333333333,77.5,0,638,Basic
C03261,High-Support Needs,220,2,150.57999999999998,5,0.0,2.0,0.0,70.0,1,575,Trial
C03730,High-Support Needs,608,1,42.85,2,0.0,1.0,0.0,70.0,1,716,Trial
C04796,High-Support Needs,144,1,243.3,5,0.0,1.0,0.0,70.0,1,166,Trial
C04064,High-Support Needs,1134,1,77.5,3,0.0,1.0,1.0,77.5,1,1205,Basic
C03275,High-Support Needs,18,3,348.23,4,0.0,3.0,0.3333333333333333,68.0,1,339,Basic
C03727,High-Support Needs,1173,1,92.5,3,0.0,1.0,0.0,62.5,1,1181,Basic
C04070,High-Support Needs,123,1,151.35,3,0.0,1.0,0.0,77.5,1,177,Basic
C03723,High-Support Needs,625,1,96.37,5,0.0,1.0,1.0,65.0,1,633,Trial
C04772,High-Support Needs,576,2,188.23999999999998,3,0.0,2.0,0.0,85.0,1,739,Basic
C04083,High-Support Needs,286,1,61.16,2,0.0,1.0,1.0,70.0,1,339,Basic
C04763,High-Support Needs,937,1,129.02,4,0.0,1.0,0.0,74.0,1,972,Basic
C03296,High-Support Needs,783,1,97.41,3,0.0,1.0,0.0,62.5,1,788,Basic
C03297,High-Support Needs,197,4,369.14,3,0.0,3.0,0.5,85.0,1,382,Basic
C04088,High-Support Needs,198,2,181.33999999999997,2,0.0,2.0,0.5,70.0,0,345,Basic
C03706,High-Support Needs,0,3,266.49,3,0.0,3.0,0.3333333333333333,62.5,1,204,Basic
C03703,High-Support Needs,456,1,101.14,3,0.0,1.0,0.0,85.0,1,545,Trial
C04096,High-Support Needs,375,1,59.64,4,0.0,1.0,0.0,68.0,1,578,Premium
C04807,High-Support Needs,293,1,151.25,2,0.0,1.0,1.0,70.0,1,328,Premium
C04746,High-Support Needs,0,2,155.03,5,0.0,2.0,1.0,75.0,1,535,Premium
C03734,High-Support Needs,52,2,204.6,4,0.0,2.0,0.5,68.0,1,129,Basic
C03259,High-Support Needs,332,4,481.63,3,0.0,3.0,0.5,77.5,1,526,Basic
C04851,High-Support Needs,0,1,42.53,3,0.0,1.0,1.0,77.5,1,152,Trial
C04015,High-Support Needs,290,1,37.36,3,0.0,1.0,0.0,77.5,1,305,Trial
C03233,High-Support Needs,269,1,150.09,3,0.0,1.0,0.0,77.5,1,283,Basic
C04846,High-Support Needs,796,1,252.29,3,0.0,1.0,1.0,70.0,1,887,Basic
C04026,High-Support Needs,0,1,79.68,3,0.0,1.0,1.0,85.0,1,171,Basic
C04842,High-Support Needs,782,3,399.62,2,0.0,3.0,0.6666666666666666,70.0,1,894,Premium
C04027,High-Support Needs,352,2,193.42000000000002,4,0.0,2.0,0.0,74.0,1,432,Basic
C03744,High-Support Needs,511,3,208.96,5,0.0,3.0,0.3333333333333333,65.0,1,694,Basic
C03243,High-Support Needs,338,2,128.79,3,0.0,2.0,1.0,77.5,0,414,Basic
C03246,High-Support Needs,457,1,214.89,3,0.0,1.0,0.0,77.5,1,596,Basic
C04038,High-Support Needs,913,4,312.99,3,0.0,2.0,0.5,85.0,1,932,Trial
C04828,High-Support Needs,819,1,92.11,3,0.0,1.0,0.0,85.0,1,856,Basic
C04044,High-Support Needs,152,3,316.53,3,0.0,3.0,0.3333333333333333,77.5,1,298,Premium
C04046,High-Support Needs,931,2,185.3,3,0.0,2.0,0.5,85.0,1,1089,Basic
C03737,High-Support Needs,83,2,173.64,2,0.0,2.0,0.5,70.0,1,205,Trial
C04052,High-Support Needs,1154,1,72.72,3,0.0,1.0,0.0,77.5,1,1157,Trial
C04053,High-Support Needs,946,5,334.39,3,0.0,4.0,0.2,77.5,0,1057,Basic
C04056,High-Support Needs,314,1,80.03,2,0.0,1.0,0.0,70.0,1,539,Trial
C03302,High-Support Needs,224,2,148.6,3,0.0,2.0,0.5,77.5,1,270,Basic
C03697,High-Support Needs,690,1,122.45,3,0.0,1.0,0.0,77.5,1,743,Basic
C03307,High-Support Needs,506,1,137.78,3,0.0,1.0,0.0,85.0,1,514,Premium
C04689,High-Support Needs,180,1,149.51,3,0.0,1.0,1.0,62.5,1,337,Premium
C04148,High-Support Needs,853,1,83.07,3,0.0,1.0,1.0,70.0,1,935,Basic
C04685,High-Support Needs,533,1,93.02,5,0.0,1.0,0.0,60.0,1,769,Basic
C04153,High-Support Needs,427,1,131.3,3,0.0,1.0,0.0,77.5,1,778,Trial
C04155,High-Support Needs,997,1,29.48,3,0.0,1.0,1.0,77.5,1,1050,Trial
C03340,High-Support Needs,907,2,256.38,5,0.0,2.0,0.0,65.0,1,1084,Basic
C03664,High-Support Needs,977,3,216.87,3,0.3333333333333333,2.0,0.6666666666666666,77.5,1,1084,Basic
C03663,High-Support Needs,443,1,162.95,4,0.0,1.0,1.0,74.0,1,456,Basic
C03344,High-Support Needs,643,4,364.58,2,0.0,2.0,0.5,70.0,0,752,Premium
C04664,High-Support Needs,547,1,245.63,5,0.0,1.0,0.0,65.0,1,667,Basic
C04663,High-Support Needs,618,1,101.73,5,0.0,1.0,0.0,55.0,1,721,Trial
C04164,High-Support Needs,897,4,323.72,2,0.0,3.0,0.25,70.0,0,1004,Premium
C04169,High-Support Needs,867,4,387.58,4,0.0,3.0,0.5,68.0,1,984,Trial
C03353,High-Support Needs,371,2,132.8,4,0.0,2.0,0.0,74.0,1,394,Basic
C03356,High-Support Needs,655,1,110.88,5,0.0,1.0,0.0,75.0,1,758,Premium
C04651,High-Support Needs,1112,1,104.45,5,0.0,1.0,1.0,60.0,1,1154,Basic
C03650,High-Support Needs,675,3,260.64,5,0.0,2.0,0.3333333333333333,70.0,1,717,Basic
C04692,High-Support Needs,1152,2,77.64,3,0.0,2.0,0.0,85.0,1,1223,Basic
C04693,High-Support Needs,450,1,75.04,5,0.0,1.0,0.0,60.0,1,749,Basic
C03327,High-Support Needs,1168,4,373.72,2,0.25,3.0,0.25,70.0,0,1234,Premium
C03326,High-Support Needs,406,1,101.61,3,0.0,1.0,0.0,62.5,1,426,Basic
C04118,High-Support Needs,656,3,341.04,3,0.0,2.0,0.3333333333333333,70.0,1,798,Basic
C03308,High-Support Needs,588,1,96.82,6,0.0,1.0,0.0,52.85714285714286,1,596,Basic
C03694,High-Support Needs,723,3,266.43,5,0.0,2.0,0.3333333333333333,70.0,0,893,Basic
C04735,High-Support Needs,631,3,230.18,2,0.0,2.0,0.6666666666666666,70.0,0,842,Premium
C04733,High-Support Needs,1034,1,79.38,2,0.0,1.0,0.0,70.0,1,1066,Trial
C04723,High-Support Needs,1060,1,105.43,3,0.0,1.0,0.0,85.0,1,1066,Premium
C03691,High-Support Needs,1147,3,211.44,3,0.0,2.0,0.6666666666666666,85.0,1,1220,Trial
C04128,High-Support Needs,470,1,114.41,3,0.0,1.0,0.0,77.5,1,538,Basic
C04007,High-Support Needs,1083,1,85.63,3,0.0,1.0,0.0,77.5,1,1096,Trial
C03686,High-Support Needs,843,1,123.18,3,0.0,1.0,1.0,62.5,1,848,Trial
C04708,High-Support Needs,1060,2,152.84,3,0.0,2.0,0.0,85.0,1,1065,Trial
C04707,High-Support Needs,282,4,519.64,4,0.0,1.0,0.25,68.0,1,568,Basic
C03682,High-Support Needs,403,1,33.71,3,0.0,1.0,0.0,77.5,1,559,Premium
C04134,High-Support Needs,216,7,781.44,3,0.0,2.0,0.2857142857142857,77.5,0,373,Premium
C04135,High-Support Needs,924,1,45.7,3,0.0,1.0,0.0,77.5,1,1205,Basic
C03324,High-Support Needs,40,2,251.7,3,0.0,1.0,0.5,70.0,1,125,Trial
C04137,High-Support Needs,6,3,343.78,3,0.0,3.0,0.6666666666666666,70.0,1,211,Premium
C04138,High-Support Needs,356,1,55.85,2,0.0,1.0,0.0,70.0,1,394,Basic
C04711,High-Support Needs,891,5,395.55,3,0.0,2.0,0.4,70.0,0,1034,Basic
C03685,High-Support Needs,305,1,58.9,3,0.0,1.0,0.0,85.0,1,315,Basic
C05000,High-Support Needs,365,2,283.14,7,0.0,2.0,0.0,53.75,1,437,Basic
C01922,High-Support Needs,416,1,201.39,2,0.0,1.0,0.0,70.0,1,614,Basic
C01917,High-Support Needs,497,3,238.66000000000003,2,0.0,2.0,0.3333333333333333,70.0,0,605,Basic
C01903,High-Support Needs,655,2,157.89999999999998,3,0.0,1.0,0.5,85.0,1,795,Trial
C01902,High-Support Needs,0,2,252.45000000000002,3,0.0,2.0,0.0,70.0,1,136,Basic
C01901,High-Support Needs,148,1,86.19,4,0.0,1.0,0.0,80.0,1,228,Trial
C00374,High-Support Needs,95,1,95.46,4,0.0,1.0,0.0,68.0,1,206,Trial
C00388,High-Support Needs,632,5,490.57,4,0.0,3.0,0.4,74.0,1,755,Basic
C01918,High-Support Needs,1189,1,75.14,4,0.0,1.0,1.0,62.0,1,1234,Trial
C01891,High-Support Needs,969,5,657.01,4,0.0,4.0,0.8,74.0,1,1182,Trial
C00397,High-Support Needs,360,2,161.87,6,0.0,2.0,0.0,61.42857142857143,1,485,Basic
C01873,High-Support Needs,1206,1,112.57,2,0.0,1.0,1.0,70.0,1,1235,Trial
C00404,High-Support Needs,220,1,125.54,3,0.0,1.0,1.0,77.5,1,587,Premium
C00415,High-Support Needs,390,1,171.68,6,0.0,1.0,0.0,61.42857142857143,1,550,Basic
C00421,High-Support Needs,160,6,272.59999999999997,3,0.16666666666666666,4.0,0.6666666666666666,85.0,0,255,Basic
C01811,High-Support Needs,919,2,129.58,3,0.5,1.0,0.0,77.5,1,935,Trial
C00390,High-Support Needs,437,1,95.3,2,0.0,1.0,1.0,70.0,1,475,Basic
C01807,High-Support Needs,1110,2,134.98000000000002,3,0.0,2.0,0.0,77.5,1,1210,Trial
C00828,High-Support Needs,758,2,131.06,3,0.0,2.0,0.0,85.0,1,875,Premium
C00356,High-Support Needs,742,1,98.99,3,0.0,1.0,0.0,77.5,1,764,Premium
C02050,High-Support Needs,683,4,510.8,4,0.0,2.0,0.25,68.0,1,917,Trial
C02043,High-Support Needs,804,3,222.69,2,0.0,2.0,0.6666666666666666,70.0,0,835,Basic
C02025,High-Support Needs,1180,1,74.98,4,0.0,1.0,0.0,68.0,1,1190,Trial
C02017,High-Support Needs,275,1,99.8,2,0.0,1.0,0.0,70.0,1,332,Basic
C02010,High-Support Needs,369,1,50.44,2,0.0,1.0,0.0,70.0,1,488,Trial
C02005,High-Support Needs,1191,3,340.57,3,0.0,2.0,0.3333333333333333,85.0,1,1248,Basic
C01941,High-Support Needs,801,2,90.21000000000001,2,0.0,2.0,0.0,70.0,1,877,Basic
C01993,High-Support Needs,700,2,127.44,3,0.0,2.0,0.0,62.5,1,723,Trial
C00342,High-Support Needs,848,2,190.76999999999998,4,0.0,1.0,0.5,68.0,1,907,Trial
C01988,High-Support Needs,530,2,186.67,3,0.0,2.0,0.5,77.5,1,653,Basic
C01967,High-Support Needs,307,3,385.25,4,0.0,3.0,0.0,68.0,1,376,Trial
C01963,High-Support Needs,752,1,116.14,3,0.0,1.0,0.0,77.5,1,1031,Trial
C01960,High-Support Needs,434,3,262.23,3,0.0,1.0,1.0,70.0,1,767,Trial
C01957,High-Support Needs,131,1,53.18,3,0.0,1.0,0.0,70.0,1,295,Trial
C01991,High-Support Needs,462,1,77.72,5,0.0,1.0,0.0,65.0,1,723,Basic
C00424,High-Support Needs,410,1,61.71,2,0.0,1.0,0.0,70.0,1,660,Trial
C01804,High-Support Needs,690,1,52.51,5,0.0,1.0,0.0,65.0,1,1117,Premium
C00426,High-Support Needs,71,2,138.47,4,0.0,2.0,0.0,74.0,1,178,Basic
C00480,High-Support Needs,606,4,270.88,5,0.0,4.0,0.25,70.0,0,689,Premium
C01685,High-Support Needs,156,1,17.49,3,0.0,1.0,1.0,70.0,1,494,Basic
C01677,High-Support Needs,833,4,267.15,3,0.0,3.0,0.25,85.0,1,949,Premium
C00483,High-Support Needs,229,1,70.28,5,0.0,1.0,1.0,60.0,1,323,Premium
C01669,High-Support Needs,361,4,522.19,3,0.0,2.0,0.5,85.0,1,410,Basic
C01663,High-Support Needs,354,1,60.91,3,0.0,1.0,1.0,85.0,1,449,Trial
C01698,High-Support Needs,647,4,393.37,5,0.0,2.0,0.0,65.0,1,941,Trial
C00495,High-Support Needs,161,1,99.27,3,0.0,1.0,0.0,77.5,1,183,Basic
C01652,High-Support Needs,811,1,125.5,3,0.0,1.0,1.0,77.5,1,880,Basic
C01642,High-Support Needs,135,1,91.27,7,0.0,1.0,0.0,50.0,1,164,Premium
C01641,High-Support Needs,635,2,180.36,3,0.0,2.0,0.5,77.5,1,702,Trial
C01627,High-Support Needs,1030,1,82.14,2,0.0,1.0,0.0,70.0,1,1163,Trial
C01604,High-Support Needs,449,5,540.9300000000001,2,0.0,4.0,0.2,70.0,1,584,Trial
C01603,High-Support Needs,965,1,48.33,3,0.0,1.0,0.0,85.0,1,1001,Basic
C00499,High-Support Needs,1042,1,107.35,3,0.0,1.0,0.0,70.0,1,1186,Basic
C00474,High-Support Needs,636,2,220.14,3,0.0,2.0,0.0,77.5,1,879,Trial
C00473,High-Support Needs,341,1,105.87,3,0.0,1.0,0.0,85.0,0,342,Premium
C01705,High-Support Needs,713,5,807.83,4,0.0,3.0,0.0,74.0,1,953,Basic
C01792,High-Support Needs,796,1,48.73,5,0.0,1.0,1.0,70.0,1,924,Basic
C01786,High-Support Needs,701,1,66.21,3,0.0,1.0,0.0,77.5,1,723,Premium
C01782,High-Support Needs,230,2,149.15,4,0.0,2.0,0.5,68.0,1,278,Basic
C01777,High-Support Needs,220,1,143.13,3,0.0,1.0,1.0,85.0,1,356,Trial
C01768,High-Support Needs,437,1,59.15,3,0.0,1.0,0.0,77.5,1,472,Trial
C00433,High-Support Needs,301,2,208.07999999999998,4,0.0,2.0,0.5,68.0,1,357,Basic
C00443,High-Support Needs,1018,3,610.96,5,0.0,3.0,0.3333333333333333,65.0,1,1060,Basic
C01762,High-Support Needs,784,1,60.97,3,0.0,1.0,0.0,85.0,1,794,Basic
C01758,High-Support Needs,270,1,0.0,2,1.0,0.0,0.0,70.0,0,284,Premium
C01756,High-Support Needs,962,3,128.73000000000002,3,0.0,3.0,0.0,85.0,1,1131,Basic
C01752,High-Support Needs,539,1,87.15,2,0.0,1.0,0.0,70.0,1,613,Trial
C00445,High-Support Needs,319,2,179.39000000000001,4,0.0,2.0,0.0,68.0,1,404,Basic
C00453,High-Support Needs,873,1,151.59,3,0.0,1.0,1.0,77.5,1,881,Basic
C01719,High-Support Needs,525,1,113.85,3,0.0,1.0,1.0,77.5,1,688,Premium
C00465,High-Support Needs,811,1,96.84,3,0.0,1.0,0.0,70.0,1,881,Trial
C02075,High-Support Needs,387,3,313.48,3,0.0,3.0,0.6666666666666666,70.0,1,494,Basic
C02079,High-Support Needs,600,1,67.36,4,0.0,1.0,0.0,74.0,1,789,Premium
C02080,High-Support Needs,322,1,51.03,3,0.0,1.0,1.0,70.0,1,431,Premium
C02090,High-Support Needs,560,2,212.66,4,0.0,2.0,0.0,68.0,1,780,Trial
C02488,High-Support Needs,616,1,114.44,5,0.0,1.0,0.0,65.0,1,719,Trial
C00196,High-Support Needs,630,2,240.61,3,0.0,2.0,0.5,77.5,1,1014,Premium
C00205,High-Support Needs,560,4,277.88,4,0.0,3.0,1.0,80.0,1,824,Basic
C02457,High-Support Needs,976,1,77.13,5,0.0,1.0,1.0,75.0,1,1005,Basic
C02456,High-Support Needs,243,2,110.84,3,0.0,2.0,0.5,77.5,1,384,Trial
C02454,High-Support Needs,962,1,80.33,3,0.0,1.0,0.0,85.0,1,988,Trial
C02492,High-Support Needs,683,1,68.66,4,0.0,1.0,0.0,80.0,1,776,Basic
C02449,High-Support Needs,952,1,144.06,3,0.0,1.0,0.0,77.5,1,1004,Trial
C02444,High-Support Needs,913,2,132.84,3,0.0,2.0,0.0,85.0,1,939,Basic
C02415,High-Support Needs,224,1,53.56,3,0.0,1.0,0.0,85.0,1,353,Premium
C02413,High-Support Needs,418,1,67.81,3,0.0,1.0,0.0,85.0,1,607,Trial
C00230,High-Support Needs,1035,7,535.61,2,0.0,3.0,0.14285714285714285,70.0,0,1116,Premium
C00241,High-Support Needs,108,3,184.42000000000002,5,0.0,2.0,0.3333333333333333,70.0,1,231,Basic
C02366,High-Support Needs,275,1,56.63,3,0.0,1.0,0.0,77.5,1,498,Trial
C00213,High-Support Needs,864,1,274.38,4,0.0,1.0,0.0,56.0,1,873,Basic
C02496,High-Support Needs,863,2,352.63,4,0.0,2.0,0.0,68.0,1,996,Trial
C02509,High-Support Needs,159,2,202.75,3,0.0,2.0,0.5,85.0,1,190,Trial
C00186,High-Support Needs,987,1,195.5,4,0.0,1.0,1.0,74.0,1,1130,Trial
C00152,High-Support Needs,62,1,72.02,3,0.0,1.0,0.0,77.5,0,140,Trial
C02592,High-Support Needs,407,1,230.6,3,0.0,1.0,0.0,85.0,1,410,Basic
C02590,High-Support Needs,1159,3,288.89,3,0.0,2.0,0.0,70.0,1,1184,Trial
C02586,High-Support Needs,480,1,187.19,4,0.0,1.0,0.0,74.0,1,547,Premium
C02583,High-Support Needs,668,1,70.85,4,0.0,1.0,0.0,74.0,1,704,Premium
C00171,High-Support Needs,918,2,244.51,3,0.0,1.0,0.0,85.0,1,983,Basic
C02569,High-Support Needs,714,2,193.95,3,0.0,2.0,0.5,62.5,1,772,Trial
C00175,High-Support Needs,278,1,68.87,4,0.0,1.0,0.0,68.0,1,295,Basic
C02561,High-Support Needs,636,3,306.33000000000004,5,0.0,2.0,0.3333333333333333,65.0,1,750,Trial
C02556,High-Support Needs,696,2,276.62,2,0.0,1.0,0.0,70.0,1,934,Basic
C02549,High-Support Needs,0,4,307.25,4,0.0,3.0,0.5,74.0,1,218,Premium
C02537,High-Support Needs,521,1,68.43,4,0.0,1.0,1.0,68.0,1,582,Premium
C00184,High-Support Needs,184,1,39.27,3,0.0,1.0,0.0,77.5,1,322,Basic
C02520,High-Support Needs,250,1,99.13,3,0.0,1.0,0.0,77.5,1,341,Basic
C02514,High-Support Needs,167,1,46.4,3,0.0,1.0,0.0,77.5,1,334,Basic
C02359,High-Support Needs,1044,1,103.11,3,0.0,1.0,0.0,77.5,1,1050,Basic
C03123,High-Support Needs,102,4,276.14,3,0.25,3.0,0.75,77.5,0,260,Premium
C02345,High-Support Needs,1051,1,81.08,3,0.0,1.0,1.0,85.0,1,1198,Trial
C02330,High-Support Needs,575,6,441.37,2,0.0,4.0,0.6666666666666666,70.0,0,666,Basic
C02206,High-Support Needs,1074,1,28.47,4,0.0,1.0,1.0,74.0,1,1094,Basic
C00299,High-Support Needs,364,1,85.64,5,0.0,1.0,0.0,60.0,1,374,Basic
C00317,High-Support Needs,793,2,232.47,3,0.0,2.0,1.0,70.0,1,963,Basic
C00319,High-Support Needs,872,1,83.7,5,0.0,1.0,0.0,65.0,1,972,Basic
C02160,High-Support Needs,508,1,66.79,3,0.0,1.0,0.0,77.5,1,579,Basic
C02148,High-Support Needs,904,4,285.23,4,0.0,4.0,0.75,74.0,1,1043,Basic
C00294,High-Support Needs,723,1,126.7,5,0.0,1.0,0.0,65.0,1,739,Basic
C02144,High-Support Needs,0,1,84.37,3,0.0,1.0,1.0,77.5,1,240,Basic
C02134,High-Support Needs,0,5,617.14,3,0.0,4.0,0.4,70.0,1,149,Premium
C02128,High-Support Needs,0,2,189.48,3,0.0,2.0,0.0,85.0,1,142,Basic
C02120,High-Support Needs,648,4,696.5699999999999,4,0.0,3.0,0.75,80.0,1,762,Premium
C02113,High-Support Needs,942,1,54.78,3,0.0,1.0,1.0,77.5,1,994,Trial
C02108,High-Support Needs,498,1,111.13,6,0.0,1.0,1.0,61.42857142857143,1,507,Trial
C02104,High-Support Needs,369,6,387.2,3,0.3333333333333333,2.0,0.3333333333333333,85.0,0,615,Basic
C02142,High-Support Needs,34,2,96.43,2,0.0,2.0,0.5,70.0,1,340,Basic
C02217,High-Support Needs,943,4,263.33,4,0.0,2.0,0.75,80.0,1,1116,Basic
C02235,High-Support Needs,562,2,229.54000000000002,3,0.0,2.0,1.0,77.5,1,714,Basic
C02237,High-Support Needs,673,1,189.9,3,0.0,1.0,0.0,85.0,1,730,Basic
C02328,High-Support Needs,907,2,179.12,6,0.0,1.0,0.0,61.42857142857143,1,933,Basic
C02323,High-Support Needs,1135,3,683.85,4,0.0,2.0,1.0,80.0,1,1179,Premium
C02320,High-Support Needs,85,2,160.06,3,0.0,1.0,0.5,77.5,1,196,Trial
C00264,High-Support Needs,1091,1,52.01,3,0.0,1.0,1.0,77.5,1,1178,Premium
C00269,High-Support Needs,965,2,270.12,3,0.0,2.0,0.5,77.5,1,1096,Basic
C02316,High-Support Needs,252,2,171.93,3,0.0,2.0,0.5,85.0,1,435,Basic
C02294,High-Support Needs,755,1,73.62,3,0.0,1.0,1.0,77.5,1,832,Premium
C02288,High-Support Needs,75,1,36.16,3,0.0,1.0,0.0,77.5,1,122,Trial
C00284,High-Support Needs,646,1,70.74,3,0.0,1.0,0.0,77.5,1,651,Basic
C02266,High-Support Needs,546,7,608.85,2,0.0,4.0,0.5714285714285714,70.0,0,645,Basic
C02265,High-Support Needs,849,2,178.95,3,0.0,2.0,1.0,70.0,1,1007,Basic
C02260,High-Support Needs,217,1,134.43,3,0.0,1.0,0.0,77.5,1,401,Basic
C00285,High-Support Needs,329,2,222.18,3,0.0,2.0,0.5,70.0,1,423,Basic
C02250,High-Support Needs,474,1,72.01,2,0.0,1.0,0.0,70.0,1,636,Basic
C02240,High-Support Needs,1185,1,155.6,5,0.0,1.0,0.0,75.0,1,1228,Basic
C02335,High-Support Needs,784,1,44.72,5,0.0,1.0,1.0,75.0,1,886,Trial
C01594,High-Support Needs,192,1,70.96,4,0.0,1.0,0.0,68.0,1,218,Trial
C01588,High-Support Needs,713,5,485.04999999999995,4,0.0,3.0,0.8,68.0,0,766,Basic
C01587,High-Support Needs,188,3,286.63,3,0.0,3.0,0.0,85.0,1,308,Basic
C01044,High-Support Needs,734,1,74.08,8,0.0,1.0,0.0,56.666666666666664,1,756,Basic
C01041,High-Support Needs,505,1,215.48,7,0.0,1.0,1.0,57.5,1,556,Trial
C01036,High-Support Needs,543,1,52.18,3,0.0,1.0,0.0,85.0,1,563,Basic
C01027,High-Support Needs,775,3,482.62,3,0.0,3.0,0.3333333333333333,85.0,0,881,Premium
C00725,High-Support Needs,699,4,243.6,4,0.0,2.0,0.0,68.0,1,792,Trial
C01011,High-Support Needs,816,1,0.0,4,1.0,0.0,0.0,80.0,1,947,Basic
C01059,High-Support Needs,1180,2,223.73,3,0.0,2.0,0.0,70.0,1,1236,Basic
C01009,High-Support Needs,327,1,127.63,3,0.0,1.0,0.0,70.0,1,333,Trial
C01007,High-Support Needs,536,1,104.7,5,0.0,1.0,1.0,65.0,1,542,Basic
C01003,High-Support Needs,978,4,460.46,3,0.0,2.0,0.75,85.0,1,1112,Trial
C00738,High-Support Needs,1079,2,277.13,3,0.0,2.0,0.5,77.5,1,1166,Basic
C00739,High-Support Needs,983,3,305.22,2,0.0,1.0,0.0,70.0,0,1049,Trial
C00989,High-Support Needs,689,2,260.44,6,0.0,2.0,0.5,65.71428571428571,1,834,Trial
C00987,High-Support Needs,961,1,87.35,5,0.0,1.0,1.0,60.0,1,964,Trial
C00732,High-Support Needs,512,3,390.86,3,0.0,3.0,0.6666666666666666,77.5,1,740,Premium
C01061,High-Support Needs,989,1,38.95,4,0.0,1.0,0.0,56.0,1,1243,Trial
C01070,High-Support Needs,614,1,106.63,5,0.0,1.0,1.0,65.0,1,667,Basic
C01088,High-Support Needs,49,1,59.71,3,0.0,1.0,0.0,77.5,1,140,Trial
C01161,High-Support Needs,420,5,361.43,4,0.0,3.0,0.2,68.0,1,657,Basic
C00685,High-Support Needs,120,1,96.83,3,0.0,1.0,1.0,70.0,1,175,Basic
C00687,High-Support Needs,452,2,204.9,4,0.0,2.0,0.5,68.0,1,483,Basic
C01143,High-Support Needs,30,1,72.76,4,0.0,1.0,0.0,80.0,1,167,Basic
C01133,High-Support Needs,271,1,105.78,2,0.0,1.0,0.0,70.0,1,567,Trial
C00695,High-Support Needs,980,5,644.14,3,0.0,3.0,0.8,85.0,1,1170,Basic
C01125,High-Support Needs,930,1,101.81,5,0.0,1.0,0.0,70.0,1,947,Basic
C00700,High-Support Needs,404,2,280.14,3,0.0,2.0,0.5,77.5,1,473,Premium
C00703,High-Support Needs,479,1,158.75,5,0.0,1.0,0.0,75.0,1,558,Trial
C00704,High-Support Needs,844,3,308.68,3,0.0,2.0,0.6666666666666666,77.5,1,974,Basic
C01116,High-Support Needs,993,5,348.89,2,0.0,3.0,0.2,70.0,1,1105,Premium
C01115,High-Support Needs,1158,1,69.93,3,0.0,1.0,0.0,70.0,1,1169,Premium
C01114,High-Support Needs,1119,1,76.52,3,0.0,1.0,1.0,85.0,1,1146,Basic
C01093,High-Support Needs,1076,6,699.5500000000001,3,0.0,5.0,0.5,77.5,0,1222,Premium
C01089,High-Support Needs,994,2,360.74,2,0.0,2.0,0.0,70.0,0,1090,Premium
C00982,High-Support Needs,743,2,321.84999999999997,4,0.0,2.0,0.5,80.0,1,1115,Trial
C01162,High-Support Needs,1032,1,76.8,4,0.0,1.0,1.0,62.0,1,1089,Trial
C00979,High-Support Needs,860,1,86.38,4,0.0,1.0,1.0,74.0,1,1222,Basic
C00969,High-Support Needs,614,1,55.74,5,0.0,1.0,0.0,65.0,1,687,Basic
C00880,High-Support Needs,394,2,214.06,4,0.0,1.0,0.5,74.0,1,405,Basic
C00796,High-Support Needs,124,1,115.51,3,0.0,1.0,0.0,77.5,1,375,Premium
C00874,High-Support Needs,1069,4,285.34000000000003,2,0.25,2.0,0.25,70.0,0,1182,Basic
C00801,High-Support Needs,296,1,82.57,4,0.0,1.0,0.0,74.0,1,379,Trial
C00862,High-Support Needs,375,2,228.95,4,0.0,2.0,0.0,74.0,1,412,Basic
C00810,High-Support Needs,747,2,165.07999999999998,4,0.0,1.0,0.0,74.0,1,1041,Basic
C00882,High-Support Needs,156,2,204.55,3,0.0,1.0,0.0,77.5,1,565,Basic
C00852,High-Support Needs,886,1,119.11,4,0.0,1.0,0.0,80.0,1,1120,Premium
C00849,High-Support Needs,740,1,86.74,3,0.0,1.0,0.0,77.5,1,799,Basic
C00848,High-Support Needs,89,1,139.17,3,0.0,1.0,0.0,77.5,1,238,Basic
C00846,High-Support Needs,882,1,70.47,3,0.0,1.0,0.0,85.0,1,886,Trial
C00841,High-Support Needs,446,1,109.12,3,0.0,1.0,1.0,77.5,1,456,Basic
C00840,High-Support Needs,692,1,63.5,3,0.0,1.0,1.0,77.5,1,774,Basic
C00835,High-Support Needs,799,5,456.59999999999997,3,0.0,4.0,0.4,77.5,1,1134,Trial
C00851,High-Support Needs,818,1,90.3,3,0.0,1.0,0.0,70.0,1,857,Trial
C00790,High-Support Needs,1127,1,109.9,4,0.0,1.0,0.0,74.0,1,1187,Basic
C00889,High-Support Needs,1048,1,227.04,2,0.0,1.0,0.0,70.0,1,1059,Basic
C00893,High-Support Needs,195,3,185.20999999999998,4,0.0,3.0,0.0,68.0,1,284,Trial
C00968,High-Support Needs,442,1,70.11,3,0.0,1.0,1.0,85.0,1,508,Basic
C00762,High-Support Needs,974,1,75.61,4,0.0,1.0,1.0,80.0,1,1048,Basic
C00763,High-Support Needs,695,1,144.98,2,0.0,1.0,0.0,70.0,1,729,Basic
C00946,High-Support Needs,251,1,21.85,5,0.0,1.0,0.0,70.0,1,310,Basic
C00930,High-Support Needs,281,3,274.92,4,0.0,3.0,0.0,74.0,1,637,Basic
C00926,High-Support Needs,779,1,60.79,3,0.0,1.0,1.0,77.5,1,891,Basic
C00777,High-Support Needs,512,2,327.86,2,0.0,2.0,1.0,70.0,1,562,Basic
C00925,High-Support Needs,1163,2,183.17000000000002,3,0.0,2.0,0.5,85.0,1,1202,Basic
C00922,High-Support Needs,527,3,543.85,3,0.0,2.0,0.3333333333333333,70.0,0,702,Basic
C00913,High-Support Needs,646,3,398.51,4,0.0,3.0,0.0,68.0,0,710,Basic
C00912,High-Support Needs,138,1,61.16,4,0.0,1.0,0.0,68.0,1,252,Trial
C00782,High-Support Needs,440,1,71.02,3,0.0,1.0,0.0,85.0,1,441,Basic
C00905,High-Support Needs,1193,2,230.51999999999998,5,0.0,1.0,0.0,65.0,1,1226,Trial
C00903,High-Support Needs,657,1,68.3,4,0.0,1.0,0.0,62.0,1,673,Trial
C00896,High-Support Needs,102,1,64.26,4,0.0,1.0,1.0,74.0,1,273,Trial
C00975,High-Support Needs,867,1,0.0,3,1.0,0.0,0.0,85.0,1,1163,Basic
C02612,High-Support Needs,502,4,382.62,3,0.0,3.0,0.25,77.5,1,724,Premium
C01172,High-Support Needs,691,1,100.01,3,0.0,1.0,0.0,70.0,1,780,Basic
C01176,High-Support Needs,1142,1,37.34,3,0.0,1.0,1.0,85.0,1,1261,Basic
C01447,High-Support Needs,1115,1,97.64,3,0.0,1.0,0.0,77.5,1,1161,Basic
C01446,High-Support Needs,601,3,225.63,3,0.0,3.0,0.3333333333333333,70.0,0,688,Premium
C01438,High-Support Needs,1058,4,335.03999999999996,3,0.0,4.0,0.25,70.0,0,1185,Basic
C01435,High-Support Needs,163,1,40.42,3,0.0,1.0,0.0,77.5,1,207,Basic
C01428,High-Support Needs,1154,3,249.66,4,0.0,3.0,0.6666666666666666,68.0,0,1175,Basic
C00565,High-Support Needs,987,3,218.82999999999998,3,0.0,3.0,0.6666666666666666,77.5,1,1267,Trial
C00554,High-Support Needs,229,3,409.49,4,0.0,3.0,0.0,74.0,1,348,Premium
C00572,High-Support Needs,864,2,144.39999999999998,3,0.0,2.0,0.5,77.5,1,903,Basic
C01412,High-Support Needs,151,3,245.01999999999998,7,0.0,2.0,0.3333333333333333,65.0,1,263,Basic
C00575,High-Support Needs,1006,2,151.58,5,0.0,2.0,0.0,65.0,1,1053,Basic
C01402,High-Support Needs,145,1,72.73,3,0.0,1.0,0.0,77.5,1,378,Basic
C01382,High-Support Needs,1095,3,221.73000000000002,2,0.0,2.0,0.6666666666666666,70.0,1,1193,Basic
C01379,High-Support Needs,1189,2,115.82,3,0.5,1.0,0.5,77.5,1,1256,Basic
C01371,High-Support Needs,308,4,411.64000000000004,3,0.0,1.0,0.25,70.0,0,393,Trial
C01415,High-Support Needs,753,2,261.71000000000004,2,0.0,2.0,0.0,70.0,1,891,Basic
C01454,High-Support Needs,1005,1,202.7,5,0.0,1.0,0.0,70.0,1,1134,Trial
C01455,High-Support Needs,185,1,164.48,3,0.0,1.0,1.0,77.5,1,283,Basic
C01456,High-Support Needs,1085,1,106.13,4,0.0,1.0,0.0,74.0,1,1171,Trial
C00532,High-Support Needs,564,1,143.56,3,0.0,1.0,1.0,62.5,1,806,Trial
C01574,High-Support Needs,737,1,75.15,4,0.0,1.0,1.0,74.0,1,764,Trial
C01571,High-Support Needs,353,2,233.61,3,0.0,1.0,0.0,77.5,1,415,Basic
C00533,High-Support Needs,272,2,81.83,3,0.0,2.0,1.0,70.0,1,306,Trial
C01569,High-Support Needs,569,6,346.63,3,0.16666666666666666,2.0,0.6666666666666666,70.0,0,685,Premium
C01558,High-Support Needs,266,5,420.31,3,0.0,4.0,0.4,77.5,0,386,Trial
C01549,High-Support Needs,713,1,113.78,3,0.0,1.0,1.0,77.5,1,724,Premium
C00535,High-Support Needs,405,1,111.23,3,0.0,1.0,1.0,85.0,1,541,Trial
C01528,High-Support Needs,339,1,376.98,3,0.0,1.0,1.0,70.0,1,345,Basic
C01525,High-Support Needs,402,1,36.08,4,0.0,1.0,1.0,68.0,1,411,Basic
C00542,High-Support Needs,24,2,97.65,3,0.0,2.0,0.5,62.5,1,245,Premium
C01512,High-Support Needs,214,2,225.68,3,0.0,2.0,0.0,70.0,1,320,Premium
C01501,High-Support Needs,65,4,394.31,3,0.0,3.0,0.5,85.0,1,404,Basic
C01491,High-Support Needs,456,1,83.03,3,0.0,1.0,1.0,77.5,1,527,Premium
C01479,High-Support Needs,591,1,167.21,3,0.0,1.0,1.0,77.5,1,762,Trial
C00593,High-Support Needs,154,1,73.07,3,0.0,1.0,1.0,77.5,0,280,Basic
C01173,High-Support Needs,204,1,67.48,2,0.0,1.0,0.0,70.0,1,295,Premium
C01364,High-Support Needs,33,1,106.19,3,0.0,1.0,0.0,77.5,1,154,Basic
C00596,High-Support Needs,1159,1,38.53,3,0.0,1.0,1.0,77.5,1,1194,Premium
C01240,High-Support Needs,469,3,286.48,3,0.0,2.0,0.3333333333333333,77.5,1,858,Trial
C00654,High-Support Needs,855,2,226.21999999999997,4,0.0,2.0,0.5,74.0,1,1208,Trial
C00658,High-Support Needs,1148,1,125.79,5,0.0,1.0,1.0,60.0,1,1151,Basic
C01237,High-Support Needs,415,3,199.27,4,0.0,3.0,0.6666666666666666,80.0,0,588,Premium
C01236,High-Support Needs,545,1,29.45,3,0.0,1.0,1.0,77.5,1,550,Basic
C01232,High-Support Needs,467,2,323.04999999999995,4,0.0,2.0,0.0,68.0,1,771,Basic
C01249,High-Support Needs,43,3,203.24,3,0.0,2.0,0.6666666666666666,77.5,1,384,Basic
C01225,High-Support Needs,247,2,172.98,3,0.0,1.0,0.5,77.5,1,392,Basic
C01214,High-Support Needs,217,3,215.82999999999998,3,0.0,2.0,0.6666666666666666,77.5,1,313,Premium
C01212,High-Support Needs,754,2,223.31,3,0.0,2.0,0.5,70.0,1,878,Premium
C01206,High-Support Needs,849,3,172.39,3,0.0,3.0,0.6666666666666666,77.5,1,1131,Premium
C01199,High-Support Needs,254,2,163.62,3,0.0,2.0,0.0,62.5,1,356,Basic
C01195,High-Support Needs,915,1,171.89,3,0.0,1.0,0.0,77.5,1,1005,Premium
C01184,High-Support Needs,853,2,294.28999999999996,4,0.0,2.0,0.0,62.0,1,1026,Trial
C01220,High-Support Needs,1246,1,40.09,3,0.0,1.0,1.0,70.0,1,1266,Basic
C00646,High-Support Needs,1138,1,184.21,3,0.0,1.0,1.0,77.5,1,1196,Basic
C01251,High-Support Needs,715,1,56.12,4,0.0,1.0,1.0,74.0,1,948,Basic
C00640,High-Support Needs,970,1,120.53,3,0.0,1.0,1.0,70.0,1,1111,Basic
C01358,High-Support Needs,1068,1,67.86,4,0.0,1.0,1.0,74.0,1,1198,Trial
C01352,High-Support Needs,743,1,115.47,5,0.0,1.0,0.0,60.0,1,817,Basic
C01350,High-Support Needs,0,2,121.38,5,0.0,2.0,1.0,65.0,1,329,Trial
C01345,High-Support Needs,546,1,68.26,4,0.0,1.0,0.0,68.0,1,573,Trial
C01336,High-Support Needs,253,2,127.5,3,0.0,2.0,0.0,85.0,0,359,Premium
C00605,High-Support Needs,168,5,328.26,3,0.2,4.0,0.2,77.5,0,396,Premium
C01321,High-Support Needs,600,4,326.48,4,0.0,3.0,1.0,62.0,1,810,Trial
C00625,High-Support Needs,131,1,22.9,3,0.0,1.0,0.0,77.5,1,358,Basic
C01309,High-Support Needs,886,1,137.45,3,0.0,1.0,0.0,77.5,1,982,Premium
C01304,High-Support Needs,515,2,134.6,5,0.0,2.0,0.0,60.0,1,605,Premium
C01299,High-Support Needs,329,1,93.13,4,0.0,1.0,0.0,80.0,1,451,Basic
C01298,High-Support Needs,528,1,168.26,3,0.0,1.0,0.0,77.5,1,720,Basic
C00633,High-Support Needs,370,1,175.35,3,0.0,1.0,0.0,85.0,1,471,Basic
C01265,High-Support Needs,1153,3,140.41,3,0.0,3.0,0.0,85.0,0,1239,Premium
C00637,High-Support Needs,841,1,86.85,2,0.0,1.0,0.0,70.0,1,842,Trial
C01363,High-Support Needs,651,3,245.91,3,0.0,3.0,0.0,85.0,1,761,Premium
C02623,High-Support Needs,659,1,81.45,3,0.0,1.0,0.0,85.0,1,693,Trial
C00817,High-Support Needs,939,2,147.35999999999999,3,0.0,2.0,0.5,70.0,1,1007,Trial
C00120,High-Support Needs,341,2,185.83999999999997,3,0.0,2.0,0.0,77.5,1,385,Basic
C02799,High-Support Needs,248,1,52.16,6,0.0,1.0,0.0,57.142857142857146,1,254,Basic
C00065,High-Support Needs,650,2,208.49,4,0.0,2.0,1.0,74.0,1,1007,Premium
C02803,High-Support Needs,670,1,68.19,7,0.0,1.0,0.0,61.25,1,878,Basic
C02886,High-Support Needs,543,1,70.48,3,0.0,1.0,0.0,77.5,1,645,Trial
C00127,High-Support Needs,852,3,252.33999999999997,4,0.0,3.0,0.3333333333333333,74.0,1,1046,Premium
C02657,High-Support Needs,25,1,61.48,2,0.0,1.0,0.0,70.0,1,135,Trial
C00068,High-Support Needs,161,1,102.34,5,0.0,1.0,1.0,65.0,1,260,Basic
C02746,High-Support Needs,860,1,57.84,3,0.0,1.0,1.0,77.5,1,912,Trial
C00096,High-Support Needs,1047,3,239.74,3,0.3333333333333333,1.0,0.3333333333333333,77.5,1,1142,Premium
C02923,High-Support Needs,0,1,100.53,3,0.0,1.0,0.0,85.0,1,157,Basic
C02862,High-Support Needs,42,4,396.3,4,0.0,3.0,0.25,74.0,0,149,Basic
C02856,High-Support Needs,1062,1,153.44,3,0.0,1.0,1.0,77.5,1,1076,Trial
C03028,High-Support Needs,605,4,458.04999999999995,3,0.0,3.0,0.25,70.0,1,612,Trial
C02738,High-Support Needs,688,1,149.46,3,0.0,1.0,0.0,77.5,1,846,Basic
C03046,High-Support Needs,268,2,188.17000000000002,4,0.0,2.0,0.0,62.0,1,294,Trial
C00060,High-Support Needs,762,3,393.83,4,0.0,3.0,0.3333333333333333,68.0,1,875,Trial
C02647,High-Support Needs,851,1,102.46,2,0.0,1.0,1.0,70.0,1,945,Premium
C02659,High-Support Needs,444,4,401.59000000000003,5,0.0,2.0,0.25,70.0,1,506,Trial
C02806,High-Support Needs,427,1,58.61,4,0.0,1.0,0.0,74.0,1,516,Basic
C03117,High-Support Needs,959,1,102.89,3,0.0,1.0,0.0,85.0,1,1005,Trial
C03037,High-Support Needs,692,3,369.07,5,0.0,2.0,0.0,60.0,0,793,Basic
C00016,High-Support Needs,773,1,54.14,3,0.0,1.0,1.0,77.5,1,891,Basic
C03029,High-Support Needs,1136,4,476.17,3,0.0,3.0,0.25,70.0,0,1244,Premium
C02966,High-Support Needs,72,1,134.38,3,0.0,1.0,0.0,77.5,1,152,Basic
C02670,High-Support Needs,915,3,274.67,7,0.0,2.0,0.0,46.25,1,1042,Basic
C00084,High-Support Needs,118,1,110.24,2,0.0,1.0,0.0,70.0,1,124,Trial
C00017,High-Support Needs,172,2,257.02,3,0.0,2.0,0.0,77.5,1,321,Premium
C02796,High-Support Needs,293,2,149.25,4,0.0,2.0,0.5,68.0,1,457,Basic
C02668,High-Support Needs,850,6,596.99,2,0.0,3.0,0.3333333333333333,70.0,0,1009,Basic
C03033,High-Support Needs,1216,1,143.08,4,0.0,1.0,1.0,74.0,1,1265,Premium
C02673,High-Support Needs,1136,1,78.51,3,0.0,1.0,0.0,77.5,1,1228,Basic
C02910,High-Support Needs,5,1,69.18,4,0.0,1.0,1.0,80.0,1,231,Trial
C02789,High-Support Needs,157,2,160.46,2,0.0,2.0,0.5,70.0,1,233,Basic
C00015,High-Support Needs,436,1,85.31,3,0.0,1.0,0.0,70.0,1,471,Premium
C03036,High-Support Needs,860,2,103.4,2,0.0,2.0,0.0,70.0,1,904,Basic
C03016,High-Support Needs,986,1,47.64,5,0.0,1.0,0.0,65.0,1,1106,Basic
C03107,High-Support Needs,1225,2,162.39,2,0.0,1.0,0.0,70.0,1,1274,Trial
C03071,High-Support Needs,639,3,275.09000000000003,5,0.0,3.0,0.0,60.0,1,915,Basic
C00019,High-Support Needs,649,8,745.65,3,0.0,5.0,0.25,77.5,0,817,Basic
C03088,High-Support Needs,752,1,72.93,3,0.0,1.0,1.0,70.0,1,788,Basic
C02906,High-Support Needs,143,2,167.94,3,0.0,2.0,0.5,77.5,1,265,Trial
C02981,High-Support Needs,886,1,123.59,4,0.0,1.0,1.0,68.0,1,948,Basic
C03051,High-Support Needs,469,9,1150.9099999999999,3,0.0,5.0,0.5555555555555556,62.5,0,661,Basic
C00026,High-Support Needs,620,2,146.51,6,0.0,1.0,0.5,48.57142857142857,1,766,Trial
C02636,High-Support Needs,498,1,91.35,3,0.0,1.0,1.0,70.0,1,550,Trial
C03055,High-Support Needs,546,2,146.3,2,0.0,2.0,1.0,70.0,1,667,Basic
C02809,High-Support Needs,1179,1,71.43,4,0.0,1.0,1.0,74.0,1,1195,Trial
C00035,High-Support Needs,0,2,185.21,3,0.0,2.0,1.0,70.0,1,122,Trial
C02899,High-Support Needs,651,1,169.35,3,0.0,1.0,0.0,85.0,1,733,Trial
C02848,High-Support Needs,0,2,184.99,3,0.0,2.0,0.0,85.0,1,188,Basic
C00042,High-Support Needs,689,2,171.37,4,0.0,2.0,0.5,74.0,1,961,Basic
C02844,High-Support Needs,1149,1,85.62,3,0.0,1.0,0.0,85.0,1,1164,Basic
C00110,High-Support Needs,561,1,97.39,5,0.0,1.0,1.0,70.0,1,634,Trial
C02984,High-Support Needs,542,1,114.7,5,0.0,1.0,0.0,70.0,1,656,Basic
C03060,High-Support Needs,501,3,348.65,2,0.0,2.0,0.0,70.0,0,761,Basic
C02935,High-Support Needs,1005,1,184.78,3,0.0,1.0,0.0,70.0,1,1140,Basic
C00080,High-Support Needs,114,1,77.16,4,0.0,1.0,0.0,74.0,1,212,Basic
C02932,High-Support Needs,185,3,367.88,3,0.0,2.0,0.0,77.5,1,609,Basic
C02949,High-Support Needs,209,1,89.22,4,0.0,1.0,0.0,68.0,1,348,Basic
C02700,High-Support Needs,713,1,50.14,3,0.0,1.0,1.0,85.0,1,718,Trial
C00047,High-Support Needs,314,1,170.43,3,0.0,1.0,1.0,85.0,1,379,Trial
C03049,High-Support Needs,60,1,48.48,3,0.0,1.0,0.0,85.0,1,194,Premium
C02715,High-Support Needs,1125,2,462.28,6,0.0,1.0,0.5,61.42857142857143,1,1202,Basic
C02953,High-Support Needs,1031,2,225.51,3,0.0,2.0,0.0,70.0,1,1102,Trial
C00138,High-Support Needs,298,7,466.02,3,0.0,4.0,0.14285714285714285,62.5,0,481,Premium
C02641,High-Support Needs,634,1,173.56,4,0.0,1.0,0.0,80.0,1,683,Premium
C00779,Loyal Customers,844,6,676.41,0,0.0,4.0,0.3333333333333333,100.0,0,1104,Basic
C01518,Loyal Customers,556,7,540.17,0,0.0,4.0,0.5714285714285714,100.0,0,745,Basic
C00552,Loyal Customers,681,7,1378.82,0,0.0,6.0,0.14285714285714285,100.0,0,775,Premium
C04125,Loyal Customers,440,6,591.3299999999999,0,0.0,4.0,0.3333333333333333,100.0,0,628,Basic
C04091,Loyal Customers,84,6,837.5899999999999,1,0.0,5.0,0.8333333333333334,95.0,0,195,Basic
C01519,Loyal Customers,182,5,560.61,0,0.0,4.0,0.4,100.0,0,321,Basic
C04102,Loyal Customers,454,5,696.3,0,0.0,3.0,0.6,100.0,0,555,Premium
C00781,Loyal Customers,35,7,618.4300000000001,0,0.0,3.0,0.42857142857142855,100.0,0,135,Premium
C04511,Loyal Customers,399,5,677.44,1,0.0,4.0,0.8,95.0,0,439,Basic
C03256,Loyal Customers,336,4,473.96000000000004,1,0.0,2.0,0.25,95.0,0,433,Basic
C04104,Loyal Customers,251,7,589.08,1,0.0,5.0,0.42857142857142855,95.0,0,406,Basic
C04734,Loyal Customers,241,7,753.62,0,0.0,5.0,0.2857142857142857,100.0,0,525,Basic
C01536,Loyal Customers,304,5,510.05999999999995,0,0.0,3.0,0.4,100.0,0,410,Premium
C03263,Loyal Customers,594,5,687.78,0,0.0,4.0,0.2,100.0,0,740,Basic
C04127,Loyal Customers,148,4,307.7,0,0.0,3.0,0.5,100.0,0,209,Basic
C00539,Loyal Customers,182,6,465.28999999999996,0,0.0,3.0,0.3333333333333333,100.0,0,305,Premium
C01535,Loyal Customers,221,6,504.19,0,0.0,5.0,0.3333333333333333,100.0,0,366,Trial
C04122,Loyal Customers,215,5,364.12,1,0.0,4.0,0.4,95.0,0,351,Premium
C03096,Loyal Customers,751,7,594.61,0,0.0,4.0,0.42857142857142855,100.0,0,855,Premium
C01503,Loyal Customers,285,5,513.29,0,0.0,4.0,0.4,100.0,0,353,Premium
C02909,Loyal Customers,154,5,308.67999999999995,0,0.0,3.0,0.0,100.0,0,430,Basic
C01493,Loyal Customers,842,7,648.74,0,0.0,4.0,0.0,100.0,0,968,Premium
C00538,Loyal Customers,680,7,900.34,1,0.0,3.0,0.42857142857142855,95.0,0,919,Basic
C01507,Loyal Customers,906,10,1122.99,1,0.1,6.0,0.2,95.0,0,1184,Premium
C04100,Loyal Customers,154,4,308.99,1,0.0,3.0,0.25,95.0,0,251,Basic
C00550,Loyal Customers,835,6,630.96,1,0.0,4.0,0.3333333333333333,95.0,0,1236,Basic
C04964,Loyal Customers,107,3,494.65999999999997,0,0.0,2.0,0.3333333333333333,100.0,0,139,Basic
C04099,Loyal Customers,173,7,618.34,0,0.0,4.0,0.5714285714285714,100.0,0,390,Premium
C02902,Loyal Customers,550,4,557.77,0,0.0,3.0,0.5,100.0,0,617,Premium
C04724,Loyal Customers,266,8,1017.65,1,0.0,4.0,0.0,95.0,0,419,Basic
C04510,Loyal Customers,862,10,817.53,0,0.0,3.0,0.3,100.0,0,996,Premium
C02908,Loyal Customers,648,6,778.4200000000001,0,0.0,3.0,0.3333333333333333,100.0,0,869,Trial
C01526,Loyal Customers,626,10,1230.34,0,0.0,5.0,0.3,100.0,0,699,Basic
C01486,Loyal Customers,116,7,874.38,0,0.0,4.0,0.14285714285714285,100.0,0,263,Premium
C01485,Loyal Customers,217,5,415.42,0,0.0,3.0,0.4,100.0,0,299,Basic
C04729,Loyal Customers,150,5,537.1500000000001,1,0.0,4.0,0.4,95.0,0,353,Basic
C00537,Loyal Customers,74,8,695.19,0,0.0,4.0,0.625,100.0,0,309,Basic
C01530,Loyal Customers,352,6,506.59000000000003,0,0.16666666666666666,4.0,0.3333333333333333,100.0,0,522,Premium
C04097,Loyal Customers,312,6,529.28,0,0.0,3.0,0.0,100.0,0,496,Premium
C03421,Loyal Customers,196,5,297.42,1,0.0,5.0,0.4,95.0,0,327,Premium
C04721,Loyal Customers,258,5,895.23,0,0.0,3.0,0.4,100.0,0,400,Basic
C00915,Loyal Customers,163,5,418.67,0,0.0,4.0,0.2,100.0,0,341,Trial
C04970,Loyal Customers,59,10,1209.99,0,0.0,5.0,0.6,100.0,0,239,Premium
C04163,Loyal Customers,471,6,387.56,1,0.0,5.0,0.0,95.0,0,609,Trial
C03244,Loyal Customers,839,7,584.28,0,0.14285714285714285,4.0,0.0,100.0,0,1023,Basic
C01413,Loyal Customers,637,8,1171.58,0,0.0,4.0,0.625,100.0,0,776,Basic
C04167,Loyal Customers,91,5,457.27,0,0.0,3.0,1.0,100.0,0,225,Premium
C04168,Loyal Customers,26,6,590.74,0,0.0,3.0,0.16666666666666666,100.0,0,134,Basic
C01410,Loyal Customers,263,5,704.53,0,0.0,4.0,0.0,100.0,0,321,Premium
C01409,Loyal Customers,195,5,616.2800000000001,0,0.0,4.0,0.4,100.0,0,260,Premium
C01403,Loyal Customers,132,7,607.1899999999999,0,0.0,4.0,0.2857142857142857,100.0,0,361,Basic
C00044,Loyal Customers,899,6,806.22,0,0.0,3.0,0.0,100.0,0,1035,Premium
C01399,Loyal Customers,197,6,858.27,1,0.0,4.0,0.5,95.0,0,317,Basic
C00580,Loyal Customers,359,6,614.76,0,0.0,3.0,0.3333333333333333,100.0,0,482,Premium
C00581,Loyal Customers,463,10,854.25,1,0.0,3.0,0.3,95.0,0,588,Premium
C04178,Loyal Customers,199,6,767.71,0,0.0,3.0,0.8333333333333334,100.0,0,481,Premium
C04704,Loyal Customers,36,5,710.6,0,0.0,3.0,0.0,100.0,0,330,Premium
C01389,Loyal Customers,833,6,619.29,0,0.16666666666666666,3.0,0.3333333333333333,100.0,0,1069,Premium
C01387,Loyal Customers,182,6,652.84,0,0.0,3.0,0.3333333333333333,100.0,0,485,Basic
C00586,Loyal Customers,679,5,578.84,0,0.0,4.0,0.0,100.0,0,872,Basic
C01385,Loyal Customers,208,3,423.4,1,0.0,2.0,0.3333333333333333,95.0,1,268,Basic
C02933,Loyal Customers,411,6,766.7,1,0.0,4.0,0.5,95.0,0,644,Basic
C03086,Loyal Customers,529,6,825.02,0,0.0,3.0,0.3333333333333333,100.0,0,718,Premium
C00590,Loyal Customers,433,6,522.21,1,0.0,4.0,0.16666666666666666,95.0,0,568,Premium
C04187,Loyal Customers,667,7,754.13,1,0.0,5.0,0.5714285714285714,95.0,0,907,Basic
C01380,Loyal Customers,889,7,830.84,0,0.0,4.0,0.2857142857142857,100.0,0,974,Premium
C01421,Loyal Customers,797,7,697.14,0,0.0,4.0,0.14285714285714285,100.0,0,1003,Trial
C01475,Loyal Customers,202,7,770.78,1,0.0,5.0,0.42857142857142855,95.0,0,377,Basic
C00566,Loyal Customers,227,6,820.3,0,0.0,3.0,0.16666666666666666,100.0,0,453,Premium
C01426,Loyal Customers,421,11,1133.69,0,0.0,4.0,0.45454545454545453,100.0,0,548,Basic
C01473,Loyal Customers,0,6,723.31,0,0.16666666666666666,4.0,0.16666666666666666,100.0,0,169,Premium
C01467,Loyal Customers,0,6,410.14,0,0.16666666666666666,4.0,0.0,100.0,0,169,Premium
C04132,Loyal Customers,92,5,512.37,0,0.0,4.0,0.2,100.0,0,260,Basic
C04133,Loyal Customers,150,5,373.13,0,0.0,3.0,0.4,100.0,1,324,Basic
C00909,Loyal Customers,652,6,632.16,0,0.0,4.0,0.3333333333333333,100.0,0,857,Basic
C01463,Loyal Customers,103,6,489.57,1,0.0,4.0,0.5,95.0,0,180,Basic
C03254,Loyal Customers,536,9,730.73,1,0.0,5.0,0.2222222222222222,95.0,0,893,Basic
C02913,Loyal Customers,815,9,925.49,0,0.0,5.0,0.2222222222222222,100.0,0,1017,Trial
C04965,Loyal Customers,72,5,389.76,0,0.0,4.0,0.2,100.0,0,142,Basic
C04140,Loyal Customers,432,5,541.85,0,0.0,5.0,0.0,100.0,0,662,Basic
C00778,Loyal Customers,203,5,315.65999999999997,0,0.0,4.0,0.6,100.0,0,227,Premium
C00058,Loyal Customers,97,7,840.93,0,0.0,5.0,0.5714285714285714,100.0,0,147,Basic
C04505,Loyal Customers,901,8,1155.6,1,0.0,4.0,0.25,95.0,0,1213,Premium
C00556,Loyal Customers,440,4,551.95,1,0.0,3.0,0.5,95.0,0,545,Basic
C04145,Loyal Customers,462,5,585.77,0,0.2,2.0,0.6,100.0,0,544,Basic
C01441,Loyal Customers,238,6,543.66,0,0.0,3.0,0.3333333333333333,100.0,0,341,Premium
C04716,Loyal Customers,426,4,584.03,0,0.0,3.0,0.0,100.0,0,624,Basic
C04504,Loyal Customers,154,6,642.91,1,0.0,3.0,0.16666666666666666,95.0,0,232,Basic
C04149,Loyal Customers,130,5,446.51,1,0.0,4.0,0.4,95.0,0,331,Trial
C02920,Loyal Customers,299,5,453.84,0,0.0,4.0,0.2,100.0,0,404,Premium
C00563,Loyal Customers,347,6,807.0,1,0.0,4.0,0.6666666666666666,95.0,0,568,Basic
C01436,Loyal Customers,550,8,790.65,0,0.0,5.0,0.25,100.0,0,685,Basic
C03149,Loyal Customers,394,5,714.27,1,0.0,4.0,0.2,95.0,0,523,Basic
C01431,Loyal Customers,0,5,361.89,1,0.0,3.0,0.2,95.0,0,165,Premium
C04502,Loyal Customers,565,4,650.97,0,0.0,3.0,0.25,100.0,0,816,Premium
C00014,Loyal Customers,814,9,1054.9,1,0.0,5.0,0.6666666666666666,95.0,0,933,Basic
C04087,Loyal Customers,742,7,741.15,0,0.0,4.0,0.2857142857142857,100.0,1,940,Basic
C01591,Loyal Customers,287,8,905.62,0,0.0,5.0,0.5,100.0,0,480,Basic
C01547,Loyal Customers,332,6,553.48,0,0.0,4.0,0.16666666666666666,100.0,0,440,Basic
C03990,Loyal Customers,805,6,657.26,0,0.0,4.0,0.3333333333333333,100.0,0,1111,Basic
C04520,Loyal Customers,609,10,998.6,0,0.0,6.0,0.3,100.0,0,806,Premium
C03992,Loyal Customers,400,5,424.58,0,0.0,3.0,0.0,100.0,0,487,Basic
C03294,Loyal Customers,597,6,497.88,0,0.0,5.0,0.16666666666666666,100.0,0,714,Basic
C01714,Loyal Customers,321,10,659.07,0,0.0,6.0,0.3,100.0,0,526,Basic
C03293,Loyal Customers,426,6,431.89,0,0.0,5.0,0.16666666666666666,100.0,0,524,Premium
C02628,Loyal Customers,522,6,528.17,0,0.0,4.0,0.16666666666666666,100.0,0,675,Basic
C02855,Loyal Customers,0,6,474.13,0,0.16666666666666666,2.0,0.16666666666666666,100.0,0,125,Basic
C02857,Loyal Customers,0,4,362.42,1,0.0,3.0,0.5,95.0,0,126,Basic
C00478,Loyal Customers,488,6,909.41,1,0.0,4.0,0.5,95.0,0,619,Premium
C04002,Loyal Customers,0,4,284.74,0,0.0,3.0,0.0,100.0,0,188,Trial
C01693,Loyal Customers,156,5,511.96,0,0.0,3.0,0.2,100.0,0,272,Premium
C03989,Loyal Customers,120,4,461.15999999999997,0,0.0,4.0,0.5,100.0,0,167,Basic
C04004,Loyal Customers,162,6,492.38,0,0.0,3.0,0.3333333333333333,100.0,0,286,Premium
C04518,Loyal Customers,155,4,499.26000000000005,0,0.0,3.0,0.5,100.0,0,223,Premium
C04957,Loyal Customers,342,5,297.01,0,0.0,4.0,0.6,100.0,0,427,Premium
C01684,Loyal Customers,0,5,520.36,0,0.0,4.0,0.0,100.0,0,302,Premium
C04010,Loyal Customers,379,5,852.3900000000001,0,0.0,4.0,0.6,100.0,0,500,Premium
C01675,Loyal Customers,204,7,611.8,0,0.0,4.0,0.7142857142857143,100.0,0,250,Premium
C01673,Loyal Customers,162,7,645.37,0,0.0,5.0,0.2857142857142857,100.0,0,315,Trial
C01672,Loyal Customers,212,7,629.58,0,0.0,4.0,0.5714285714285714,100.0,0,435,Premium
C01671,Loyal Customers,153,4,390.58000000000004,0,0.0,3.0,1.0,100.0,0,303,Basic
C00902,Loyal Customers,42,10,993.24,0,0.0,5.0,0.5,100.0,0,268,Basic
C02872,Loyal Customers,820,10,989.47,0,0.0,6.0,0.3,100.0,0,919,Basic
C04753,Loyal Customers,508,6,791.97,0,0.0,5.0,0.3333333333333333,100.0,0,625,Trial
C01664,Loyal Customers,611,7,851.15,0,0.0,5.0,0.2857142857142857,100.0,0,672,Premium
C01690,Loyal Customers,658,7,688.4,0,0.0,3.0,0.42857142857142855,100.0,0,913,Premium
C01729,Loyal Customers,742,7,824.23,0,0.0,4.0,0.2857142857142857,100.0,0,832,Basic
C01730,Loyal Customers,793,7,673.18,0,0.0,4.0,0.0,100.0,0,979,Premium
C03986,Loyal Customers,91,7,654.78,0,0.0,4.0,0.14285714285714285,100.0,0,240,Premium
C01774,Loyal Customers,137,4,476.65000000000003,0,0.0,3.0,0.0,100.0,0,176,Basic
C01772,Loyal Customers,128,4,419.92999999999995,0,0.0,3.0,0.75,100.0,0,308,Basic
C01771,Loyal Customers,356,5,406.62,0,0.0,4.0,0.4,100.0,0,627,Premium
C02826,Loyal Customers,147,10,883.03,1,0.0,5.0,0.4,95.0,0,240,Premium
C01767,Loyal Customers,311,12,1351.44,0,0.0,5.0,0.4166666666666667,100.0,0,615,Basic
C02827,Loyal Customers,254,4,396.78000000000003,0,0.0,2.0,0.25,100.0,0,334,Premium
C02843,Loyal Customers,411,4,522.6,0,0.0,3.0,0.0,100.0,0,483,Basic
C04771,Loyal Customers,791,7,663.97,1,0.0,3.0,0.14285714285714285,95.0,0,964,Basic
C01760,Loyal Customers,541,5,589.4100000000001,0,0.0,4.0,0.2,100.0,0,696,Premium
C01757,Loyal Customers,207,5,408.89,0,0.0,4.0,0.4,100.0,0,362,Basic
C04954,Loyal Customers,32,8,855.9,0,0.0,3.0,0.5,100.0,0,135,Trial
C00444,Loyal Customers,204,7,664.58,0,0.0,4.0,0.2857142857142857,100.0,0,410,Basic
C02851,Loyal Customers,187,7,875.26,0,0.0,4.0,0.2857142857142857,100.0,0,366,Premium
C03971,Loyal Customers,582,7,732.6800000000001,0,0.0,3.0,0.14285714285714285,100.0,0,693,Trial
C01750,Loyal Customers,259,5,540.08,0,0.0,5.0,0.2,100.0,0,418,Premium
C01745,Loyal Customers,464,6,729.2,0,0.0,4.0,0.16666666666666666,100.0,0,595,Basic
C01743,Loyal Customers,240,5,558.89,0,0.0,4.0,0.6,100.0,0,293,Premium
C01739,Loyal Customers,470,8,773.78,0,0.0,4.0,0.625,100.0,0,551,Premium
C02853,Loyal Customers,500,7,721.81,0,0.0,3.0,0.14285714285714285,100.0,0,629,Basic
C03977,Loyal Customers,329,5,522.3100000000001,0,0.0,4.0,0.2,100.0,0,373,Basic
C01735,Loyal Customers,159,5,518.96,0,0.0,4.0,0.0,100.0,0,386,Premium
C00071,Loyal Customers,822,7,923.95,0,0.0,3.0,0.7142857142857143,100.0,0,939,Basic
C00456,Loyal Customers,724,8,722.43,0,0.0,4.0,0.125,100.0,0,1012,Premium
C03982,Loyal Customers,534,7,639.56,0,0.14285714285714285,4.0,0.42857142857142855,100.0,0,627,Premium
C00460,Loyal Customers,175,12,1231.08,0,0.0,5.0,0.4166666666666667,100.0,0,426,Basic
C03984,Loyal Customers,44,5,354.75,0,0.2,2.0,0.4,100.0,0,204,Premium
C00463,Loyal Customers,77,6,491.19,1,0.0,4.0,0.3333333333333333,95.0,0,184,Basic
C04021,Loyal Customers,97,8,785.17,1,0.0,6.0,0.375,95.0,0,221,Trial
C01542,Loyal Customers,665,6,627.43,0,0.0,3.0,0.16666666666666666,100.0,0,751,Trial
C04022,Loyal Customers,742,8,828.97,0,0.0,4.0,0.125,100.0,0,884,Premium
C01659,Loyal Customers,68,4,766.96,0,0.0,3.0,0.25,100.0,0,177,Trial
C01610,Loyal Customers,753,6,585.4,0,0.0,4.0,0.6666666666666666,100.0,0,850,Basic
C01605,Loyal Customers,884,7,668.49,0,0.0,5.0,0.42857142857142855,100.0,0,1035,Premium
C04059,Loyal Customers,603,6,401.5,1,0.0,3.0,0.3333333333333333,95.0,0,669,Premium
C04060,Loyal Customers,240,4,404.01,0,0.0,2.0,0.5,100.0,0,256,Basic
C02888,Loyal Customers,314,9,802.73,0,0.1111111111111111,5.0,0.3333333333333333,100.0,0,544,Premium
C02889,Loyal Customers,818,6,606.57,0,0.0,4.0,0.5,100.0,0,956,Basic
C02892,Loyal Customers,296,7,839.1,0,0.0,4.0,0.2857142857142857,100.0,0,496,Basic
C01592,Loyal Customers,171,5,550.32,0,0.0,4.0,0.6,100.0,0,252,Premium
C02934,Loyal Customers,617,5,558.16,0,0.0,3.0,0.0,100.0,0,700,Basic
C00527,Loyal Customers,201,6,498.47,1,0.0,4.0,0.8333333333333334,95.0,0,391,Basic
C02894,Loyal Customers,398,6,516.15,0,0.0,4.0,0.16666666666666666,100.0,0,551,Basic
C04069,Loyal Customers,339,8,858.2,1,0.0,5.0,0.125,95.0,0,578,Premium
C00519,Loyal Customers,0,8,821.24,0,0.0,4.0,0.25,100.0,0,136,Premium
C02896,Loyal Customers,804,8,708.4,0,0.0,3.0,0.5,100.0,0,940,Basic
C04072,Loyal Customers,648,6,638.9,1,0.0,5.0,0.5,95.0,0,928,Premium
C01576,Loyal Customers,552,5,678.52,1,0.0,4.0,0.4,95.0,0,701,Basic
C03269,Loyal Customers,76,5,659.97,0,0.0,4.0,0.6,100.0,0,231,Premium
C03267,Loyal Customers,101,4,476.83,0,0.0,4.0,0.25,100.0,0,206,Premium
C02900,Loyal Customers,84,9,921.97,1,0.0,6.0,0.4444444444444444,95.0,0,179,Premium
C04513,Loyal Customers,214,4,302.27,0,0.0,4.0,0.75,100.0,0,359,Trial
C01566,Loyal Customers,0,5,980.23,0,0.0,4.0,0.4,100.0,0,243,Premium
C04080,Loyal Customers,783,6,630.72,1,0.0,4.0,0.3333333333333333,95.0,0,889,Basic
C02901,Loyal Customers,87,7,824.88,0,0.0,3.0,0.42857142857142855,100.0,0,243,Basic
C01555,Loyal Customers,59,7,709.5,0,0.0,3.0,0.2857142857142857,100.0,0,169,Premium
C03264,Loyal Customers,89,5,699.76,0,0.0,3.0,0.8,100.0,0,141,Premium
C04084,Loyal Customers,846,8,893.17,0,0.0,4.0,0.25,100.0,0,1001,Premium
C02898,Loyal Customers,84,5,483.83000000000004,0,0.0,4.0,0.0,100.0,0,230,Basic
C04055,Loyal Customers,447,7,516.31,0,0.0,3.0,0.14285714285714285,100.0,0,519,Basic
C04741,Loyal Customers,404,5,622.9000000000001,1,0.0,4.0,0.4,95.0,0,471,Premium
C01624,Loyal Customers,726,7,895.29,1,0.0,3.0,0.14285714285714285,95.0,0,966,Premium
C00488,Loyal Customers,389,5,545.34,0,0.0,3.0,0.6,100.0,0,482,Premium
C02883,Loyal Customers,849,7,600.33,0,0.0,4.0,0.2857142857142857,100.0,0,982,Basic
C04516,Loyal Customers,181,5,546.88,0,0.0,4.0,0.6,100.0,0,312,Premium
C01654,Loyal Customers,103,5,723.42,0,0.0,3.0,0.2,100.0,1,426,Trial
C03146,Loyal Customers,130,3,502.84000000000003,0,0.0,2.0,0.3333333333333333,100.0,0,214,Premium
C00503,Loyal Customers,820,9,901.1,0,0.0,4.0,0.5555555555555556,100.0,0,1104,Basic
C02884,Loyal Customers,244,4,538.3199999999999,0,0.0,3.0,0.25,100.0,0,373,Trial
C01646,Loyal Customers,509,7,1080.74,0,0.0,5.0,0.5714285714285714,100.0,0,688,Premium
C03098,Loyal Customers,397,6,850.65,0,0.0,4.0,0.16666666666666666,100.0,0,541,Premium
C03279,Loyal Customers,468,7,698.78,0,0.0,6.0,0.7142857142857143,100.0,0,510,Basic
C04035,Loyal Customers,30,4,249.62,0,0.0,3.0,0.25,100.0,0,235,Basic
C04036,Loyal Customers,259,4,426.66999999999996,1,0.0,2.0,0.25,95.0,0,365,Basic
C03278,Loyal Customers,822,8,603.0,0,0.125,4.0,0.375,100.0,0,1115,Basic
C01640,Loyal Customers,436,5,459.15999999999997,1,0.0,3.0,0.4,95.0,0,573,Basic
C00511,Loyal Customers,46,4,434.74,0,0.0,3.0,1.0,100.0,0,252,Premium
C04745,Loyal Customers,205,5,375.73,0,0.0,4.0,0.2,100.0,0,335,Basic
C01635,Loyal Customers,107,8,834.83,0,0.0,6.0,0.25,100.0,0,252,Basic
C04042,Loyal Customers,356,4,535.38,1,0.25,2.0,0.0,95.0,0,400,Premium
C04744,Loyal Customers,220,3,508.61,0,0.0,3.0,0.0,100.0,0,375,Basic
C00512,Loyal Customers,816,7,890.46,1,0.0,3.0,0.0,95.0,0,890,Basic
C04045,Loyal Customers,69,4,505.98,0,0.0,3.0,0.5,100.0,0,260,Trial
C01632,Loyal Customers,776,6,1040.17,1,0.0,4.0,0.5,95.0,0,932,Premium
C01631,Loyal Customers,251,5,560.07,1,0.0,2.0,0.2,95.0,0,290,Basic
C01630,Loyal Customers,637,5,760.0899999999999,0,0.0,4.0,0.6,100.0,0,689,Basic
C04050,Loyal Customers,267,5,501.87,1,0.0,4.0,0.6,95.0,0,432,Basic
C01626,Loyal Customers,605,8,636.52,0,0.0,4.0,0.125,100.0,0,850,Basic
C00518,Loyal Customers,199,6,553.79,0,0.0,5.0,0.3333333333333333,100.0,0,343,Trial
C00064,Loyal Customers,213,5,521.69,1,0.0,4.0,0.0,95.0,0,281,Trial
C01378,Loyal Customers,207,5,547.55,1,0.0,3.0,0.2,95.0,0,288,Basic
C01356,Loyal Customers,174,4,491.93,0,0.0,3.0,0.5,100.0,0,220,Premium
C04192,Loyal Customers,226,7,528.04,0,0.0,5.0,0.14285714285714285,100.0,0,365,Premium
C04471,Loyal Customers,414,5,610.24,1,0.0,4.0,0.4,95.0,0,450,Basic
C01129,Loyal Customers,554,5,668.4,0,0.0,5.0,0.4,100.0,0,616,Basic
C04635,Loyal Customers,759,8,672.74,1,0.0,3.0,0.125,95.0,0,945,Premium
C01124,Loyal Customers,188,4,486.35,0,0.0,3.0,0.5,100.0,0,236,Premium
C01122,Loyal Customers,340,6,827.39,1,0.0,3.0,0.5,95.0,0,460,Premium
C01118,Loyal Customers,228,6,558.25,0,0.0,5.0,0.3333333333333333,100.0,0,411,Premium
C03187,Loyal Customers,204,3,387.84999999999997,0,0.0,3.0,0.3333333333333333,100.0,0,316,Basic
C04374,Loyal Customers,160,11,1126.72,0,0.0,4.0,0.36363636363636365,100.0,0,301,Trial
C03031,Loyal Customers,603,6,667.83,0,0.0,3.0,0.6666666666666666,100.0,0,758,Premium
C00976,Loyal Customers,207,5,499.89,0,0.0,3.0,0.0,100.0,0,330,Basic
C03032,Loyal Customers,364,6,472.77,1,0.0,5.0,0.5,95.0,0,521,Premium
C01113,Loyal Customers,0,6,436.55,0,0.0,4.0,0.16666666666666666,100.0,0,214,Basic
C04363,Loyal Customers,421,5,419.8,0,0.0,3.0,0.2,100.0,0,485,Basic
C01110,Loyal Customers,210,7,432.3,0,0.0,5.0,0.5714285714285714,100.0,0,338,Premium
C01107,Loyal Customers,824,8,822.7900000000001,0,0.0,4.0,0.25,100.0,0,981,Basic
C04629,Loyal Customers,284,5,651.52,1,0.0,2.0,0.0,95.0,0,360,Basic
C04384,Loyal Customers,768,6,777.05,0,0.0,3.0,0.6666666666666666,100.0,0,824,Basic
C00713,Loyal Customers,440,9,888.49,0,0.0,5.0,0.5555555555555556,100.0,0,611,Premium
C01100,Loyal Customers,81,6,627.6,1,0.16666666666666666,2.0,0.0,95.0,0,319,Premium
C04388,Loyal Customers,70,7,716.97,0,0.0,5.0,0.42857142857142855,100.0,0,249,Premium
C00714,Loyal Customers,646,7,572.09,0,0.0,3.0,0.2857142857142857,100.0,0,751,Premium
C04390,Loyal Customers,39,6,611.76,0,0.0,4.0,0.6666666666666666,100.0,0,358,Basic
C04990,Loyal Customers,605,5,615.58,1,0.0,4.0,0.0,95.0,0,685,Basic
C01087,Loyal Customers,490,10,767.77,0,0.0,4.0,0.7,100.0,0,601,Premium
C01081,Loyal Customers,270,8,776.15,0,0.0,4.0,0.5,100.0,0,458,Basic
C04395,Loyal Customers,127,6,778.66,1,0.0,4.0,0.16666666666666666,95.0,0,247,Premium
C00705,Loyal Customers,508,6,529.41,1,0.0,4.0,0.5,95.0,0,638,Trial
C01132,Loyal Customers,147,7,1105.8600000000001,0,0.14285714285714285,4.0,0.0,100.0,0,301,Basic
C03161,Loyal Customers,144,6,703.33,0,0.0,4.0,0.8333333333333334,100.0,0,333,Basic
C00693,Loyal Customers,133,5,517.6899999999999,0,0.0,3.0,0.4,100.0,0,197,Basic
C01180,Loyal Customers,802,7,649.66,0,0.0,4.0,0.2857142857142857,100.0,0,966,Premium
C03070,Loyal Customers,121,5,498.06,0,0.0,3.0,0.4,100.0,0,163,Premium
C01177,Loyal Customers,680,7,813.54,1,0.0,4.0,0.2857142857142857,95.0,0,784,Premium
C00970,Loyal Customers,168,5,449.41999999999996,0,0.0,4.0,0.2,100.0,0,267,Premium
C00974,Loyal Customers,64,6,567.25,0,0.0,3.0,0.16666666666666666,100.0,0,140,Basic
C04335,Loyal Customers,403,5,427.75,0,0.0,3.0,0.2,100.0,0,526,Basic
C04336,Loyal Customers,150,4,265.14,0,0.0,3.0,0.5,100.0,0,273,Basic
C00023,Loyal Customers,235,5,512.86,0,0.0,3.0,0.6,100.0,0,420,Basic
C03198,Loyal Customers,543,4,560.04,0,0.0,3.0,0.75,100.0,0,626,Basic
C01169,Loyal Customers,56,5,438.14,0,0.2,2.0,0.0,100.0,0,294,Premium
C00675,Loyal Customers,337,7,644.75,0,0.14285714285714285,5.0,0.14285714285714285,100.0,0,673,Basic
C00678,Loyal Customers,236,7,636.35,0,0.0,3.0,0.7142857142857143,100.0,0,439,Premium
C03006,Loyal Customers,50,8,870.15,0,0.0,4.0,0.25,100.0,0,151,Basic
C03196,Loyal Customers,335,9,746.28,1,0.0,4.0,0.2222222222222222,95.0,0,544,Basic
C01160,Loyal Customers,189,5,564.2,0,0.0,3.0,0.4,100.0,0,282,Premium
C04473,Loyal Customers,421,8,754.3299999999999,0,0.0,4.0,0.5,100.0,0,686,Basic
C04644,Loyal Customers,159,6,487.26000000000005,0,0.0,3.0,0.3333333333333333,100.0,0,336,Basic
C00684,Loyal Customers,490,6,549.49,0,0.0,4.0,0.5,100.0,0,731,Basic
C04348,Loyal Customers,384,7,953.69,1,0.0,4.0,0.14285714285714285,95.0,0,477,Premium
C04642,Loyal Customers,392,6,387.43,0,0.0,5.0,0.16666666666666666,100.0,0,548,Basic
C01153,Loyal Customers,642,6,1010.0300000000001,1,0.0,4.0,0.6666666666666666,95.0,0,683,Premium
C03007,Loyal Customers,303,8,678.74,0,0.0,5.0,0.5,100.0,0,409,Basic
C01147,Loyal Customers,578,6,517.05,0,0.0,4.0,0.5,100.0,0,648,Premium
C00688,Loyal Customers,889,6,790.13,0,0.0,5.0,0.0,100.0,0,1028,Basic
C01140,Loyal Customers,375,9,1043.01,1,0.0,5.0,0.4444444444444444,95.0,0,566,Premium
C01139,Loyal Customers,0,6,552.12,0,0.0,3.0,0.16666666666666666,100.0,0,237,Premium
C01138,Loyal Customers,281,7,626.23,0,0.0,3.0,0.14285714285714285,100.0,0,499,Basic
C01080,Loyal Customers,128,8,825.9,1,0.0,3.0,0.5,95.0,0,257,Basic
C01076,Loyal Customers,218,5,340.17,0,0.0,2.0,0.2,100.0,0,296,Premium
C00761,Loyal Customers,8,5,372.74,0,0.0,4.0,0.2,100.0,0,213,Basic
C01073,Loyal Customers,745,6,1115.34,0,0.0,5.0,0.3333333333333333,100.0,0,822,Basic
C04433,Loyal Customers,63,3,469.52,0,0.0,2.0,0.0,100.0,0,228,Premium
C00728,Loyal Customers,0,6,670.61,1,0.0,5.0,0.3333333333333333,95.0,0,214,Basic
C00977,Loyal Customers,230,5,638.03,0,0.0,4.0,0.6,100.0,0,446,Trial
C04436,Loyal Customers,506,9,874.5799999999999,0,0.2222222222222222,3.0,0.4444444444444444,100.0,0,671,Premium
C00731,Loyal Customers,331,6,632.0899999999999,1,0.0,5.0,0.16666666666666666,95.0,0,465,Basic
C04439,Loyal Customers,147,11,996.54,0,0.0,5.0,0.2727272727272727,100.0,0,228,Basic
C03171,Loyal Customers,570,8,768.8299999999999,1,0.0,3.0,0.25,95.0,0,676,Basic
C03053,Loyal Customers,573,6,478.16,0,0.0,5.0,0.16666666666666666,100.0,0,788,Premium
C01006,Loyal Customers,145,6,641.8,0,0.0,4.0,0.3333333333333333,100.0,0,367,Premium
C00736,Loyal Customers,836,8,977.89,0,0.0,3.0,0.25,100.0,0,1044,Basic
C04445,Loyal Customers,298,5,433.21999999999997,0,0.0,5.0,0.4,100.0,0,374,Basic
C01005,Loyal Customers,727,8,692.32,0,0.0,5.0,0.25,100.0,0,808,Basic
C03056,Loyal Customers,602,9,1134.05,0,0.0,6.0,0.3333333333333333,100.0,0,865,Premium
C03057,Loyal Customers,23,6,844.0799999999999,0,0.0,4.0,0.5,100.0,0,174,Basic
C04611,Loyal Customers,426,6,362.82000000000005,0,0.0,5.0,0.0,100.0,0,689,Basic
C00999,Loyal Customers,0,5,312.73,0,0.0,3.0,0.4,100.0,0,133,Premium
C00998,Loyal Customers,0,8,729.38,0,0.125,4.0,0.25,100.0,0,175,Basic
C03058,Loyal Customers,0,7,894.91,0,0.0,5.0,0.2857142857142857,100.0,0,129,Basic
C00742,Loyal Customers,533,6,722.7,1,0.0,4.0,0.5,95.0,0,654,Basic
C03069,Loyal Customers,906,6,685.29,1,0.0,5.0,0.5,95.0,0,1044,Basic
C00749,Loyal Customers,346,7,742.75,0,0.0,4.0,0.2857142857142857,100.0,0,400,Basic
C00991,Loyal Customers,111,7,645.31,0,0.0,4.0,0.42857142857142855,100.0,0,199,Premium
C00755,Loyal Customers,796,7,642.9,0,0.0,5.0,0.7142857142857143,100.0,0,927,Premium
C03164,Loyal Customers,189,4,477.32,0,0.0,4.0,0.25,100.0,0,388,Premium
C04605,Loyal Customers,457,6,593.2,1,0.0,3.0,0.3333333333333333,95.0,0,523,Trial
C03065,Loyal Customers,144,4,539.88,0,0.0,3.0,0.75,100.0,0,297,Basic
C04466,Loyal Customers,833,7,558.72,0,0.0,3.0,0.42857142857142855,100.0,0,973,Basic
C01016,Loyal Customers,276,6,683.87,0,0.0,4.0,0.5,100.0,0,362,Basic
C01181,Loyal Customers,407,9,597.02,0,0.2222222222222222,3.0,0.3333333333333333,100.0,0,538,Trial
C04430,Loyal Customers,170,5,544.19,0,0.0,4.0,0.4,100.0,0,353,Premium
C04620,Loyal Customers,185,9,767.0400000000001,0,0.1111111111111111,4.0,0.2222222222222222,100.0,0,354,Premium
C04400,Loyal Customers,0,5,255.27,0,0.0,4.0,0.0,100.0,0,147,Premium
C04625,Loyal Customers,620,5,775.51,0,0.0,4.0,0.8,100.0,0,664,Trial
C04402,Loyal Customers,62,4,589.26,1,0.0,3.0,0.25,95.0,0,157,Basic
C03180,Loyal Customers,59,5,590.8299999999999,0,0.0,3.0,0.6,100.0,0,592,Basic
C01064,Loyal Customers,589,10,847.35,0,0.1,5.0,0.3,100.0,0,689,Basic
C04405,Loyal Customers,318,7,705.7,1,0.0,3.0,0.2857142857142857,95.0,0,468,Premium
C00718,Loyal Customers,98,4,391.62,0,0.0,4.0,0.25,100.0,0,250,Basic
C04407,Loyal Customers,636,7,562.04,0,0.0,4.0,0.0,100.0,0,861,Basic
C03179,Loyal Customers,837,6,667.09,1,0.0,5.0,0.16666666666666666,95.0,0,1003,Premium
C01060,Loyal Customers,146,5,592.24,0,0.0,3.0,0.4,100.0,0,343,Premium
C03178,Loyal Customers,132,7,779.6,0,0.0,4.0,0.14285714285714285,100.0,0,236,Basic
C04411,Loyal Customers,472,7,703.28,1,0.0,3.0,0.2857142857142857,95.0,0,518,Basic
C04623,Loyal Customers,547,5,608.1999999999999,0,0.0,3.0,0.4,100.0,0,750,Trial
C04622,Loyal Customers,0,4,386.47,0,0.0,3.0,0.5,100.0,0,175,Basic
C04414,Loyal Customers,367,6,581.89,0,0.0,3.0,0.0,100.0,0,514,Premium
C03039,Loyal Customers,547,7,842.41,1,0.0,4.0,0.2857142857142857,95.0,0,654,Basic
C01042,Loyal Customers,48,5,634.1,0,0.0,4.0,0.0,100.0,0,138,Premium
C04417,Loyal Customers,543,6,479.38,0,0.0,4.0,0.16666666666666666,100.0,0,678,Basic
C04991,Loyal Customers,795,5,602.8499999999999,1,0.2,2.0,0.4,95.0,0,983,Premium
C01040,Loyal Customers,460,6,747.51,0,0.0,5.0,0.16666666666666666,100.0,0,541,Premium
C04621,Loyal Customers,591,7,665.26,1,0.0,5.0,0.2857142857142857,95.0,0,708,Basic
C04422,Loyal Customers,526,7,529.4300000000001,0,0.0,2.0,0.5714285714285714,100.0,0,563,Premium
C01031,Loyal Customers,288,5,777.0699999999999,0,0.0,5.0,0.2,100.0,0,372,Basic
C03174,Loyal Customers,200,8,704.25,0,0.125,4.0,0.25,100.0,0,297,Premium
C04425,Loyal Customers,72,4,432.48,0,0.0,3.0,0.25,100.0,0,184,Basic
C04426,Loyal Customers,0,8,1005.96,1,0.0,5.0,0.25,95.0,0,206,Trial
C01026,Loyal Customers,0,5,467.1,0,0.0,3.0,0.6,100.0,0,134,Basic
C00720,Loyal Customers,319,5,501.21,0,0.0,3.0,0.6,100.0,0,527,Premium
C04327,Loyal Customers,639,7,685.26,0,0.0,5.0,0.2857142857142857,100.0,0,751,Premium
C04326,Loyal Customers,286,6,555.49,0,0.0,4.0,0.6666666666666666,100.0,0,492,Basic
C03201,Loyal Customers,494,6,496.78,1,0.0,4.0,0.5,95.0,0,616,Trial
C02958,Loyal Customers,161,4,292.73,0,0.0,3.0,0.0,100.0,0,348,Trial
C01320,Loyal Customers,168,4,494.0,0,0.0,3.0,0.0,100.0,0,269,Trial
C00774,Loyal Customers,462,5,593.11,1,0.0,3.0,0.2,95.0,0,703,Basic
C04232,Loyal Customers,216,7,690.4599999999999,0,0.0,5.0,0.0,100.0,0,329,Basic
C01319,Loyal Customers,475,6,634.68,0,0.0,5.0,0.0,100.0,0,602,Premium
C04234,Loyal Customers,202,5,673.0600000000001,1,0.0,3.0,0.4,95.0,0,228,Basic
C04491,Loyal Customers,353,4,467.32,0,0.0,4.0,0.0,100.0,0,481,Basic
C00621,Loyal Customers,132,5,562.21,0,0.0,4.0,0.0,100.0,0,514,Basic
C04684,Loyal Customers,319,5,536.91,0,0.0,5.0,0.4,100.0,0,440,Basic
C01315,Loyal Customers,436,4,593.95,1,0.0,3.0,0.0,95.0,0,577,Basic
C00622,Loyal Customers,776,6,664.99,0,0.0,4.0,0.16666666666666666,100.0,0,876,Basic
C02959,Loyal Customers,586,6,811.4200000000001,0,0.0,4.0,0.16666666666666666,100.0,0,754,Basic
C00943,Loyal Customers,360,8,650.25,0,0.125,5.0,0.375,100.0,0,611,Premium
C03225,Loyal Customers,193,4,385.77,0,0.0,3.0,0.5,100.0,0,353,Basic
C01308,Loyal Customers,518,6,551.3100000000001,1,0.0,4.0,0.8333333333333334,95.0,0,688,Basic
C03224,Loyal Customers,584,8,826.9399999999999,0,0.0,3.0,0.375,100.0,0,662,Basic
C04598,Loyal Customers,376,5,453.09000000000003,1,0.0,2.0,0.4,95.0,0,432,Basic
C00626,Loyal Customers,315,11,923.85,0,0.09090909090909091,5.0,0.09090909090909091,100.0,0,424,Premium
C01303,Loyal Customers,710,8,802.28,0,0.125,4.0,0.125,100.0,0,851,Premium
C01301,Loyal Customers,109,6,773.23,0,0.0,5.0,0.3333333333333333,100.0,0,222,Premium
C00034,Loyal Customers,274,9,802.24,1,0.0,4.0,0.5555555555555556,95.0,0,445,Premium
C04486,Loyal Customers,188,4,560.1500000000001,0,0.0,3.0,0.5,100.0,0,296,Premium
C00629,Loyal Customers,640,8,588.21,0,0.0,4.0,0.5,100.0,0,842,Premium
C04978,Loyal Customers,472,5,414.98,1,0.0,4.0,0.4,95.0,0,551,Basic
C04256,Loyal Customers,580,6,557.56,0,0.0,4.0,0.5,100.0,0,704,Basic
C01281,Loyal Customers,137,9,816.1,0,0.1111111111111111,4.0,0.2222222222222222,100.0,0,213,Basic
C04674,Loyal Customers,427,4,427.51,0,0.0,4.0,0.25,100.0,0,492,Premium
C04228,Loyal Customers,201,6,608.89,0,0.0,4.0,0.0,100.0,0,393,Premium
C01275,Loyal Customers,135,5,531.52,0,0.0,4.0,0.2,100.0,0,213,Basic
C04227,Loyal Customers,621,5,803.32,0,0.0,5.0,0.2,100.0,0,831,Basic
C03080,Loyal Customers,150,6,404.18,0,0.16666666666666666,2.0,0.5,100.0,0,414,Premium
C01376,Loyal Customers,320,6,682.0699999999999,0,0.0,5.0,0.6666666666666666,100.0,0,428,Basic
C00591,Loyal Customers,383,5,583.98,0,0.0,5.0,0.4,100.0,0,506,Basic
C03084,Loyal Customers,7,8,1027.67,0,0.0,4.0,0.25,100.0,0,151,Premium
C04196,Loyal Customers,417,6,574.32,0,0.0,3.0,0.5,100.0,0,528,Basic
C02937,Loyal Customers,380,7,773.9399999999999,0,0.0,5.0,0.42857142857142855,100.0,0,665,Basic
C00041,Loyal Customers,573,6,530.0899999999999,0,0.0,3.0,0.3333333333333333,100.0,0,676,Basic
C04496,Loyal Customers,137,8,816.16,0,0.0,5.0,0.375,100.0,0,307,Basic
C04202,Loyal Customers,0,4,418.33,0,0.0,3.0,0.5,100.0,0,275,Premium
C03234,Loyal Customers,372,6,717.1500000000001,1,0.0,3.0,0.5,95.0,0,741,Basic
C04204,Loyal Customers,228,10,765.3299999999999,1,0.0,6.0,0.2,95.0,0,361,Premium
C00598,Loyal Customers,59,4,440.62,0,0.0,3.0,0.0,100.0,0,175,Premium
C04207,Loyal Customers,172,6,736.61,1,0.0,5.0,0.5,95.0,0,248,Basic
C01357,Loyal Customers,316,4,661.23,0,0.0,3.0,0.25,100.0,0,398,Premium
C02825,Loyal Customers,323,7,481.28000000000003,0,0.0,5.0,0.5714285714285714,100.0,0,440,Premium
C04694,Loyal Customers,603,5,617.9399999999999,0,0.0,3.0,0.4,100.0,0,666,Basic
C01353,Loyal Customers,2,4,550.8499999999999,0,0.0,4.0,0.25,100.0,0,246,Premium
C02945,Loyal Customers,485,6,539.26,0,0.0,3.0,0.3333333333333333,100.0,0,586,Premium
C01349,Loyal Customers,284,6,653.77,1,0.0,4.0,0.5,95.0,0,514,Premium
C00602,Loyal Customers,372,6,554.98,0,0.0,4.0,0.5,100.0,0,592,Premium
C03082,Loyal Customers,14,5,382.14,0,0.0,4.0,0.2,100.0,0,204,Basic
C01337,Loyal Customers,655,8,594.0,0,0.0,4.0,0.25,100.0,0,876,Basic
C02956,Loyal Customers,143,4,459.53,0,0.0,3.0,0.75,100.0,0,240,Premium
C04220,Loyal Customers,646,7,751.52,0,0.0,4.0,0.14285714285714285,100.0,0,909,Basic
C00604,Loyal Customers,758,7,619.38,1,0.0,3.0,0.2857142857142857,95.0,0,828,Premium
C01330,Loyal Customers,227,4,658.6700000000001,1,0.0,3.0,0.75,95.0,0,361,Premium
C01328,Loyal Customers,248,5,611.69,0,0.0,2.0,0.4,100.0,1,288,Trial
C02957,Loyal Customers,0,6,689.26,0,0.0,4.0,0.16666666666666666,100.0,0,152,Basic
C01322,Loyal Customers,794,7,590.01,0,0.0,5.0,0.2857142857142857,100.0,0,863,Trial
C01377,Loyal Customers,316,7,692.14,1,0.0,4.0,0.5714285714285714,95.0,0,529,Basic
C04673,Loyal Customers,275,6,600.45,0,0.0,4.0,0.6666666666666666,100.0,0,412,Premium
C01272,Loyal Customers,252,8,703.28,0,0.0,4.0,0.375,100.0,0,304,Premium
C02982,Loyal Customers,207,7,831.01,0,0.0,4.0,0.2857142857142857,100.0,0,325,Premium
C04297,Loyal Customers,392,7,640.1,1,0.0,4.0,0.2857142857142857,95.0,0,675,Trial
C01221,Loyal Customers,0,8,702.1,0,0.0,3.0,0.0,100.0,0,191,Premium
C02983,Loyal Customers,112,4,549.67,1,0.0,3.0,0.5,95.0,0,153,Basic
C04300,Loyal Customers,196,4,277.96000000000004,0,0.0,3.0,0.75,100.0,1,428,Basic
C01218,Loyal Customers,477,6,588.02,0,0.0,3.0,0.6666666666666666,100.0,0,567,Premium
C01217,Loyal Customers,204,5,508.98,0,0.0,4.0,0.4,100.0,0,338,Premium
C03206,Loyal Customers,0,5,603.72,0,0.0,4.0,0.6,100.0,0,144,Premium
C00661,Loyal Customers,315,6,713.0,1,0.0,4.0,0.5,95.0,0,516,Basic
C01211,Loyal Customers,508,8,740.49,0,0.0,4.0,0.25,100.0,0,692,Basic
C00949,Loyal Customers,440,7,644.79,0,0.0,2.0,0.42857142857142855,100.0,0,588,Premium
C00956,Loyal Customers,58,5,340.2,0,0.0,3.0,0.6,100.0,0,287,Basic
C04309,Loyal Customers,849,6,794.21,0,0.0,2.0,0.3333333333333333,100.0,0,1008,Basic
C01202,Loyal Customers,440,5,443.45,1,0.0,4.0,0.0,95.0,0,700,Premium
C00027,Loyal Customers,269,7,697.38,1,0.0,4.0,0.14285714285714285,95.0,0,577,Basic
C04313,Loyal Customers,0,4,404.65999999999997,1,0.0,2.0,0.75,95.0,0,193,Premium
C02989,Loyal Customers,88,4,565.22,0,0.0,3.0,0.25,100.0,0,225,Premium
C04315,Loyal Customers,132,4,799.87,0,0.0,3.0,0.0,100.0,0,295,Basic
C04316,Loyal Customers,550,6,716.2,0,0.0,3.0,0.3333333333333333,100.0,0,707,Premium
C01193,Loyal Customers,378,12,1263.18,1,0.0,5.0,0.5,95.0,0,529,Basic
C01191,Loyal Customers,824,6,676.37,0,0.0,3.0,0.0,100.0,0,959,Trial
C04654,Loyal Customers,412,5,505.88,0,0.0,4.0,0.4,100.0,0,616,Basic
C04478,Loyal Customers,140,6,546.22,1,0.0,3.0,0.3333333333333333,95.0,0,385,Basic
C01189,Loyal Customers,244,6,868.93,0,0.0,3.0,0.6666666666666666,100.0,0,319,Premium
C01187,Loyal Customers,371,6,484.8,1,0.0,4.0,0.16666666666666666,95.0,0,463,Basic
C04477,Loyal Customers,206,8,664.8,0,0.0,4.0,0.375,100.0,0,277,Basic
C00669,Loyal Customers,892,7,655.98,1,0.0,5.0,0.42857142857142855,95.0,0,1184,Premium
C04295,Loyal Customers,397,4,543.9200000000001,0,0.0,2.0,0.5,100.0,0,575,Basic
C01274,Loyal Customers,59,3,462.25,1,0.0,2.0,0.0,95.0,0,139,Trial
C01226,Loyal Customers,49,5,800.4100000000001,1,0.0,3.0,0.4,95.0,0,146,Premium
C04292,Loyal Customers,303,6,484.24,0,0.0,4.0,0.5,100.0,0,599,Trial
C04599,Loyal Customers,112,5,321.11,0,0.0,4.0,0.4,100.0,0,261,Trial
C04671,Loyal Customers,292,6,495.38,0,0.0,3.0,0.3333333333333333,100.0,0,430,Premium
C00030,Loyal Customers,187,8,1171.29,0,0.0,6.0,0.5,100.0,0,319,Premium
C04267,Loyal Customers,239,6,665.01,0,0.0,4.0,0.16666666666666666,100.0,0,458,Basic
C04484,Loyal Customers,730,7,615.42,0,0.0,4.0,0.5714285714285714,100.0,0,812,Basic
C02967,Loyal Customers,292,5,394.03,0,0.0,3.0,0.2,100.0,0,406,Basic
C03078,Loyal Customers,97,4,443.72,1,0.0,4.0,0.5,95.0,0,185,Premium
C00641,Loyal Customers,209,5,358.98,1,0.2,4.0,0.4,95.0,0,293,Basic
C00644,Loyal Customers,95,9,853.96,0,0.0,5.0,0.0,100.0,0,518,Basic
C01258,Loyal Customers,864,13,1289.1200000000001,0,0.07692307692307693,4.0,0.3076923076923077,100.0,0,1107,Basic
C01256,Loyal Customers,265,7,802.61,0,0.0,5.0,0.5714285714285714,100.0,0,356,Premium
C01253,Loyal Customers,153,4,632.98,1,0.0,2.0,0.25,95.0,0,325,Basic
C04992,Loyal Customers,64,5,352.16999999999996,1,0.0,4.0,0.4,95.0,0,257,Basic
C00028,Loyal Customers,147,5,597.62,0,0.0,3.0,0.6,100.0,0,301,Trial
C02971,Loyal Customers,284,7,910.42,0,0.0,5.0,0.2857142857142857,100.0,0,404,Premium
C03215,Loyal Customers,305,9,1006.42,0,0.1111111111111111,4.0,0.5555555555555556,100.0,0,486,Basic
C04280,Loyal Customers,494,5,595.45,0,0.0,4.0,0.4,100.0,0,603,Premium
C04281,Loyal Customers,521,8,703.52,0,0.125,5.0,0.125,100.0,0,734,Basic
C00653,Loyal Customers,129,6,472.04,0,0.0,3.0,0.3333333333333333,100.0,0,293,Basic
C04283,Loyal Customers,347,4,486.32,0,0.0,3.0,0.25,100.0,0,380,Basic
C04661,Loyal Customers,455,8,786.4,0,0.0,5.0,0.5,100.0,0,596,Basic
C01242,Loyal Customers,329,5,390.45000000000005,0,0.0,4.0,0.2,100.0,0,427,Basic
C02973,Loyal Customers,182,6,508.65,0,0.0,4.0,0.0,100.0,0,240,Basic
C04981,Loyal Customers,422,4,446.43,0,0.0,1.0,0.75,100.0,0,578,Basic
C03212,Loyal Customers,670,4,597.9,0,0.0,4.0,0.25,100.0,0,872,Premium
C02977,Loyal Customers,0,5,452.59999999999997,0,0.0,3.0,0.4,100.0,0,153,Basic
C02980,Loyal Customers,482,7,728.93,0,0.0,5.0,0.2857142857142857,100.0,0,628,Premium
C04658,Loyal Customers,247,4,578.46,0,0.0,3.0,0.5,100.0,0,365,Basic
C04774,Loyal Customers,41,6,547.2,0,0.0,3.0,0.3333333333333333,100.0,0,199,Basic
C01798,Loyal Customers,368,7,874.06,1,0.14285714285714285,4.0,0.2857142857142857,95.0,0,569,Basic
C03952,Loyal Customers,223,5,630.94,0,0.0,4.0,0.4,100.0,0,332,Basic
C02347,Loyal Customers,602,6,484.01,0,0.0,5.0,0.16666666666666666,100.0,0,673,Basic
C02685,Loyal Customers,353,5,516.71,0,0.0,3.0,0.2,100.0,0,430,Premium
C02342,Loyal Customers,753,9,943.36,0,0.0,4.0,0.3333333333333333,100.0,0,901,Basic
C03132,Loyal Customers,178,6,690.0600000000001,0,0.0,3.0,0.3333333333333333,100.0,0,394,Basic
C03598,Loyal Customers,179,5,482.36,0,0.0,4.0,0.6,100.0,0,382,Premium
C02337,Loyal Customers,645,7,781.63,1,0.0,3.0,0.7142857142857143,95.0,0,745,Basic
C03600,Loyal Customers,534,5,728.04,0,0.0,4.0,0.8,100.0,0,820,Basic
C02336,Loyal Customers,896,8,830.1800000000001,0,0.125,4.0,0.125,100.0,0,1000,Premium
C02686,Loyal Customers,66,4,571.25,1,0.0,4.0,0.75,95.0,0,212,Basic
C03603,Loyal Customers,677,6,808.9300000000001,0,0.0,3.0,0.16666666666666666,100.0,0,782,Basic
C00258,Loyal Customers,126,4,502.87,0,0.0,3.0,0.75,100.0,0,204,Premium
C00262,Loyal Customers,0,4,531.84,1,0.0,3.0,0.25,95.0,1,207,Trial
C03606,Loyal Customers,637,7,542.82,0,0.0,4.0,0.42857142857142855,100.0,0,827,Premium
C02332,Loyal Customers,574,6,891.48,0,0.0,3.0,0.3333333333333333,100.0,0,716,Basic
C04927,Loyal Customers,290,4,390.53,0,0.0,4.0,0.75,100.0,0,340,Basic
C02329,Loyal Customers,576,6,676.81,0,0.0,3.0,0.5,100.0,0,706,Basic
C02692,Loyal Customers,391,6,682.38,0,0.0,5.0,0.5,100.0,0,605,Basic
C02326,Loyal Customers,0,6,396.94,0,0.0,4.0,0.5,100.0,0,167,Premium
C02325,Loyal Customers,179,8,1041.8400000000001,0,0.0,3.0,0.375,100.0,0,640,Premium
C02694,Loyal Customers,535,6,445.1,0,0.16666666666666666,3.0,0.0,100.0,0,598,Premium
C00263,Loyal Customers,610,7,797.04,0,0.0,4.0,0.7142857142857143,100.0,0,759,Premium
C03378,Loyal Customers,135,6,615.72,1,0.0,3.0,0.0,95.0,0,220,Basic
C02319,Loyal Customers,0,4,408.7,0,0.0,2.0,0.0,100.0,0,141,Trial
C03377,Loyal Customers,149,6,612.13,0,0.0,4.0,0.5,100.0,0,194,Basic
C03376,Loyal Customers,340,5,388.62,0,0.0,4.0,0.4,100.0,0,389,Basic
C04928,Loyal Customers,722,5,638.0699999999999,0,0.0,3.0,0.4,100.0,0,857,Basic
C00850,Loyal Customers,224,5,443.29,0,0.0,4.0,0.4,100.0,0,354,Basic
C02348,Loyal Customers,386,5,532.04,0,0.0,3.0,0.2,100.0,0,495,Basic
C03120,Loyal Customers,421,8,863.99,0,0.0,4.0,0.25,100.0,0,581,Basic
C03591,Loyal Customers,889,7,635.98,1,0.0,4.0,0.42857142857142855,95.0,0,1016,Premium
C02353,Loyal Customers,302,8,790.34,0,0.0,6.0,0.375,100.0,0,396,Basic
C02407,Loyal Customers,266,5,577.69,0,0.0,3.0,0.2,100.0,0,463,Basic
C03563,Loyal Customers,0,8,780.27,0,0.125,4.0,0.125,100.0,0,124,Basic
C00236,Loyal Customers,129,7,895.61,1,0.0,5.0,0.2857142857142857,95.0,0,220,Basic
C00238,Loyal Customers,772,6,660.31,0,0.0,4.0,0.16666666666666666,100.0,0,817,Basic
C02400,Loyal Customers,508,6,539.34,1,0.0,5.0,0.5,95.0,0,664,Basic
C00240,Loyal Customers,687,6,776.89,1,0.0,4.0,0.3333333333333333,95.0,0,807,Basic
C03568,Loyal Customers,354,9,707.8199999999999,0,0.1111111111111111,5.0,0.4444444444444444,100.0,0,531,Premium
C02395,Loyal Customers,68,7,561.11,1,0.0,4.0,0.2857142857142857,95.0,0,262,Basic
C02393,Loyal Customers,861,7,616.9,0,0.0,4.0,0.2857142857142857,100.0,0,1057,Basic
C00116,Loyal Customers,336,5,439.6,0,0.0,4.0,0.2,100.0,0,482,Premium
C02389,Loyal Customers,824,7,637.19,0,0.0,5.0,0.5714285714285714,100.0,0,994,Basic
C02385,Loyal Customers,284,5,431.09,0,0.0,3.0,0.2,100.0,0,429,Basic
C02384,Loyal Customers,277,7,929.3,0,0.0,5.0,0.2857142857142857,100.0,0,502,Premium
C00274,Loyal Customers,54,4,550.67,0,0.0,2.0,0.75,100.0,0,137,Basic
C03575,Loyal Customers,498,6,1078.38,1,0.0,4.0,0.3333333333333333,95.0,0,655,Premium
C00004,Loyal Customers,94,4,569.86,1,0.0,4.0,0.5,95.0,0,181,Premium
C03578,Loyal Customers,357,6,336.13,1,0.16666666666666666,4.0,0.16666666666666666,95.0,0,429,Basic
C02368,Loyal Customers,884,8,736.42,0,0.0,5.0,0.375,100.0,0,1009,Premium
C04925,Loyal Customers,837,5,616.65,0,0.0,4.0,0.2,100.0,0,971,Premium
C03581,Loyal Customers,284,5,546.4200000000001,1,0.0,4.0,0.4,95.0,0,448,Premium
C02364,Loyal Customers,359,5,612.19,1,0.0,4.0,0.4,95.0,0,568,Basic
C04872,Loyal Customers,100,4,563.67,0,0.0,3.0,0.5,100.0,0,396,Basic
C03121,Loyal Customers,0,4,328.42999999999995,0,0.0,3.0,0.75,100.0,0,163,Basic
C00115,Loyal Customers,272,5,479.17,1,0.0,4.0,0.8,95.0,0,406,Basic
C02358,Loyal Customers,32,9,915.44,0,0.0,4.0,0.2222222222222222,100.0,0,265,Basic
C03587,Loyal Customers,133,10,1139.51,0,0.0,4.0,0.4,100.0,0,214,Trial
C02357,Loyal Customers,0,9,1024.69,0,0.1111111111111111,4.0,0.3333333333333333,100.0,0,156,Basic
C00249,Loyal Customers,398,6,583.57,0,0.0,4.0,0.16666666666666666,100.0,0,479,Trial
C02377,Loyal Customers,649,8,823.31,0,0.0,5.0,0.5,100.0,0,718,Basic
C00232,Loyal Customers,738,8,650.99,0,0.0,3.0,0.5,100.0,0,879,Basic
C04860,Loyal Customers,0,5,458.44,0,0.0,4.0,0.2,100.0,0,136,Premium
C02308,Loyal Customers,0,10,940.29,1,0.0,5.0,0.6,95.0,0,323,Premium
C02239,Loyal Customers,485,4,624.46,0,0.0,3.0,0.5,100.0,0,696,Basic
C03660,Loyal Customers,0,4,319.01,1,0.25,3.0,0.5,95.0,0,246,Premium
C03661,Loyal Customers,212,8,765.99,0,0.0,3.0,0.375,100.0,0,460,Basic
C03662,Loyal Customers,0,4,426.09000000000003,0,0.0,2.0,0.75,100.0,0,150,Premium
C02238,Loyal Customers,295,4,534.4200000000001,0,0.0,3.0,0.5,100.0,0,355,Basic
C03365,Loyal Customers,173,4,296.31,1,0.0,3.0,0.0,95.0,0,241,Basic
C02714,Loyal Customers,638,7,689.0899999999999,0,0.0,5.0,0.5714285714285714,100.0,0,834,Premium
C03666,Loyal Customers,816,6,699.1700000000001,1,0.0,4.0,0.5,95.0,0,1106,Premium
C02234,Loyal Customers,446,4,564.21,0,0.0,3.0,0.0,100.0,0,567,Basic
C02228,Loyal Customers,319,5,556.53,0,0.0,2.0,0.4,100.0,0,440,Basic
C02222,Loyal Customers,749,7,647.66,1,0.0,5.0,0.5714285714285714,95.0,0,878,Premium
C03670,Loyal Customers,329,6,640.77,0,0.0,3.0,0.5,100.0,0,483,Basic
C02221,Loyal Customers,0,6,438.17,1,0.0,4.0,0.3333333333333333,95.0,0,206,Basic
C03363,Loyal Customers,0,5,618.0,0,0.0,3.0,0.2,100.0,1,129,Basic
C02214,Loyal Customers,272,4,397.96,0,0.0,2.0,0.5,100.0,0,306,Basic
C03362,Loyal Customers,737,8,898.52,0,0.0,3.0,0.125,100.0,0,813,Premium
C03675,Loyal Customers,60,6,451.47,1,0.0,4.0,0.5,95.0,0,160,Premium
C02211,Loyal Customers,414,6,524.64,1,0.0,4.0,0.3333333333333333,95.0,0,514,Basic
C03677,Loyal Customers,816,6,904.4000000000001,0,0.0,3.0,0.8333333333333334,100.0,0,941,Trial
C02210,Loyal Customers,6,4,480.24,0,0.0,4.0,0.25,100.0,0,140,Premium
C00295,Loyal Customers,319,6,317.21000000000004,1,0.3333333333333333,2.0,0.6666666666666666,95.0,0,356,Premium
C02204,Loyal Customers,755,6,721.38,0,0.0,4.0,0.8333333333333334,100.0,0,845,Premium
C02202,Loyal Customers,266,5,432.12,0,0.0,4.0,1.0,100.0,0,409,Premium
C02201,Loyal Customers,309,4,527.23,0,0.0,1.0,0.5,100.0,0,350,Basic
C00296,Loyal Customers,737,7,615.11,0,0.0,5.0,0.14285714285714285,100.0,0,869,Premium
C02199,Loyal Customers,155,4,339.69,0,0.0,4.0,0.5,100.0,0,279,Basic
C02716,Loyal Customers,659,6,692.95,0,0.0,4.0,0.16666666666666666,100.0,0,720,Basic
C03366,Loyal Customers,66,4,354.66999999999996,0,0.0,3.0,0.75,100.0,0,127,Trial
C02241,Loyal Customers,182,3,420.92,1,0.0,3.0,0.3333333333333333,95.0,0,360,Premium
C00289,Loyal Customers,306,6,497.88,0,0.0,4.0,0.3333333333333333,100.0,0,492,Trial
C02242,Loyal Customers,45,6,499.65,1,0.0,3.0,0.3333333333333333,95.0,0,179,Premium
C03625,Loyal Customers,535,6,562.51,1,0.0,3.0,0.3333333333333333,95.0,0,603,Basic
C03626,Loyal Customers,182,4,405.02,0,0.0,4.0,0.5,100.0,0,242,Trial
C02303,Loyal Customers,163,7,416.27,0,0.14285714285714285,3.0,0.5714285714285714,100.0,0,262,Premium
C02297,Loyal Customers,349,5,468.32,1,0.0,4.0,0.0,95.0,0,648,Basic
C03629,Loyal Customers,361,6,475.74,0,0.0,4.0,0.16666666666666666,100.0,0,519,Premium
C03630,Loyal Customers,0,8,570.99,1,0.0,5.0,0.375,95.0,0,126,Premium
C03373,Loyal Customers,270,11,1082.21,0,0.0,5.0,0.36363636363636365,100.0,0,431,Premium
C02287,Loyal Customers,10,5,579.03,0,0.0,3.0,0.2,100.0,0,171,Premium
C02282,Loyal Customers,282,6,596.5600000000001,0,0.0,3.0,0.3333333333333333,100.0,0,381,Basic
C00278,Loyal Customers,257,5,391.83,0,0.0,4.0,0.0,100.0,0,349,Basic
C03636,Loyal Customers,118,5,305.19,0,0.0,4.0,0.4,100.0,0,319,Premium
C02276,Loyal Customers,0,12,1132.6399999999999,0,0.08333333333333333,5.0,0.3333333333333333,100.0,0,183,Premium
C02702,Loyal Customers,169,5,419.10999999999996,0,0.0,4.0,0.6,100.0,0,270,Premium
C02312,Loyal Customers,660,5,630.14,0,0.0,4.0,0.4,100.0,0,748,Premium
C04857,Loyal Customers,707,6,557.03,1,0.0,5.0,1.0,95.0,0,872,Premium
C02269,Loyal Customers,618,4,665.22,1,0.0,3.0,0.25,95.0,0,695,Premium
C02267,Loyal Customers,255,8,827.9,1,0.0,5.0,0.375,95.0,0,371,Basic
C03643,Loyal Customers,256,9,762.44,0,0.0,4.0,0.2222222222222222,100.0,0,331,Premium
C02705,Loyal Customers,306,7,937.78,1,0.0,5.0,0.14285714285714285,95.0,0,460,Basic
C03645,Loyal Customers,337,4,559.05,0,0.0,3.0,0.75,100.0,0,519,Basic
C04856,Loyal Customers,290,4,475.31,0,0.0,3.0,0.5,100.0,0,372,Basic
C03370,Loyal Customers,0,5,564.05,0,0.2,2.0,0.4,100.0,0,156,Basic
C04929,Loyal Customers,7,5,715.0600000000001,0,0.0,2.0,0.6,100.0,0,388,Trial
C02259,Loyal Customers,168,3,396.58000000000004,0,0.0,3.0,0.6666666666666666,100.0,0,351,Premium
C02707,Loyal Customers,597,6,709.26,0,0.0,4.0,0.3333333333333333,100.0,0,701,Trial
C02251,Loyal Customers,369,7,774.49,0,0.0,5.0,0.2857142857142857,100.0,0,485,Basic
C03110,Loyal Customers,628,6,706.0899999999999,0,0.0,4.0,0.0,100.0,0,757,Basic
C02248,Loyal Customers,205,7,954.07,1,0.0,5.0,0.42857142857142855,95.0,0,267,Premium
C02272,Loyal Customers,891,6,709.73,1,0.0,4.0,0.3333333333333333,95.0,0,1027,Basic
C04879,Loyal Customers,713,5,597.85,0,0.0,4.0,0.6,100.0,0,774,Basic
C04880,Loyal Customers,13,10,1031.18,0,0.0,4.0,0.7,100.0,0,168,Premium
C00119,Loyal Customers,73,5,514.89,0,0.2,3.0,0.2,100.0,0,238,Basic
C03456,Loyal Customers,57,6,666.26,1,0.0,3.0,0.6666666666666666,95.0,0,246,Premium
C03457,Loyal Customers,346,4,428.78000000000003,0,0.0,3.0,0.5,100.0,0,460,Trial
C02555,Loyal Customers,0,5,717.81,0,0.0,2.0,0.2,100.0,0,245,Premium
C04567,Loyal Customers,238,7,732.15,0,0.0,5.0,0.5714285714285714,100.0,0,390,Premium
C02552,Loyal Customers,406,8,654.61,1,0.0,4.0,0.375,95.0,0,549,Basic
C03462,Loyal Customers,232,6,629.88,0,0.0,4.0,0.5,100.0,0,349,Premium
C02550,Loyal Customers,75,8,969.5,0,0.0,4.0,0.625,100.0,0,300,Premium
C02547,Loyal Customers,438,6,391.49,0,0.16666666666666666,3.0,0.5,100.0,0,616,Premium
C00182,Loyal Customers,498,6,494.14,0,0.0,4.0,0.16666666666666666,100.0,0,617,Basic
C03467,Loyal Customers,755,9,718.79,0,0.0,4.0,0.2222222222222222,100.0,0,907,Basic
C02543,Loyal Customers,862,6,604.96,0,0.0,4.0,0.16666666666666666,100.0,0,1009,Premium
C02539,Loyal Customers,506,7,1000.72,0,0.0,4.0,0.0,100.0,0,800,Basic
C02538,Loyal Customers,116,4,495.84,0,0.0,3.0,0.75,100.0,0,237,Premium
C03471,Loyal Customers,751,7,703.7,0,0.0,4.0,0.42857142857142855,100.0,0,910,Basic
C04919,Loyal Customers,313,5,354.53000000000003,0,0.0,4.0,0.6,100.0,0,438,Basic
C02535,Loyal Customers,553,6,629.85,0,0.0,4.0,0.6666666666666666,100.0,0,763,Basic
C02534,Loyal Customers,153,6,670.0,0,0.0,3.0,0.6666666666666666,100.0,0,289,Premium
C03405,Loyal Customers,59,4,450.99,1,0.0,3.0,0.0,95.0,0,171,Trial
C03476,Loyal Customers,218,4,376.64,0,0.0,4.0,0.25,100.0,0,417,Premium
C02528,Loyal Customers,257,5,485.72,0,0.0,4.0,0.6,100.0,0,456,Basic
C02526,Loyal Customers,213,4,399.48,1,0.0,3.0,0.0,95.0,0,457,Premium
C03479,Loyal Customers,110,5,605.92,0,0.0,4.0,0.4,100.0,0,212,Basic
C00833,Loyal Customers,93,4,521.86,0,0.0,3.0,0.0,100.0,0,230,Trial
C02518,Loyal Customers,92,9,969.97,0,0.0,5.0,0.3333333333333333,100.0,0,343,Basic
C02517,Loyal Customers,67,5,677.72,0,0.0,3.0,0.0,100.0,0,133,Premium
C02515,Loyal Customers,28,6,507.3,0,0.0,4.0,0.16666666666666666,100.0,0,265,Premium
C02656,Loyal Customers,526,8,732.56,0,0.0,6.0,0.375,100.0,0,714,Basic
C00139,Loyal Customers,105,8,721.4100000000001,0,0.125,4.0,0.25,100.0,0,225,Premium
C02644,Loyal Customers,291,4,437.37,1,0.0,3.0,0.75,95.0,0,341,Basic
C02573,Loyal Customers,444,3,581.2,1,0.0,3.0,0.3333333333333333,95.0,0,737,Basic
C04905,Loyal Customers,308,8,662.41,0,0.0,5.0,0.25,100.0,0,373,Premium
C02625,Loyal Customers,183,7,548.04,0,0.0,4.0,0.5714285714285714,100.0,0,320,Premium
C02624,Loyal Customers,536,7,750.49,0,0.0,3.0,0.2857142857142857,100.0,0,821,Basic
C00147,Loyal Customers,462,7,669.14,0,0.0,4.0,0.2857142857142857,100.0,0,593,Premium
C02618,Loyal Customers,385,6,507.99,0,0.16666666666666666,4.0,0.3333333333333333,100.0,0,498,Trial
C02614,Loyal Customers,398,5,494.73,1,0.0,3.0,0.6,95.0,0,458,Basic
C00150,Loyal Customers,596,5,554.82,0,0.2,3.0,0.2,100.0,0,835,Premium
C03428,Loyal Customers,182,7,747.23,1,0.0,4.0,0.5714285714285714,95.0,0,359,Basic
C02613,Loyal Customers,373,4,391.31,1,0.0,4.0,0.5,95.0,0,421,Premium
C02632,Loyal Customers,261,7,505.87,0,0.0,4.0,0.2857142857142857,100.0,0,418,Basic
C02606,Loyal Customers,423,6,487.1,1,0.0,5.0,0.6666666666666666,95.0,0,573,Basic
C03432,Loyal Customers,456,6,502.61,0,0.0,4.0,0.0,100.0,0,532,Premium
C00831,Loyal Customers,214,6,449.51,0,0.0,3.0,0.16666666666666666,100.0,0,477,Basic
C04912,Loyal Customers,445,8,798.98,0,0.0,4.0,0.5,100.0,0,720,Premium
C02513,Loyal Customers,373,6,542.12,0,0.0,4.0,0.16666666666666666,100.0,0,490,Basic
C03417,Loyal Customers,457,5,654.41,1,0.0,4.0,0.0,95.0,0,608,Trial
C02596,Loyal Customers,437,7,633.62,0,0.0,4.0,0.42857142857142855,100.0,0,576,Premium
C00155,Loyal Customers,486,8,1049.56,0,0.0,3.0,0.5,100.0,0,578,Basic
C02634,Loyal Customers,115,6,745.27,0,0.0,4.0,0.5,100.0,0,272,Basic
C03415,Loyal Customers,792,8,583.19,1,0.125,4.0,0.25,95.0,0,1123,Basic
C00158,Loyal Customers,495,5,582.51,1,0.0,3.0,0.2,95.0,0,635,Premium
C03442,Loyal Customers,3,5,568.62,0,0.0,3.0,0.8,100.0,0,174,Premium
C04568,Loyal Customers,816,8,732.2,0,0.0,4.0,0.625,100.0,0,936,Basic
C00145,Loyal Customers,504,8,826.55,0,0.0,4.0,0.125,100.0,0,628,Premium
C00162,Loyal Customers,44,5,455.74,0,0.0,5.0,0.4,100.0,0,123,Premium
C03412,Loyal Customers,447,8,1094.47,0,0.0,4.0,0.625,100.0,0,691,Basic
C02581,Loyal Customers,24,7,618.6500000000001,0,0.0,4.0,0.5714285714285714,100.0,0,166,Basic
C02580,Loyal Customers,257,4,471.56,0,0.0,2.0,0.5,100.0,0,326,Basic
C02576,Loyal Customers,404,6,623.23,0,0.0,4.0,0.16666666666666666,100.0,0,698,Basic
C02597,Loyal Customers,87,7,460.88,0,0.0,5.0,0.2857142857142857,100.0,0,279,Basic
C03486,Loyal Customers,30,5,486.63,0,0.2,2.0,0.2,100.0,0,142,Basic
C00187,Loyal Customers,315,6,452.74,0,0.0,5.0,0.5,100.0,0,413,Premium
C03489,Loyal Customers,342,9,1151.28,0,0.0,3.0,0.3333333333333333,100.0,0,540,Basic
C03393,Loyal Customers,123,6,434.46999999999997,0,0.0,5.0,0.6666666666666666,100.0,0,224,Premium
C02453,Loyal Customers,181,4,475.0,0,0.0,2.0,0.0,100.0,0,346,Basic
C00816,Loyal Customers,301,5,529.87,0,0.0,3.0,0.6,100.0,0,404,Premium
C02448,Loyal Customers,183,5,389.58,0,0.0,3.0,0.2,100.0,0,381,Basic
C02447,Loyal Customers,839,7,574.49,0,0.14285714285714285,4.0,0.2857142857142857,100.0,0,998,Basic
C02671,Loyal Customers,81,4,481.81,1,0.0,4.0,0.25,95.0,0,291,Basic
C02440,Loyal Customers,547,7,636.19,0,0.14285714285714285,3.0,0.5714285714285714,100.0,0,731,Premium
C00216,Loyal Customers,0,6,716.6700000000001,1,0.0,4.0,0.3333333333333333,95.0,0,133,Premium
C00218,Loyal Customers,571,5,680.6899999999999,1,0.0,4.0,0.2,95.0,0,690,Premium
C03538,Loyal Customers,41,5,515.27,0,0.0,4.0,0.6,100.0,0,402,Premium
C03539,Loyal Customers,273,7,1050.36,0,0.0,4.0,0.5714285714285714,100.0,0,455,Premium
C02434,Loyal Customers,634,9,1002.31,0,0.1111111111111111,5.0,0.7777777777777778,100.0,0,689,Basic
C03541,Loyal Customers,225,3,601.64,0,0.0,2.0,0.6666666666666666,100.0,0,289,Premium
C03394,Loyal Customers,846,6,630.6700000000001,0,0.0,5.0,0.16666666666666666,100.0,0,939,Premium
C04884,Loyal Customers,903,7,559.36,1,0.14285714285714285,4.0,0.42857142857142855,95.0,0,1098,Premium
C02433,Loyal Customers,0,4,386.51,0,0.25,2.0,0.5,100.0,0,122,Basic
C00221,Loyal Customers,0,5,274.68,0,0.2,3.0,0.2,100.0,0,141,Basic
C03546,Loyal Customers,297,4,615.9,0,0.0,2.0,0.25,100.0,0,343,Premium
C02429,Loyal Customers,296,4,524.83,0,0.0,4.0,0.25,100.0,0,334,Basic
C03548,Loyal Customers,108,6,507.54,0,0.16666666666666666,4.0,0.3333333333333333,100.0,0,215,Premium
C02425,Loyal Customers,492,6,724.93,0,0.0,2.0,0.6666666666666666,100.0,0,576,Premium
C02422,Loyal Customers,68,4,390.44,1,0.0,3.0,0.5,95.0,0,255,Premium
C03551,Loyal Customers,456,10,1007.7,1,0.0,5.0,0.4,95.0,0,632,Basic
C02421,Loyal Customers,176,5,567.51,0,0.0,4.0,0.8,100.0,0,347,Basic
C02417,Loyal Customers,873,10,927.26,0,0.0,5.0,0.3,100.0,0,1030,Basic
C02416,Loyal Customers,84,5,531.34,0,0.0,3.0,0.4,100.0,0,151,Basic
C02674,Loyal Customers,0,6,475.89,1,0.0,3.0,0.16666666666666666,95.0,0,126,Trial
C02675,Loyal Customers,851,8,1098.65,0,0.0,4.0,0.25,100.0,0,1054,Basic
C03543,Loyal Customers,438,4,421.45,0,0.0,3.0,0.25,100.0,0,454,Basic
C01778,Loyal Customers,297,6,572.02,0,0.0,5.0,0.0,100.0,0,507,Basic
C03525,Loyal Customers,414,8,645.79,0,0.0,4.0,0.375,100.0,0,507,Premium
C03523,Loyal Customers,605,6,455.51,0,0.0,5.0,0.0,100.0,0,709,Basic
C02504,Loyal Customers,168,7,488.29999999999995,0,0.0,3.0,0.2857142857142857,100.0,0,330,Basic
C02501,Loyal Customers,512,5,782.87,1,0.0,3.0,0.2,95.0,0,663,Basic
C03493,Loyal Customers,423,4,494.2,0,0.0,4.0,1.0,100.0,0,475,Premium
C04999,Loyal Customers,336,8,675.98,0,0.0,5.0,0.25,100.0,0,592,Premium
C00188,Loyal Customers,642,7,893.47,0,0.14285714285714285,5.0,0.14285714285714285,100.0,0,788,Basic
C03497,Loyal Customers,156,6,669.76,0,0.0,3.0,0.16666666666666666,100.0,0,331,Basic
C00190,Loyal Customers,541,7,908.21,0,0.0,5.0,0.42857142857142855,100.0,0,726,Trial
C02494,Loyal Customers,473,6,600.52,0,0.0,5.0,0.16666666666666666,100.0,0,575,Trial
C02493,Loyal Customers,401,4,433.19000000000005,0,0.0,3.0,0.25,100.0,0,437,Basic
C03501,Loyal Customers,434,4,404.42,0,0.0,3.0,0.5,100.0,0,638,Premium
C03398,Loyal Customers,610,6,472.77,0,0.0,4.0,0.3333333333333333,100.0,0,708,Basic
C02666,Loyal Customers,757,6,660.26,0,0.16666666666666666,5.0,0.5,100.0,0,1019,Premium
C03505,Loyal Customers,584,8,799.73,0,0.0,5.0,0.25,100.0,0,773,Premium
C03524,Loyal Customers,220,7,666.98,0,0.0,4.0,0.42857142857142855,100.0,0,424,Basic
C02481,Loyal Customers,237,4,482.46,0,0.0,4.0,0.25,100.0,0,432,Basic
C03122,Loyal Customers,728,7,688.41,0,0.0,5.0,0.5714285714285714,100.0,0,831,Basic
C03509,Loyal Customers,126,5,471.18,0,0.0,4.0,0.4,100.0,0,262,Basic
C02477,Loyal Customers,47,6,538.21,1,0.0,3.0,0.3333333333333333,95.0,0,328,Basic
C04893,Loyal Customers,659,7,848.54,0,0.0,4.0,0.2857142857142857,100.0,0,797,Basic
C02469,Loyal Customers,288,10,1154.15,1,0.0,5.0,0.1,95.0,0,422,Basic
C02464,Loyal Customers,746,6,858.14,1,0.0,4.0,0.3333333333333333,95.0,0,823,Basic
C00201,Loyal Customers,267,6,600.56,0,0.0,3.0,0.8333333333333334,100.0,0,396,Basic
C02463,Loyal Customers,77,8,625.99,1,0.0,4.0,0.375,95.0,0,206,Basic
C02459,Loyal Customers,634,9,866.02,0,0.0,4.0,0.2222222222222222,100.0,0,794,Basic
C03518,Loyal Customers,799,8,1005.9000000000001,0,0.0,6.0,0.375,100.0,0,982,Basic
C03519,Loyal Customers,389,5,483.28,1,0.2,3.0,0.2,95.0,0,481,Basic
C03395,Loyal Customers,289,11,1304.03,0,0.0,5.0,0.36363636363636365,100.0,0,446,Premium
C00209,Loyal Customers,67,7,437.02,0,0.0,5.0,0.2857142857142857,100.0,0,154,Basic
C00200,Loyal Customers,1,5,352.48,0,0.2,2.0,0.4,100.0,0,260,Basic
C00306,Loyal Customers,479,9,955.21,0,0.0,5.0,0.2222222222222222,100.0,0,623,Premium
C00814,Loyal Customers,678,6,421.11,0,0.16666666666666666,4.0,0.0,100.0,0,764,Basic
C02195,Loyal Customers,526,7,561.1700000000001,1,0.0,5.0,0.7142857142857143,95.0,0,613,Premium
C04536,Loyal Customers,703,7,738.94,0,0.14285714285714285,2.0,0.42857142857142855,100.0,0,889,Basic
C02776,Loyal Customers,603,6,561.0,0,0.16666666666666666,3.0,0.3333333333333333,100.0,0,757,Basic
C02782,Loyal Customers,0,8,665.05,0,0.0,5.0,0.375,100.0,0,162,Basic
C01914,Loyal Customers,148,8,726.56,1,0.125,3.0,0.25,95.0,0,288,Basic
C01908,Loyal Customers,0,7,871.67,0,0.0,3.0,0.2857142857142857,100.0,0,174,Premium
C03139,Loyal Customers,250,5,550.79,0,0.0,5.0,0.4,100.0,0,347,Premium
C04949,Loyal Customers,255,9,892.36,0,0.0,4.0,0.2222222222222222,100.0,0,355,Basic
C00373,Loyal Customers,0,4,521.63,0,0.0,4.0,0.75,100.0,0,184,Basic
C02791,Loyal Customers,55,6,758.05,0,0.0,3.0,0.16666666666666666,100.0,0,259,Basic
C03862,Loyal Customers,601,6,762.84,0,0.0,3.0,0.16666666666666666,100.0,0,704,Trial
C00876,Loyal Customers,365,5,532.9,0,0.0,3.0,0.6,100.0,0,522,Basic
C03321,Loyal Customers,141,4,302.76,0,0.0,1.0,0.75,100.0,0,314,Basic
C01898,Loyal Customers,206,8,868.64,0,0.0,3.0,0.375,100.0,0,378,Premium
C03866,Loyal Customers,379,5,514.11,0,0.0,4.0,0.4,100.0,0,422,Premium
C01897,Loyal Customers,805,6,593.79,0,0.0,3.0,0.3333333333333333,100.0,0,896,Trial
C01895,Loyal Customers,275,5,652.87,0,0.0,3.0,0.4,100.0,0,455,Basic
C01894,Loyal Customers,625,9,774.86,1,0.0,4.0,0.3333333333333333,95.0,0,941,Basic
C00877,Loyal Customers,339,5,557.46,1,0.0,5.0,0.2,95.0,0,483,Premium
C03872,Loyal Customers,374,7,851.12,0,0.14285714285714285,4.0,0.14285714285714285,100.0,0,497,Basic
C02792,Loyal Customers,258,4,814.0,0,0.0,3.0,0.5,100.0,0,394,Basic
C01888,Loyal Customers,874,6,764.26,0,0.0,4.0,0.5,100.0,0,1024,Premium
C01887,Loyal Customers,363,7,1145.57,1,0.0,4.0,0.2857142857142857,95.0,0,484,Basic
C00389,Loyal Customers,82,8,864.85,0,0.0,6.0,0.5,100.0,0,153,Basic
C04798,Loyal Customers,67,7,569.84,1,0.14285714285714285,4.0,0.7142857142857143,95.0,0,268,Premium
C01883,Loyal Customers,322,8,844.52,1,0.125,3.0,0.375,95.0,0,418,Basic
C03880,Loyal Customers,300,8,708.85,1,0.125,5.0,0.25,95.0,0,389,Basic
C02797,Loyal Customers,317,7,618.52,1,0.0,4.0,0.2857142857142857,95.0,0,413,Premium
C03851,Loyal Customers,558,7,782.42,0,0.0,4.0,0.14285714285714285,100.0,0,762,Premium
C00392,Loyal Customers,677,12,1526.35,0,0.0,5.0,0.4166666666666667,100.0,0,835,Basic
C01920,Loyal Customers,0,7,667.06,0,0.0,4.0,0.2857142857142857,100.0,0,123,Basic
C02775,Loyal Customers,175,6,467.53999999999996,1,0.0,3.0,0.5,95.0,0,278,Basic
C03821,Loyal Customers,468,7,683.2099999999999,1,0.0,3.0,0.14285714285714285,95.0,0,589,Premium
C00308,Loyal Customers,685,6,850.1700000000001,1,0.0,4.0,0.16666666666666666,95.0,0,806,Basic
C04946,Loyal Customers,405,4,476.63,1,0.0,3.0,0.25,95.0,0,463,Basic
C03108,Loyal Customers,241,4,399.73,0,0.0,3.0,0.0,100.0,0,287,Basic
C01958,Loyal Customers,788,6,613.51,0,0.0,4.0,0.16666666666666666,100.0,0,822,Premium
C00875,Loyal Customers,550,8,932.01,0,0.0,5.0,0.375,100.0,0,650,Basic
C04947,Loyal Customers,139,5,461.85999999999996,0,0.0,3.0,0.4,100.0,0,283,Trial
C00352,Loyal Customers,0,6,515.4,1,0.16666666666666666,4.0,0.6666666666666666,95.0,0,126,Basic
C01950,Loyal Customers,731,9,1046.49,0,0.0,4.0,0.1111111111111111,100.0,0,855,Basic
C04948,Loyal Customers,780,5,962.51,0,0.0,3.0,0.2,100.0,0,954,Basic
C04582,Loyal Customers,668,8,808.71,1,0.0,5.0,0.5,95.0,0,784,Premium
C00362,Loyal Customers,313,6,393.86,0,0.0,2.0,0.5,100.0,0,380,Premium
C01942,Loyal Customers,464,6,501.16999999999996,0,0.0,5.0,0.5,100.0,0,513,Premium
C03834,Loyal Customers,204,4,327.11,0,0.0,3.0,0.75,100.0,1,496,Trial
C02773,Loyal Customers,358,6,874.37,0,0.0,5.0,0.5,100.0,0,490,Basic
C00363,Loyal Customers,491,6,628.79,0,0.0,5.0,0.16666666666666666,100.0,0,573,Premium
C03837,Loyal Customers,574,7,742.96,0,0.0,4.0,0.14285714285714285,100.0,0,818,Trial
C00365,Loyal Customers,405,5,518.26,1,0.0,4.0,0.2,95.0,0,487,Basic
C01935,Loyal Customers,18,4,447.29,0,0.0,3.0,0.5,100.0,0,154,Basic
C03840,Loyal Customers,190,6,463.94,0,0.0,4.0,0.3333333333333333,100.0,0,327,Basic
C01933,Loyal Customers,110,5,407.65,0,0.0,5.0,0.0,100.0,0,294,Basic
C03842,Loyal Customers,642,5,656.85,0,0.0,5.0,0.4,100.0,0,776,Basic
C00366,Loyal Customers,310,7,624.68,1,0.0,4.0,0.42857142857142855,95.0,0,416,Basic
C01931,Loyal Customers,0,4,499.57,0,0.0,3.0,0.75,100.0,0,197,Premium
C00800,Loyal Customers,894,9,869.04,0,0.0,5.0,0.3333333333333333,100.0,0,1105,Premium
C01924,Loyal Customers,785,7,643.51,0,0.14285714285714285,4.0,0.14285714285714285,100.0,0,990,Basic
C03847,Loyal Customers,209,3,558.39,1,0.0,3.0,0.0,95.0,1,357,Basic
C00368,Loyal Customers,63,5,498.54,0,0.0,3.0,0.2,100.0,0,177,Premium
C03883,Loyal Customers,894,6,708.8,0,0.0,5.0,0.0,100.0,0,1000,Premium
C03885,Loyal Customers,593,8,700.78,0,0.0,4.0,0.125,100.0,0,706,Premium
C03886,Loyal Customers,234,8,779.74,0,0.0,4.0,0.75,100.0,0,420,Basic
C01813,Loyal Customers,398,5,455.12,0,0.2,3.0,0.4,100.0,0,550,Trial
C03105,Loyal Customers,443,9,830.56,0,0.0,4.0,0.3333333333333333,100.0,0,563,Trial
C04785,Loyal Customers,423,9,752.3,0,0.0,4.0,0.4444444444444444,100.0,0,592,Trial
C04784,Loyal Customers,40,6,456.98,0,0.0,3.0,0.16666666666666666,100.0,0,160,Premium
C02808,Loyal Customers,196,6,487.53999999999996,1,0.0,4.0,0.6666666666666666,95.0,0,303,Basic
C00422,Loyal Customers,735,7,613.96,0,0.0,5.0,0.7142857142857143,100.0,0,859,Premium
C03312,Loyal Customers,873,7,613.76,0,0.0,4.0,0.42857142857142855,100.0,0,1015,Premium
C03930,Loyal Customers,184,5,395.44,0,0.0,4.0,0.6,100.0,0,335,Trial
C01808,Loyal Customers,0,5,673.0699999999999,0,0.0,3.0,0.4,100.0,0,263,Basic
C03932,Loyal Customers,693,6,727.77,0,0.0,4.0,0.16666666666666666,100.0,0,758,Premium
C00887,Loyal Customers,730,7,937.44,0,0.0,4.0,0.42857142857142855,100.0,0,914,Premium
C03143,Loyal Customers,663,8,732.67,0,0.125,3.0,0.5,100.0,0,799,Basic
C00425,Loyal Customers,404,5,386.9,1,0.0,3.0,0.4,95.0,0,451,Trial
C03937,Loyal Customers,297,4,387.56,0,0.0,4.0,0.25,100.0,0,333,Basic
C00073,Loyal Customers,42,7,753.66,0,0.0,4.0,0.42857142857142855,100.0,0,200,Trial
C03940,Loyal Customers,0,4,417.58,0,0.0,3.0,0.25,100.0,0,180,Premium
C00894,Loyal Customers,273,6,512.1,1,0.0,4.0,0.3333333333333333,95.0,0,449,Premium
C04463,Loyal Customers,673,6,430.2,0,0.0,4.0,0.5,100.0,0,786,Premium
C01795,Loyal Customers,42,6,667.9,1,0.0,4.0,0.6666666666666666,95.0,0,183,Trial
C02818,Loyal Customers,126,10,955.0699999999999,0,0.0,6.0,0.8,100.0,0,336,Premium
C03945,Loyal Customers,477,7,595.31,0,0.0,4.0,0.5714285714285714,100.0,0,646,Premium
C04523,Loyal Customers,288,8,855.05,0,0.0,4.0,0.125,100.0,0,447,Basic
C01788,Loyal Customers,459,6,707.36,0,0.0,5.0,0.3333333333333333,100.0,0,656,Basic
C02820,Loyal Customers,332,4,602.1600000000001,0,0.0,3.0,0.75,100.0,0,396,Basic
C03145,Loyal Customers,343,5,797.67,0,0.0,3.0,0.4,100.0,0,444,Basic
C02822,Loyal Customers,353,7,556.87,0,0.0,4.0,0.5714285714285714,100.0,0,437,Basic
C01781,Loyal Customers,619,5,626.73,0,0.0,3.0,0.0,100.0,0,818,Basic
C01814,Loyal Customers,429,5,507.97,1,0.0,3.0,0.4,95.0,0,507,Premium
C00418,Loyal Customers,439,5,441.63,0,0.0,3.0,0.4,100.0,0,501,Premium
C03919,Loyal Customers,197,11,1101.64,0,0.0,4.0,0.36363636363636365,100.0,0,401,Basic
C01821,Loyal Customers,81,6,714.25,0,0.0,4.0,0.3333333333333333,100.0,0,260,Basic
C03887,Loyal Customers,122,5,401.63,1,0.0,3.0,0.2,95.0,1,276,Trial
C03888,Loyal Customers,687,12,1202.26,1,0.08333333333333333,5.0,0.4166666666666667,95.0,0,819,Premium
C03890,Loyal Customers,351,6,541.39,1,0.16666666666666666,4.0,0.0,95.0,0,444,Basic
C03891,Loyal Customers,0,7,820.12,0,0.0,5.0,0.2857142857142857,100.0,0,189,Basic
C03893,Loyal Customers,903,9,869.77,0,0.1111111111111111,5.0,0.3333333333333333,100.0,0,1084,Trial
C00403,Loyal Customers,196,8,878.95,0,0.0,5.0,0.5,100.0,0,425,Premium
C01865,Loyal Customers,727,8,804.55,1,0.0,3.0,0.375,95.0,0,871,Basic
C01862,Loyal Customers,241,6,489.36,0,0.0,4.0,0.5,100.0,0,442,Basic
C01860,Loyal Customers,156,6,463.11,0,0.0,4.0,0.5,100.0,0,308,Premium
C01858,Loyal Customers,428,6,540.05,0,0.0,4.0,0.3333333333333333,100.0,0,507,Basic
C01853,Loyal Customers,570,10,1045.12,0,0.0,5.0,0.4,100.0,0,796,Basic
C03900,Loyal Customers,544,8,832.68,0,0.0,5.0,0.5,100.0,0,623,Premium
C03901,Loyal Customers,727,9,1013.47,0,0.1111111111111111,4.0,0.2222222222222222,100.0,0,843,Basic
C03333,Loyal Customers,369,6,800.38,0,0.0,4.0,0.3333333333333333,100.0,0,518,Basic
C04950,Loyal Customers,268,6,640.4599999999999,0,0.0,4.0,0.3333333333333333,100.0,0,373,Premium
C01849,Loyal Customers,244,7,818.83,0,0.0,4.0,0.2857142857142857,100.0,0,493,Basic
C03905,Loyal Customers,30,8,804.0600000000001,0,0.0,5.0,0.5,100.0,0,210,Basic
C01846,Loyal Customers,662,6,738.44,0,0.0,3.0,0.6666666666666666,100.0,0,821,Basic
C01845,Loyal Customers,164,4,565.99,1,0.0,3.0,0.5,95.0,1,299,Basic
C01837,Loyal Customers,33,7,675.65,1,0.0,3.0,0.0,95.0,0,149,Premium
C01835,Loyal Customers,791,6,601.64,0,0.0,4.0,0.3333333333333333,100.0,0,929,Basic
C01834,Loyal Customers,905,7,789.6899999999999,0,0.0,4.0,0.2857142857142857,100.0,0,1040,Premium
C01832,Loyal Customers,231,6,622.64,0,0.0,5.0,0.3333333333333333,100.0,0,297,Premium
C00412,Loyal Customers,605,6,625.96,0,0.0,3.0,0.5,100.0,0,778,Premium
C01825,Loyal Customers,583,9,657.49,0,0.2222222222222222,4.0,0.0,100.0,0,831,Basic
C01824,Loyal Customers,432,8,818.11,0,0.0,5.0,0.25,100.0,0,659,Premium
C03915,Loyal Customers,169,4,512.75,0,0.0,3.0,0.25,100.0,0,304,Premium
C01823,Loyal Customers,796,8,650.2,0,0.0,5.0,0.75,100.0,0,1069,Basic
C03141,Loyal Customers,827,7,606.62,0,0.14285714285714285,3.0,0.5714285714285714,100.0,0,915,Basic
C01969,Loyal Customers,170,5,489.11,0,0.0,4.0,0.4,100.0,0,240,Premium
C04541,Loyal Customers,82,6,532.01,0,0.0,3.0,0.3333333333333333,100.0,0,288,Basic
C01975,Loyal Customers,392,5,508.87,0,0.0,3.0,0.6,100.0,0,605,Basic
C02127,Loyal Customers,0,5,499.53000000000003,1,0.0,3.0,0.4,95.0,0,125,Trial
C00329,Loyal Customers,193,7,855.69,0,0.0,4.0,0.2857142857142857,100.0,0,273,Premium
C02121,Loyal Customers,498,6,893.3399999999999,0,0.0,4.0,0.16666666666666666,100.0,0,574,Premium
C00857,Loyal Customers,212,4,484.9,1,0.0,4.0,0.5,95.0,0,326,Premium
C02119,Loyal Customers,468,7,604.12,0,0.0,5.0,0.8571428571428571,100.0,0,581,Basic
C03729,Loyal Customers,130,6,573.33,0,0.0,2.0,0.16666666666666666,100.0,0,191,Trial
C02118,Loyal Customers,717,7,1072.6,0,0.0,4.0,0.14285714285714285,100.0,0,856,Premium
C03731,Loyal Customers,258,6,582.5600000000001,1,0.0,3.0,0.16666666666666666,95.0,0,372,Premium
C03135,Loyal Customers,471,9,787.6,0,0.0,4.0,0.2222222222222222,100.0,0,658,Premium
C03349,Loyal Customers,62,8,563.97,0,0.0,5.0,0.75,100.0,0,158,Basic
C02107,Loyal Customers,283,8,833.6700000000001,1,0.0,4.0,0.25,95.0,0,417,Premium
C03735,Loyal Customers,619,6,591.01,0,0.0,3.0,0.5,100.0,0,960,Trial
C02095,Loyal Customers,560,7,599.88,0,0.0,5.0,0.5714285714285714,100.0,0,616,Premium
C02094,Loyal Customers,54,8,904.19,0,0.125,3.0,0.625,100.0,0,255,Premium
C03739,Loyal Customers,793,8,810.5400000000001,1,0.0,4.0,0.5,95.0,0,963,Premium
C03109,Loyal Customers,96,5,315.81,0,0.0,4.0,0.0,100.0,0,160,Basic
C04832,Loyal Customers,594,7,607.81,0,0.0,4.0,0.14285714285714285,100.0,0,735,Premium
C00099,Loyal Customers,181,7,663.24,0,0.14285714285714285,5.0,0.2857142857142857,100.0,0,347,Trial
C02087,Loyal Customers,196,3,478.57,1,0.0,2.0,0.0,95.0,0,389,Premium
C02083,Loyal Customers,363,5,385.2,0,0.0,4.0,0.2,100.0,0,487,Premium
C03746,Loyal Customers,216,5,867.12,0,0.0,4.0,0.2,100.0,0,382,Basic
C02743,Loyal Customers,135,4,338.22,0,0.0,4.0,0.25,100.0,0,184,Trial
C02077,Loyal Customers,205,6,614.79,1,0.0,4.0,0.16666666666666666,95.0,0,341,Premium
C02076,Loyal Customers,896,8,860.02,0,0.125,4.0,0.375,100.0,0,1004,Basic
C03751,Loyal Customers,0,4,455.46,1,0.0,3.0,0.0,95.0,0,286,Premium
C02072,Loyal Customers,248,8,1104.36,0,0.0,5.0,0.25,100.0,0,385,Premium
C01972,Loyal Customers,652,9,893.88,0,0.0,4.0,0.5555555555555556,100.0,0,784,Basic
C04577,Loyal Customers,449,7,664.8399999999999,0,0.0,5.0,0.7142857142857143,100.0,0,566,Premium
C03722,Loyal Customers,376,6,584.04,1,0.0,4.0,0.16666666666666666,95.0,0,703,Basic
C00328,Loyal Customers,94,5,365.24,0,0.0,4.0,0.2,100.0,0,200,Basic
C02132,Loyal Customers,671,7,798.01,1,0.0,4.0,0.14285714285714285,95.0,0,762,Basic
C04553,Loyal Customers,862,8,668.23,0,0.0,4.0,0.5,100.0,0,989,Basic
C00309,Loyal Customers,74,7,813.62,0,0.0,4.0,0.42857142857142855,100.0,0,161,Premium
C03693,Loyal Customers,717,9,665.55,0,0.0,4.0,0.3333333333333333,100.0,0,842,Trial
C02186,Loyal Customers,444,7,932.22,0,0.0,3.0,0.42857142857142855,100.0,0,511,Premium
C02183,Loyal Customers,67,5,691.2,0,0.0,4.0,0.6,100.0,0,198,Basic
C02180,Loyal Customers,615,7,476.94,0,0.14285714285714285,3.0,0.2857142857142857,100.0,0,751,Premium
C00855,Loyal Customers,67,6,482.04999999999995,1,0.0,4.0,0.5,95.0,0,256,Premium
C03358,Loyal Customers,439,6,680.79,0,0.0,4.0,0.16666666666666666,100.0,0,826,Basic
C00323,Loyal Customers,135,5,445.2,0,0.0,2.0,0.2,100.0,0,274,Premium
C02166,Loyal Customers,195,7,594.52,0,0.0,6.0,0.5714285714285714,100.0,0,455,Basic
C02164,Loyal Customers,142,4,335.36,0,0.0,4.0,0.0,100.0,0,263,Basic
C00325,Loyal Customers,382,8,1107.25,0,0.0,5.0,0.625,100.0,0,664,Premium
C02723,Loyal Customers,611,8,718.95,1,0.0,5.0,0.375,95.0,0,735,Basic
C02062,Loyal Customers,871,6,782.16,0,0.0,5.0,0.6666666666666666,100.0,0,1087,Premium
C03705,Loyal Customers,385,8,740.4,0,0.0,4.0,0.375,100.0,0,452,Premium
C00326,Loyal Customers,130,6,724.3100000000001,0,0.0,3.0,0.3333333333333333,100.0,0,284,Basic
C02155,Loyal Customers,129,5,631.37,1,0.0,3.0,0.2,95.0,0,233,Premium
C02154,Loyal Customers,50,5,520.19,0,0.0,4.0,0.4,100.0,0,239,Basic
C04837,Loyal Customers,52,5,251.59,0,0.4,2.0,0.2,100.0,0,163,Basic
C00109,Loyal Customers,347,6,421.02,0,0.0,4.0,0.5,100.0,0,664,Premium
C00327,Loyal Customers,879,8,722.56,0,0.0,4.0,0.5,100.0,0,1013,Basic
C00107,Loyal Customers,401,7,552.39,1,0.0,4.0,0.2857142857142857,95.0,0,551,Basic
C02730,Loyal Customers,61,7,715.35,0,0.0,4.0,0.5714285714285714,100.0,0,166,Basic
C03715,Loyal Customers,556,6,944.04,0,0.0,4.0,0.3333333333333333,100.0,0,642,Premium
C02137,Loyal Customers,171,4,458.51,0,0.0,3.0,0.5,100.0,0,243,Basic
C02135,Loyal Customers,264,6,766.15,1,0.0,3.0,0.5,95.0,0,403,Basic
C00106,Loyal Customers,517,7,763.9300000000001,0,0.0,4.0,0.14285714285714285,100.0,0,593,Premium
C02133,Loyal Customers,629,7,593.8,1,0.0,5.0,0.2857142857142857,95.0,0,828,Basic
C02159,Loyal Customers,84,5,794.62,1,0.0,4.0,0.0,95.0,0,152,Basic
C02057,Loyal Customers,365,8,976.6,1,0.0,3.0,0.5,95.0,0,441,Basic
C02069,Loyal Customers,398,6,471.75,1,0.0,4.0,0.0,95.0,0,496,Basic
C03757,Loyal Customers,302,7,553.0,0,0.0,4.0,0.5714285714285714,100.0,0,433,Premium
C03756,Loyal Customers,26,5,415.81,0,0.2,3.0,0.6,100.0,0,339,Basic
C02012,Loyal Customers,411,4,389.29,0,0.0,2.0,0.25,100.0,0,518,Basic
C03790,Loyal Customers,266,8,878.16,0,0.0,4.0,0.375,100.0,0,354,Basic
C02011,Loyal Customers,329,9,1152.6399999999999,1,0.0,4.0,0.5555555555555556,95.0,0,562,Basic
C03792,Loyal Customers,215,7,861.3,0,0.0,3.0,0.42857142857142855,100.0,0,374,Basic
C03793,Loyal Customers,201,6,468.98,0,0.0,5.0,0.3333333333333333,100.0,0,278,Basic
C03794,Loyal Customers,175,6,981.23,0,0.0,4.0,0.3333333333333333,100.0,0,302,Premium
C04942,Loyal Customers,619,8,573.26,0,0.125,5.0,0.125,100.0,0,809,Premium
C03796,Loyal Customers,318,8,480.71,0,0.125,4.0,0.5,100.0,0,390,Basic
C03797,Loyal Customers,311,11,849.56,0,0.09090909090909091,5.0,0.2727272727272727,100.0,0,439,Premium
C02008,Loyal Customers,851,11,1128.67,0,0.0,5.0,0.2727272727272727,100.0,0,1035,Basic
C02007,Loyal Customers,44,4,641.51,1,0.0,3.0,0.5,95.0,0,243,Premium
C02006,Loyal Customers,0,6,421.09000000000003,0,0.0,6.0,0.16666666666666666,100.0,0,156,Basic
C00011,Loyal Customers,319,7,739.58,0,0.0,4.0,0.2857142857142857,100.0,0,405,Basic
C02760,Loyal Customers,295,5,478.19,1,0.0,4.0,0.0,95.0,0,441,Basic
C03803,Loyal Customers,415,5,620.11,0,0.0,3.0,0.4,100.0,0,702,Premium
C02000,Loyal Customers,790,7,578.4,0,0.0,4.0,0.2857142857142857,100.0,0,884,Premium
C04544,Loyal Customers,357,4,460.98,0,0.0,4.0,0.5,100.0,0,659,Premium
C03806,Loyal Customers,195,5,454.33,0,0.0,5.0,0.4,100.0,0,384,Premium
C04823,Loyal Customers,663,6,657.13,0,0.16666666666666666,4.0,0.5,100.0,0,769,Basic
C00340,Loyal Customers,492,6,748.13,0,0.0,4.0,0.0,100.0,0,621,Premium
C01994,Loyal Customers,569,7,530.55,0,0.0,4.0,0.42857142857142855,100.0,0,880,Premium
C03810,Loyal Customers,0,6,868.64,0,0.0,4.0,0.5,100.0,0,133,Trial
C04581,Loyal Customers,409,5,524.26,0,0.0,3.0,0.4,100.0,0,459,Trial
C03337,Loyal Customers,227,5,668.0899999999999,1,0.0,3.0,0.8,95.0,0,388,Trial
C00872,Loyal Customers,236,6,655.24,0,0.0,3.0,0.3333333333333333,100.0,0,433,Trial
C03334,Loyal Customers,424,8,755.51,0,0.0,4.0,0.25,100.0,0,549,Basic
C00343,Loyal Customers,494,9,1047.79,0,0.0,4.0,0.3333333333333333,100.0,0,641,Premium
C03802,Loyal Customers,370,6,670.26,1,0.0,3.0,0.5,95.0,0,508,Basic
C04826,Loyal Customers,52,4,318.03,1,0.0,2.0,0.25,95.0,0,222,Premium
C03788,Loyal Customers,537,4,625.71,0,0.0,3.0,0.25,100.0,0,592,Basic
C00333,Loyal Customers,198,6,438.29,1,0.0,4.0,0.16666666666666666,95.0,0,400,Premium
C02056,Loyal Customers,246,4,511.96000000000004,1,0.0,2.0,0.0,95.0,0,314,Premium
C02055,Loyal Customers,187,4,490.35,0,0.0,3.0,0.25,100.0,0,331,Premium
C03760,Loyal Customers,418,7,614.31,0,0.0,4.0,0.7142857142857143,100.0,0,749,Basic
C00806,Loyal Customers,415,6,522.3,1,0.0,2.0,0.5,95.0,0,500,Trial
C03762,Loyal Customers,0,4,296.52,0,0.0,3.0,0.25,100.0,1,194,Basic
C02048,Loyal Customers,208,4,340.83,0,0.0,4.0,0.0,100.0,0,285,Premium
C02046,Loyal Customers,653,8,716.94,1,0.125,5.0,0.25,95.0,0,757,Trial
C03765,Loyal Customers,713,7,685.17,0,0.0,4.0,0.42857142857142855,100.0,0,891,Basic
C03766,Loyal Customers,383,9,845.15,1,0.0,4.0,0.2222222222222222,95.0,0,543,Premium
C04831,Loyal Customers,18,4,265.43,1,0.0,3.0,0.5,95.0,0,214,Basic
C02747,Loyal Customers,276,8,866.9300000000001,0,0.0,6.0,0.375,100.0,0,456,Premium
C02035,Loyal Customers,755,7,632.68,1,0.0,4.0,0.42857142857142855,95.0,0,1000,Premium
C02033,Loyal Customers,135,5,495.08000000000004,0,0.0,3.0,0.4,100.0,0,236,Premium
C04830,Loyal Customers,211,6,537.58,0,0.0,5.0,0.16666666666666666,100.0,0,335,Basic
C02032,Loyal Customers,466,8,700.94,1,0.125,5.0,0.25,95.0,0,613,Premium
C02022,Loyal Customers,512,8,910.05,1,0.0,3.0,0.25,95.0,0,696,Basic
C03784,Loyal Customers,479,7,636.03,0,0.0,4.0,0.14285714285714285,100.0,0,599,Basic
C02015,Loyal Customers,289,6,685.59,0,0.0,4.0,0.3333333333333333,100.0,0,551,Premium
C02751,Loyal Customers,5,7,697.89,1,0.0,6.0,0.2857142857142857,95.0,0,144,Basic
C03781,Loyal Customers,632,5,585.74,0,0.0,5.0,0.0,100.0,0,772,Trial
C02020,Loyal Customers,319,7,754.03,0,0.14285714285714285,4.0,0.5714285714285714,100.0,0,421,Basic
C02027,Loyal Customers,101,3,412.81,0,0.0,2.0,0.3333333333333333,100.0,0,245,Premium
C03778,Loyal Customers,359,10,1113.24,0,0.0,5.0,0.2,100.0,0,541,Basic
C00980,Loyal Customers,373,5,665.66,0,0.0,4.0,0.2,100.0,0,477,Basic
C00864,Loyal Customers,319,5,487.73999999999995,0,0.0,4.0,0.6,100.0,0,471,Trial
C00331,Loyal Customers,0,7,851.26,1,0.0,3.0,0.14285714285714285,95.0,0,150,Premium
C03775,Loyal Customers,225,5,510.55,1,0.0,4.0,0.6,95.0,0,419,Basic
C00783,Potential High-Value,390,3,321.63,0,0.0,3.0,0.6666666666666666,100.0,0,553,Basic
C00013,Potential High-Value,444,5,228.8,0,0.2,3.0,0.4,100.0,0,507,Premium
C04585,Potential High-Value,373,4,390.28,1,0.0,3.0,0.0,80.0,0,787,Basic
C00773,Potential High-Value,241,4,427.62,0,0.0,3.0,0.5,100.0,0,330,Basic
C00794,Potential High-Value,353,3,316.15999999999997,2,0.0,3.0,0.3333333333333333,90.0,1,432,Premium
C00815,Potential High-Value,269,3,182.77,0,0.3333333333333333,2.0,0.3333333333333333,100.0,0,359,Basic
C00771,Potential High-Value,283,4,334.4,0,0.0,3.0,0.25,100.0,0,396,Premium
C00002,Potential High-Value,317,6,627.13,1,0.0,2.0,0.16666666666666666,80.0,0,416,Trial
C04589,Potential High-Value,255,5,682.23,2,0.0,4.0,0.2,80.0,1,315,Basic
C00470,Potential High-Value,86,4,335.53,1,0.0,3.0,0.5,95.0,0,214,Basic
C00756,Potential High-Value,328,7,734.59,1,0.0,4.0,0.2857142857142857,80.0,0,454,Premium
C04943,Potential High-Value,396,6,519.2,1,0.0,5.0,0.16666666666666666,80.0,0,545,Basic
C00076,Potential High-Value,406,7,501.96,1,0.14285714285714285,5.0,0.2857142857142857,80.0,0,513,Premium
C00344,Potential High-Value,30,5,393.05999999999995,2,0.0,3.0,0.2,80.0,1,147,Basic
C00347,Potential High-Value,239,4,455.79,0,0.0,2.0,0.5,100.0,0,446,Basic
C00358,Potential High-Value,4,4,349.37,0,0.0,4.0,0.25,100.0,0,157,Premium
C04809,Potential High-Value,231,3,270.1,1,0.0,3.0,0.3333333333333333,95.0,0,364,Basic
C00370,Potential High-Value,216,4,315.11,0,0.0,3.0,0.5,100.0,0,280,Premium
C00371,Potential High-Value,82,5,494.82,1,0.0,4.0,0.6,80.0,0,167,Basic
C04804,Potential High-Value,412,3,488.58000000000004,0,0.0,3.0,0.3333333333333333,100.0,0,457,Basic
C00375,Potential High-Value,212,4,417.76,2,0.0,3.0,0.5,90.0,0,268,Premium
C04821,Potential High-Value,412,3,223.49,1,0.0,3.0,0.6666666666666666,80.0,1,521,Basic
C00378,Potential High-Value,135,8,695.25,2,0.0,3.0,0.375,80.0,0,265,Basic
C00406,Potential High-Value,106,10,838.99,1,0.1,4.0,0.0,80.0,0,320,Basic
C04787,Potential High-Value,375,3,280.31,1,0.0,2.0,0.3333333333333333,80.0,1,655,Premium
C00420,Potential High-Value,183,4,359.13,1,0.0,3.0,0.0,95.0,0,307,Premium
C04781,Potential High-Value,86,3,184.72000000000003,2,0.3333333333333333,2.0,0.6666666666666666,90.0,1,314,Basic
C04951,Potential High-Value,373,3,215.48000000000002,2,0.0,3.0,0.3333333333333333,80.0,1,671,Premium
C04778,Potential High-Value,342,3,325.83,2,0.0,3.0,0.3333333333333333,90.0,1,479,Basic
C00072,Potential High-Value,275,6,561.59,2,0.0,5.0,0.3333333333333333,90.0,1,398,Trial
C04776,Potential High-Value,304,4,250.54000000000002,1,0.0,3.0,0.0,95.0,0,495,Premium
C04775,Potential High-Value,245,3,342.36,1,0.0,3.0,0.3333333333333333,80.0,0,412,Premium
C04768,Potential High-Value,354,5,340.9,1,0.0,3.0,0.0,95.0,0,486,Basic
C00396,Potential High-Value,196,4,211.82,2,0.25,2.0,0.25,80.0,0,237,Basic
C00339,Potential High-Value,195,4,268.38,0,0.0,2.0,0.75,100.0,0,341,Premium
C00334,Potential High-Value,165,4,293.7,1,0.0,3.0,0.75,80.0,0,285,Basic
C00332,Potential High-Value,370,4,284.0,0,0.0,3.0,0.0,100.0,0,503,Basic
C04913,Potential High-Value,113,3,230.45000000000002,1,0.0,2.0,0.0,95.0,0,237,Basic
C00160,Potential High-Value,372,5,631.69,1,0.0,2.0,0.2,80.0,0,422,Basic
C04903,Potential High-Value,401,4,873.0,1,0.0,3.0,0.25,80.0,0,688,Basic
C00128,Potential High-Value,408,4,320.41999999999996,2,0.0,3.0,0.25,90.0,0,528,Basic
C04894,Potential High-Value,252,4,377.72999999999996,0,0.0,2.0,0.5,100.0,0,387,Basic
C00207,Potential High-Value,192,8,904.61,1,0.0,5.0,0.5,80.0,0,262,Basic
C00210,Potential High-Value,371,4,365.55,0,0.25,1.0,0.0,100.0,0,461,Basic
C00231,Potential High-Value,426,4,385.73,1,0.0,4.0,0.75,80.0,0,476,Premium
C04873,Potential High-Value,72,3,302.01,0,0.0,3.0,0.6666666666666666,100.0,0,155,Basic
C00242,Potential High-Value,344,5,306.43,1,0.0,4.0,0.2,95.0,0,527,Basic
C00251,Potential High-Value,280,10,1076.63,1,0.0,4.0,0.5,80.0,0,398,Premium
C00252,Potential High-Value,25,8,787.36,1,0.0,3.0,0.625,80.0,0,317,Basic
C00273,Potential High-Value,49,4,436.12,1,0.0,2.0,0.25,80.0,0,284,Basic
C00286,Potential High-Value,40,4,298.78,2,0.0,2.0,0.0,80.0,1,315,Trial
C00113,Potential High-Value,366,4,368.18,0,0.0,2.0,0.0,100.0,0,510,Premium
C00301,Potential High-Value,343,4,400.46000000000004,2,0.0,3.0,0.5,90.0,1,592,Basic
C04845,Potential High-Value,0,3,277.02,0,0.0,2.0,1.0,100.0,0,163,Basic
C00312,Potential High-Value,315,4,405.49,1,0.0,3.0,0.5,80.0,0,423,Premium
C04935,Potential High-Value,0,3,218.64999999999998,0,0.3333333333333333,1.0,0.0,100.0,0,161,Premium
C00104,Potential High-Value,379,4,334.55,1,0.25,3.0,0.25,95.0,0,472,Basic
C04937,Potential High-Value,71,7,530.15,1,0.0,4.0,0.14285714285714285,80.0,0,197,Premium
C04833,Potential High-Value,8,5,740.5799999999999,1,0.0,2.0,0.2,80.0,0,187,Basic
C00093,Potential High-Value,84,5,395.77000000000004,2,0.2,2.0,0.2,70.0,0,259,Basic
C00464,Potential High-Value,100,5,496.3,2,0.0,3.0,0.2,80.0,0,154,Basic
C00070,Potential High-Value,347,4,492.53999999999996,1,0.0,2.0,0.25,80.0,0,557,Basic
C04756,Potential High-Value,424,5,356.1,0,0.0,2.0,0.4,100.0,0,557,Basic
C00485,Potential High-Value,278,4,167.27,0,0.25,3.0,0.25,100.0,0,364,Basic
C04680,Potential High-Value,167,9,1098.01,1,0.0,4.0,0.2222222222222222,80.0,0,341,Basic
C04679,Potential High-Value,388,3,310.1,1,0.0,2.0,0.3333333333333333,80.0,0,477,Basic
C04677,Potential High-Value,15,3,303.42,1,0.0,2.0,0.3333333333333333,95.0,0,143,Basic
C04977,Potential High-Value,366,3,544.13,1,0.0,3.0,0.3333333333333333,80.0,0,390,Trial
C00635,Potential High-Value,374,4,397.51,1,0.0,2.0,0.5,80.0,0,479,Basic
C04669,Potential High-Value,317,3,143.61,1,0.0,2.0,0.3333333333333333,80.0,0,509,Basic
C04667,Potential High-Value,317,3,244.86,1,0.0,2.0,0.0,80.0,0,422,Basic
C00645,Potential High-Value,0,3,197.35,2,0.0,2.0,0.3333333333333333,70.0,1,147,Basic
C00662,Potential High-Value,393,4,394.15999999999997,0,0.0,3.0,0.5,100.0,0,429,Basic
C04982,Potential High-Value,319,5,610.1600000000001,1,0.0,4.0,0.0,80.0,0,362,Premium
C00664,Potential High-Value,218,3,341.95000000000005,0,0.0,2.0,0.3333333333333333,100.0,0,377,Premium
C04653,Potential High-Value,70,3,322.14,0,0.0,3.0,0.6666666666666666,100.0,0,312,Premium
C00666,Potential High-Value,157,7,618.7,2,0.0,2.0,0.14285714285714285,90.0,0,377,Premium
C04650,Potential High-Value,44,4,424.21999999999997,1,0.0,3.0,0.25,80.0,1,797,Trial
C00670,Potential High-Value,420,4,261.06,1,0.0,3.0,0.75,80.0,0,605,Basic
C00674,Potential High-Value,174,7,727.69,1,0.0,3.0,0.2857142857142857,80.0,0,248,Premium
C00683,Potential High-Value,58,3,264.89,2,0.0,3.0,0.6666666666666666,90.0,1,207,Basic
C04987,Potential High-Value,0,3,201.31,0,0.3333333333333333,2.0,0.0,100.0,1,216,Basic
C00696,Potential High-Value,309,4,486.96000000000004,0,0.0,2.0,0.5,100.0,0,446,Premium
C04631,Potential High-Value,300,6,716.23,1,0.0,4.0,0.3333333333333333,80.0,0,431,Basic
C00716,Potential High-Value,167,3,341.46000000000004,1,0.0,2.0,0.6666666666666666,80.0,0,394,Basic
C04616,Potential High-Value,136,3,281.44,0,0.0,2.0,0.6666666666666666,100.0,0,214,Basic
C00747,Potential High-Value,400,3,305.36,1,0.0,2.0,0.3333333333333333,95.0,1,585,Basic
C00624,Potential High-Value,439,3,412.51,0,0.0,2.0,0.0,100.0,0,510,Basic
C00758,Potential High-Value,244,4,275.31,0,0.0,3.0,0.5,100.0,0,378,Premium
C00620,Potential High-Value,172,7,386.52000000000004,1,0.14285714285714285,5.0,0.2857142857142857,80.0,0,287,Basic
C00615,Potential High-Value,407,4,274.34000000000003,0,0.25,2.0,0.5,100.0,0,506,Basic
C00061,Potential High-Value,429,5,327.19,0,0.0,4.0,0.2,100.0,0,547,Basic
C00502,Potential High-Value,0,8,824.47,2,0.0,5.0,0.25,90.0,0,127,Basic
C00505,Potential High-Value,339,4,370.7,0,0.0,3.0,0.5,100.0,0,523,Basic
C00534,Potential High-Value,158,4,273.47,0,0.0,2.0,0.75,100.0,0,241,Basic
C00059,Potential High-Value,438,7,605.75,1,0.0,5.0,0.0,80.0,0,574,Trial
C00540,Potential High-Value,437,4,548.7,2,0.0,3.0,0.75,80.0,0,609,Basic
C00546,Potential High-Value,396,4,449.65,0,0.0,3.0,0.75,100.0,0,579,Basic
C00549,Potential High-Value,278,7,956.6800000000001,1,0.0,4.0,0.2857142857142857,80.0,0,408,Premium
C00551,Potential High-Value,293,4,335.2,0,0.0,3.0,0.0,100.0,0,537,Premium
C00553,Potential High-Value,187,6,662.8,1,0.0,3.0,0.3333333333333333,80.0,0,318,Trial
C04718,Potential High-Value,0,3,166.86,2,0.3333333333333333,2.0,0.3333333333333333,70.0,0,167,Premium
C00055,Potential High-Value,122,6,722.6700000000001,1,0.0,4.0,0.16666666666666666,80.0,0,251,Basic
C00557,Potential High-Value,382,4,306.09,0,0.0,3.0,0.25,100.0,0,525,Premium
C00051,Potential High-Value,301,4,436.59000000000003,0,0.0,2.0,0.25,100.0,0,501,Trial
C04969,Potential High-Value,442,5,548.62,2,0.0,4.0,0.6,80.0,0,527,Basic
C04712,Potential High-Value,0,6,444.25,2,0.16666666666666666,3.0,0.6666666666666666,80.0,0,151,Premium
C00569,Potential High-Value,217,4,254.04,0,0.0,2.0,0.5,100.0,0,248,Basic
C00573,Potential High-Value,93,6,708.68,2,0.0,5.0,0.5,90.0,0,188,Premium
C00587,Potential High-Value,344,6,424.31000000000006,1,0.16666666666666666,4.0,0.3333333333333333,80.0,0,454,Premium
C00592,Potential High-Value,58,4,227.1,0,0.25,3.0,0.5,100.0,0,230,Premium
C00594,Potential High-Value,302,4,467.49,2,0.0,4.0,0.25,80.0,1,600,Basic
C00603,Potential High-Value,401,4,245.96,2,0.0,3.0,0.25,80.0,0,560,Basic
C00609,Potential High-Value,115,3,264.1,0,0.0,3.0,0.0,100.0,0,181,Basic
C00617,Potential High-Value,39,3,200.46,0,0.0,2.0,0.3333333333333333,100.0,0,199,Basic
C03126,Potential High-Value,58,3,256.35,1,0.0,3.0,0.3333333333333333,80.0,0,234,Premium
C01601,Potential High-Value,57,6,672.14,1,0.16666666666666666,5.0,0.5,80.0,0,241,Basic
C04571,Potential High-Value,160,4,150.09,0,0.5,2.0,0.25,100.0,0,369,Premium
C02317,Potential High-Value,248,8,796.98,1,0.125,4.0,0.5,80.0,0,424,Basic
C03618,Potential High-Value,263,3,254.93,1,0.0,3.0,0.3333333333333333,95.0,0,339,Premium
C03620,Potential High-Value,278,4,351.95,0,0.0,4.0,0.25,100.0,0,303,Premium
C02313,Potential High-Value,130,5,412.91,2,0.0,4.0,0.4,90.0,0,311,Premium
C03622,Potential High-Value,122,3,291.39,0,0.0,3.0,0.3333333333333333,100.0,0,257,Basic
C02279,Potential High-Value,243,4,269.66,2,0.25,3.0,0.25,90.0,0,333,Premium
C02275,Potential High-Value,0,3,264.54,2,0.0,3.0,0.0,90.0,1,587,Basic
C02273,Potential High-Value,327,5,417.71999999999997,2,0.0,3.0,0.6,90.0,0,402,Basic
C03646,Potential High-Value,212,3,361.8,0,0.0,3.0,0.3333333333333333,100.0,0,347,Basic
C02256,Potential High-Value,247,5,355.38,0,0.0,4.0,0.2,100.0,0,292,Premium
C02322,Potential High-Value,365,3,133.49,1,0.3333333333333333,2.0,0.3333333333333333,95.0,0,435,Basic
C02253,Potential High-Value,301,8,933.9000000000001,1,0.0,3.0,0.5,80.0,0,468,Basic
C02213,Potential High-Value,402,5,328.43,0,0.0,3.0,0.2,100.0,0,514,Trial
C02209,Potential High-Value,340,3,258.51,0,0.0,3.0,0.0,100.0,1,446,Basic
C02200,Potential High-Value,97,3,455.8,2,0.0,2.0,0.3333333333333333,80.0,1,136,Basic
C02197,Potential High-Value,100,3,336.37,0,0.0,3.0,0.0,100.0,0,177,Premium
C03687,Potential High-Value,290,7,619.62,1,0.0,5.0,0.2857142857142857,80.0,0,378,Basic
C02196,Potential High-Value,92,3,243.99,0,0.0,3.0,0.6666666666666666,100.0,0,144,Basic
C03689,Potential High-Value,302,3,294.09000000000003,2,0.0,1.0,0.6666666666666666,90.0,1,335,Basic
C02192,Potential High-Value,244,3,221.97,0,0.0,3.0,0.0,100.0,0,362,Basic
C03692,Potential High-Value,327,3,357.99,0,0.0,2.0,1.0,100.0,1,619,Basic
C02177,Potential High-Value,39,3,241.63,0,0.0,3.0,0.0,100.0,0,134,Premium
C03656,Potential High-Value,292,3,368.98,1,0.0,2.0,0.3333333333333333,95.0,0,421,Premium
C02333,Potential High-Value,267,3,405.82,2,0.0,3.0,0.6666666666666666,90.0,1,317,Basic
C03604,Potential High-Value,153,3,249.71,1,0.0,3.0,0.0,80.0,0,208,Basic
C03597,Potential High-Value,373,4,292.93,0,0.0,3.0,0.0,100.0,0,452,Premium
C03515,Potential High-Value,25,3,285.99,0,0.0,2.0,0.0,100.0,0,180,Basic
C03520,Potential High-Value,228,6,816.73,1,0.0,4.0,0.0,80.0,0,412,Basic
C03522,Potential High-Value,369,4,290.48,0,0.0,4.0,0.25,100.0,0,628,Premium
C02452,Potential High-Value,349,4,336.23,0,0.0,2.0,0.5,100.0,0,415,Basic
C02445,Potential High-Value,111,5,475.91,1,0.2,3.0,0.2,80.0,0,178,Premium
C02439,Potential High-Value,177,3,188.44,0,0.0,2.0,0.0,100.0,0,296,Basic
C02436,Potential High-Value,269,3,244.26,1,0.0,3.0,0.0,95.0,0,291,Premium
C03542,Potential High-Value,0,3,338.36,1,0.0,3.0,0.6666666666666666,95.0,0,124,Basic
C03545,Potential High-Value,255,3,255.36,1,0.0,3.0,0.0,95.0,0,303,Premium
C03557,Potential High-Value,198,4,735.76,1,0.0,3.0,0.0,80.0,1,314,Basic
C02412,Potential High-Value,0,3,358.19,0,0.0,2.0,0.0,100.0,0,264,Basic
C02411,Potential High-Value,0,4,515.15,1,0.0,3.0,0.25,80.0,0,144,Premium
C02409,Potential High-Value,0,3,292.56,2,0.0,3.0,0.0,90.0,1,124,Basic
C03561,Potential High-Value,212,3,275.49,2,0.0,2.0,0.3333333333333333,80.0,0,313,Trial
C02403,Potential High-Value,72,6,706.63,1,0.0,5.0,0.16666666666666666,80.0,0,311,Premium
C02402,Potential High-Value,203,3,282.70000000000005,1,0.0,2.0,0.0,80.0,0,287,Basic
C02396,Potential High-Value,78,3,265.21000000000004,0,0.0,3.0,0.3333333333333333,100.0,0,253,Premium
C02392,Potential High-Value,150,3,338.69,0,0.0,3.0,0.3333333333333333,100.0,0,348,Premium
C02374,Potential High-Value,0,4,605.91,2,0.0,4.0,0.25,90.0,1,181,Basic
C02360,Potential High-Value,419,6,729.67,2,0.0,4.0,0.5,80.0,0,503,Premium
C03584,Potential High-Value,145,6,426.11,1,0.0,5.0,0.3333333333333333,80.0,0,266,Basic
C02356,Potential High-Value,135,4,212.9,0,0.25,3.0,0.5,100.0,0,209,Premium
C02350,Potential High-Value,206,3,238.41000000000003,2,0.0,2.0,0.0,90.0,0,597,Trial
C02171,Potential High-Value,174,10,784.22,1,0.1,5.0,0.2,80.0,0,335,Basic
C03699,Potential High-Value,412,4,305.51,0,0.25,3.0,0.25,100.0,0,561,Basic
C03700,Potential High-Value,414,7,834.71,1,0.0,5.0,0.2857142857142857,80.0,0,526,Basic
C02162,Potential High-Value,0,8,960.4,1,0.0,5.0,0.25,80.0,0,233,Basic
C01940,Potential High-Value,128,3,303.78,1,0.0,3.0,0.6666666666666666,95.0,0,173,Premium
C03843,Potential High-Value,355,5,533.05,1,0.0,4.0,0.8,80.0,0,474,Basic
C01925,Potential High-Value,104,3,364.49,1,0.0,2.0,0.0,95.0,0,266,Basic
C01921,Potential High-Value,93,4,300.36,1,0.0,4.0,0.25,95.0,0,193,Basic
C03852,Potential High-Value,418,5,509.0,1,0.0,3.0,0.4,80.0,0,568,Premium
C01904,Potential High-Value,326,3,212.32,0,0.0,1.0,0.3333333333333333,100.0,0,360,Basic
C03860,Potential High-Value,412,4,698.17,1,0.0,3.0,0.25,80.0,0,594,Premium
C01900,Potential High-Value,301,5,497.22,2,0.0,3.0,0.2,90.0,0,375,Premium
C03864,Potential High-Value,158,3,325.03,0,0.0,3.0,0.0,100.0,0,205,Basic
C03867,Potential High-Value,392,3,499.32,1,0.0,2.0,0.3333333333333333,80.0,0,626,Trial
C03871,Potential High-Value,247,3,330.52,0,0.0,3.0,0.6666666666666666,100.0,0,376,Basic
C01892,Potential High-Value,241,3,376.7,1,0.0,3.0,0.3333333333333333,95.0,1,444,Basic
C01885,Potential High-Value,286,5,370.84999999999997,2,0.0,4.0,0.0,80.0,0,346,Premium
C03878,Potential High-Value,213,3,335.51,1,0.0,3.0,1.0,95.0,0,363,Basic
C01879,Potential High-Value,217,4,367.38,0,0.0,3.0,0.75,100.0,0,329,Premium
C03882,Potential High-Value,101,3,220.20999999999998,0,0.0,3.0,0.3333333333333333,100.0,0,178,Basic
C03884,Potential High-Value,260,3,278.98,0,0.0,2.0,0.6666666666666666,100.0,1,337,Premium
C03889,Potential High-Value,232,8,810.89,1,0.0,5.0,0.5,80.0,0,359,Basic
C01868,Potential High-Value,65,3,211.66,1,0.0,2.0,0.0,95.0,0,152,Premium
C03902,Potential High-Value,48,3,293.78,2,0.0,3.0,0.3333333333333333,80.0,1,141,Premium
C01851,Potential High-Value,443,3,253.89999999999998,0,0.0,3.0,0.3333333333333333,100.0,0,539,Basic
C01829,Potential High-Value,306,4,473.57,1,0.0,3.0,0.25,95.0,0,365,Basic
C03917,Potential High-Value,266,3,258.99,0,0.0,3.0,0.6666666666666666,100.0,0,332,Basic
C03836,Potential High-Value,171,4,479.61,1,0.0,3.0,0.5,80.0,1,265,Basic
C03514,Potential High-Value,284,3,235.0,2,0.0,2.0,1.0,90.0,1,556,Premium
C01944,Potential High-Value,404,4,288.39,0,0.0,3.0,0.5,100.0,0,492,Basic
C01947,Potential High-Value,402,3,177.51,1,0.0,3.0,0.0,80.0,0,457,Basic
C02157,Potential High-Value,161,5,540.75,2,0.0,4.0,0.6,90.0,0,262,Basic
C02152,Potential High-Value,125,5,416.08,2,0.0,4.0,0.2,80.0,0,241,Premium
C02146,Potential High-Value,235,3,291.71,0,0.0,2.0,0.0,100.0,0,345,Basic
C03721,Potential High-Value,189,3,255.54000000000002,2,0.0,3.0,0.3333333333333333,80.0,1,326,Basic
C02125,Potential High-Value,3,3,293.64,0,0.0,3.0,0.6666666666666666,100.0,0,223,Premium
C03740,Potential High-Value,411,4,354.3,1,0.0,3.0,0.25,95.0,0,470,Basic
C02091,Potential High-Value,428,3,213.28,0,0.0,3.0,0.3333333333333333,100.0,0,497,Premium
C02044,Potential High-Value,417,3,268.23,0,0.0,3.0,0.0,100.0,0,504,Premium
C02028,Potential High-Value,332,5,274.64,0,0.0,3.0,0.2,100.0,0,432,Premium
C02023,Potential High-Value,208,4,407.9,2,0.0,3.0,0.25,90.0,0,337,Basic
C03777,Potential High-Value,398,3,166.77,2,0.3333333333333333,1.0,0.3333333333333333,90.0,1,619,Basic
C02014,Potential High-Value,350,3,314.40999999999997,0,0.0,2.0,0.3333333333333333,100.0,0,501,Basic
C02013,Potential High-Value,282,6,535.35,1,0.0,4.0,0.3333333333333333,80.0,0,475,Basic
C03787,Potential High-Value,156,8,846.21,1,0.0,5.0,0.5,80.0,0,287,Basic
C03805,Potential High-Value,0,3,373.46000000000004,1,0.0,2.0,0.0,95.0,0,183,Basic
C01999,Potential High-Value,0,3,143.71,1,0.0,3.0,0.6666666666666666,95.0,0,133,Basic
C01995,Potential High-Value,422,3,331.86,2,0.0,3.0,0.6666666666666666,80.0,1,652,Trial
C03811,Potential High-Value,422,4,356.84000000000003,2,0.0,3.0,0.25,90.0,1,587,Basic
C01990,Potential High-Value,229,4,249.33,0,0.0,4.0,0.0,100.0,0,533,Basic
C01982,Potential High-Value,218,3,333.03,0,0.0,3.0,0.0,100.0,0,574,Basic
C03824,Potential High-Value,0,4,480.58,2,0.0,2.0,0.75,90.0,0,320,Basic
C03826,Potential High-Value,95,4,303.02,1,0.0,4.0,0.0,80.0,0,162,Basic
C01951,Potential High-Value,35,4,171.91,0,0.5,2.0,0.5,100.0,0,190,Basic
C03831,Potential High-Value,308,4,320.15,0,0.0,3.0,0.25,100.0,0,418,Basic
C01815,Potential High-Value,429,4,287.90999999999997,1,0.0,3.0,0.25,80.0,0,663,Basic
C02470,Potential High-Value,415,8,811.0,1,0.0,4.0,0.375,80.0,0,637,Premium
C03507,Potential High-Value,380,4,212.31,0,0.25,3.0,0.75,100.0,0,407,Premium
C02931,Potential High-Value,377,3,323.61,2,0.0,3.0,0.3333333333333333,80.0,0,388,Premium
C02927,Potential High-Value,379,3,192.09,0,0.0,2.0,0.0,100.0,0,459,Basic
C02926,Potential High-Value,72,7,875.98,1,0.0,5.0,0.0,80.0,0,165,Premium
C02922,Potential High-Value,156,4,354.96999999999997,2,0.0,2.0,0.5,80.0,0,259,Premium
C02919,Potential High-Value,128,3,264.99,2,0.0,2.0,0.0,90.0,0,178,Premium
C02915,Potential High-Value,397,3,323.92,0,0.0,3.0,0.3333333333333333,100.0,1,501,Basic
C03252,Potential High-Value,137,5,341.96999999999997,1,0.2,3.0,0.4,80.0,0,168,Basic
C03257,Potential High-Value,0,4,421.2,1,0.0,2.0,0.5,80.0,0,215,Basic
C03262,Potential High-Value,281,3,248.15,0,0.0,2.0,0.3333333333333333,100.0,0,408,Basic
C03273,Potential High-Value,214,3,251.14,1,0.0,2.0,0.6666666666666666,95.0,1,524,Basic
C03241,Potential High-Value,310,5,344.03999999999996,0,0.2,3.0,0.6,100.0,0,400,Premium
C03281,Potential High-Value,376,3,215.19,0,0.0,3.0,0.3333333333333333,100.0,0,756,Basic
C02871,Potential High-Value,0,3,324.33000000000004,2,0.0,1.0,0.3333333333333333,90.0,1,130,Trial
C03286,Potential High-Value,331,4,287.94,0,0.0,3.0,0.5,100.0,0,492,Premium
C02867,Potential High-Value,122,12,1137.49,1,0.16666666666666666,4.0,0.08333333333333333,80.0,0,367,Basic
C02864,Potential High-Value,178,3,304.67,1,0.0,2.0,0.6666666666666666,95.0,0,335,Premium
C03295,Potential High-Value,101,3,247.24,1,0.0,3.0,0.6666666666666666,95.0,0,172,Premium
C03298,Potential High-Value,60,3,234.82,0,0.0,3.0,0.3333333333333333,100.0,0,165,Basic
C02815,Potential High-Value,69,3,129.35,1,0.0,2.0,0.3333333333333333,95.0,0,205,Basic
C02812,Potential High-Value,317,3,292.03999999999996,2,0.0,2.0,0.0,70.0,1,374,Trial
C02811,Potential High-Value,308,3,134.41,2,0.0,3.0,0.3333333333333333,80.0,1,505,Basic
C03315,Potential High-Value,38,3,254.62,1,0.0,2.0,0.3333333333333333,95.0,0,177,Premium
C02874,Potential High-Value,226,4,524.87,1,0.0,3.0,0.5,80.0,0,341,Basic
C02938,Potential High-Value,298,3,364.98,0,0.0,2.0,0.3333333333333333,100.0,0,366,Basic
C02941,Potential High-Value,124,3,165.48,1,0.0,3.0,0.3333333333333333,80.0,0,170,Premium
C02944,Potential High-Value,404,4,365.26,0,0.0,4.0,0.25,100.0,0,653,Basic
C03128,Potential High-Value,341,5,685.3199999999999,2,0.0,2.0,0.6,90.0,0,407,Basic
C03129,Potential High-Value,145,6,642.17,1,0.0,3.0,0.3333333333333333,80.0,0,391,Trial
C03137,Potential High-Value,275,3,183.54,0,0.0,3.0,0.6666666666666666,100.0,0,429,Basic
C03099,Potential High-Value,20,3,342.99,0,0.0,2.0,0.0,100.0,0,131,Basic
C03095,Potential High-Value,256,6,636.16,2,0.0,4.0,0.5,80.0,0,331,Basic
C03079,Potential High-Value,105,3,271.65999999999997,1,0.0,2.0,1.0,95.0,0,270,Basic
C03158,Potential High-Value,375,3,328.89,0,0.0,2.0,0.6666666666666666,100.0,0,405,Basic
C03044,Potential High-Value,385,3,154.64,0,0.0,3.0,0.0,100.0,0,501,Premium
C03038,Potential High-Value,177,3,288.40999999999997,2,0.0,3.0,0.3333333333333333,80.0,0,304,Basic
C03189,Potential High-Value,98,3,146.74,1,0.3333333333333333,1.0,0.3333333333333333,95.0,0,195,Premium
C03025,Potential High-Value,380,7,678.64,1,0.0,3.0,0.14285714285714285,80.0,0,579,Premium
C03022,Potential High-Value,412,3,354.98,1,0.0,1.0,0.3333333333333333,80.0,0,493,Basic
C03014,Potential High-Value,223,3,331.03,0,0.0,3.0,0.3333333333333333,100.0,1,393,Basic
C02995,Potential High-Value,0,3,293.61,0,0.0,3.0,0.3333333333333333,100.0,1,188,Basic
C02994,Potential High-Value,293,4,398.44,1,0.0,2.0,0.0,80.0,0,455,Basic
C02988,Potential High-Value,120,7,595.75,2,0.0,5.0,0.2857142857142857,80.0,0,250,Premium
C02986,Potential High-Value,220,8,528.13,2,0.125,5.0,0.125,80.0,0,501,Premium
C02975,Potential High-Value,404,3,318.62,0,0.0,2.0,0.3333333333333333,100.0,0,536,Basic
C02969,Potential High-Value,0,3,257.66,2,0.0,3.0,0.3333333333333333,80.0,1,253,Basic
C02965,Potential High-Value,267,5,714.06,2,0.0,4.0,0.2,80.0,0,364,Basic
C02964,Potential High-Value,282,3,422.12,0,0.0,2.0,0.6666666666666666,100.0,0,467,Basic
C02963,Potential High-Value,143,5,513.39,1,0.0,4.0,0.4,80.0,0,298,Basic
C02961,Potential High-Value,354,3,302.56,0,0.0,2.0,0.3333333333333333,100.0,0,484,Basic
C02783,Potential High-Value,18,3,224.12,0,0.0,2.0,0.0,100.0,1,136,Basic
C02770,Potential High-Value,29,3,228.15,0,0.0,3.0,0.0,100.0,0,154,Basic
C03330,Potential High-Value,235,8,680.81,1,0.0,5.0,0.375,80.0,0,451,Basic
C02764,Potential High-Value,354,4,372.52,0,0.0,3.0,0.25,100.0,0,411,Basic
C02646,Potential High-Value,0,6,452.69000000000005,1,0.0,4.0,0.0,80.0,0,140,Trial
C03409,Potential High-Value,293,8,912.44,2,0.125,4.0,0.375,70.0,0,499,Premium
C02638,Potential High-Value,177,5,593.95,2,0.0,4.0,0.0,70.0,0,287,Premium
C02630,Potential High-Value,217,5,400.18,2,0.0,4.0,0.2,70.0,0,289,Premium
C03427,Potential High-Value,397,3,392.87,1,0.0,3.0,0.0,95.0,1,475,Trial
C02603,Potential High-Value,274,3,403.42,2,0.0,2.0,0.3333333333333333,80.0,1,412,Basic
C03434,Potential High-Value,166,3,319.37,2,0.0,2.0,0.6666666666666666,80.0,0,194,Basic
C02599,Potential High-Value,297,3,471.84000000000003,1,0.0,2.0,0.3333333333333333,95.0,0,396,Premium
C02594,Potential High-Value,295,4,469.59999999999997,1,0.0,3.0,0.75,80.0,0,528,Basic
C03441,Potential High-Value,365,5,624.27,2,0.0,4.0,0.0,90.0,1,456,Trial
C03444,Potential High-Value,267,4,247.54000000000002,0,0.0,3.0,0.25,100.0,1,330,Trial
C03446,Potential High-Value,203,4,202.15,0,0.25,2.0,0.25,100.0,0,360,Basic
C03447,Potential High-Value,316,3,231.37,0,0.0,3.0,0.3333333333333333,100.0,0,386,Basic
C02574,Potential High-Value,404,3,241.2,2,0.0,2.0,0.3333333333333333,80.0,0,505,Basic
C02564,Potential High-Value,360,3,473.65,0,0.0,2.0,0.3333333333333333,100.0,0,457,Premium
C02554,Potential High-Value,109,3,341.25,1,0.0,2.0,0.3333333333333333,80.0,0,188,Basic
C02545,Potential High-Value,408,6,667.83,2,0.0,4.0,0.0,90.0,0,498,Basic
C02529,Potential High-Value,115,3,172.49,0,0.3333333333333333,2.0,0.6666666666666666,100.0,0,276,Premium
C03487,Potential High-Value,163,5,491.72,1,0.0,3.0,0.4,80.0,0,206,Premium
C02510,Potential High-Value,89,3,157.95,2,0.0,2.0,0.3333333333333333,90.0,1,180,Premium
C02498,Potential High-Value,320,3,247.01999999999998,1,0.0,2.0,0.3333333333333333,80.0,0,421,Premium
C03498,Potential High-Value,10,4,404.11,2,0.0,3.0,0.5,70.0,0,314,Premium
C02483,Potential High-Value,0,11,1080.66,1,0.0,4.0,0.2727272727272727,80.0,0,138,Premium
C02650,Potential High-Value,37,3,295.39,0,0.0,2.0,0.6666666666666666,100.0,0,318,Trial
C02479,Potential High-Value,324,5,580.84,1,0.0,4.0,0.2,80.0,0,726,Premium
C02654,Potential High-Value,271,3,280.55,0,0.0,2.0,0.6666666666666666,100.0,0,367,Premium
C02660,Potential High-Value,18,3,192.22,0,0.0,3.0,0.0,100.0,0,169,Premium
C03332,Potential High-Value,429,3,295.13,0,0.0,3.0,0.3333333333333333,100.0,0,576,Basic
C02763,Potential High-Value,0,5,454.28000000000003,2,0.0,3.0,0.0,80.0,0,142,Basic
C02762,Potential High-Value,240,5,298.47,0,0.0,4.0,0.2,100.0,0,368,Basic
C02754,Potential High-Value,217,3,261.74,0,0.0,2.0,0.3333333333333333,100.0,0,335,Trial
C02750,Potential High-Value,194,3,194.54,2,0.0,3.0,0.6666666666666666,70.0,1,378,Trial
C03343,Potential High-Value,75,8,518.54,2,0.0,4.0,0.5,80.0,0,277,Premium
C02739,Potential High-Value,0,3,190.99,0,0.0,3.0,0.6666666666666666,100.0,0,639,Trial
C03347,Potential High-Value,68,4,364.24,2,0.0,3.0,0.25,90.0,0,386,Trial
C03350,Potential High-Value,321,3,329.57,1,0.0,3.0,0.3333333333333333,80.0,1,825,Basic
C02735,Potential High-Value,444,4,348.34000000000003,0,0.0,2.0,0.0,100.0,0,480,Premium
C03352,Potential High-Value,33,5,498.2,1,0.0,3.0,0.2,80.0,0,231,Premium
C02732,Potential High-Value,327,4,335.34000000000003,0,0.0,2.0,0.75,100.0,0,491,Premium
C03355,Potential High-Value,126,3,276.38,1,0.0,3.0,0.6666666666666666,80.0,0,437,Basic
C02729,Potential High-Value,66,3,385.22,1,0.0,2.0,0.0,80.0,0,218,Basic
C03359,Potential High-Value,222,3,317.01,0,0.0,3.0,0.3333333333333333,100.0,0,262,Premium
C02710,Potential High-Value,347,3,207.32,0,0.0,3.0,0.6666666666666666,100.0,0,444,Basic
C02706,Potential High-Value,365,3,234.67000000000002,1,0.0,2.0,0.3333333333333333,80.0,0,396,Premium
C02699,Potential High-Value,282,4,333.37,0,0.0,3.0,0.75,100.0,0,444,Basic
C03381,Potential High-Value,394,3,296.1,2,0.0,2.0,0.3333333333333333,80.0,1,551,Trial
C02683,Potential High-Value,154,3,211.4,0,0.0,3.0,0.3333333333333333,100.0,0,223,Basic
C02680,Potential High-Value,311,3,307.14,0,0.0,3.0,0.3333333333333333,100.0,0,666,Basic
C03386,Potential High-Value,7,3,513.39,2,0.0,2.0,0.3333333333333333,90.0,0,169,Basic
C02676,Potential High-Value,274,3,405.95,0,0.0,3.0,0.3333333333333333,100.0,0,356,Basic
C02658,Potential High-Value,390,6,485.77,2,0.0,3.0,0.0,80.0,0,564,Basic
C03922,Potential High-Value,90,8,632.0300000000001,1,0.0,4.0,0.25,80.0,0,224,Basic
C03924,Potential High-Value,92,3,122.85,1,0.3333333333333333,2.0,0.6666666666666666,80.0,0,291,Basic
C03925,Potential High-Value,271,5,374.41,0,0.0,4.0,0.6,100.0,0,351,Basic
C04332,Potential High-Value,284,9,937.85,1,0.0,5.0,0.6666666666666666,80.0,0,390,Trial
C01175,Potential High-Value,445,5,392.7,1,0.0,4.0,0.6,80.0,0,555,Premium
C01167,Potential High-Value,229,3,168.15,0,0.0,3.0,0.6666666666666666,100.0,0,291,Basic
C01163,Potential High-Value,0,4,328.28999999999996,0,0.0,4.0,0.5,100.0,0,155,Premium
C01156,Potential High-Value,196,4,378.79,1,0.0,3.0,0.25,95.0,0,342,Premium
C04346,Potential High-Value,0,4,419.31,1,0.25,3.0,0.0,80.0,1,188,Basic
C01154,Potential High-Value,255,3,439.23,0,0.0,3.0,0.6666666666666666,100.0,0,287,Premium
C04349,Potential High-Value,339,3,221.96,0,0.0,2.0,1.0,100.0,1,451,Trial
C01151,Potential High-Value,212,3,279.21000000000004,1,0.0,3.0,0.3333333333333333,95.0,0,450,Basic
C04352,Potential High-Value,337,3,378.24,2,0.0,3.0,0.3333333333333333,90.0,1,397,Basic
C01179,Potential High-Value,144,4,299.9,2,0.0,4.0,0.25,90.0,0,383,Trial
C04354,Potential High-Value,434,3,533.85,1,0.0,3.0,0.6666666666666666,95.0,0,469,Basic
C04361,Potential High-Value,349,3,403.72,1,0.0,3.0,0.3333333333333333,95.0,0,519,Trial
C01130,Potential High-Value,98,3,424.46,2,0.0,2.0,0.6666666666666666,80.0,0,172,Premium
C04367,Potential High-Value,239,6,468.87,1,0.0,4.0,0.5,80.0,0,315,Premium
C01123,Potential High-Value,91,3,272.41,1,0.0,2.0,0.6666666666666666,95.0,1,320,Trial
C01121,Potential High-Value,69,3,379.78999999999996,1,0.0,3.0,0.3333333333333333,95.0,1,209,Basic
C04373,Potential High-Value,83,3,343.43,0,0.0,3.0,0.3333333333333333,100.0,1,128,Basic
C04376,Potential High-Value,98,3,249.85,2,0.0,2.0,0.3333333333333333,80.0,1,619,Basic
C01108,Potential High-Value,0,4,548.1,1,0.0,4.0,0.25,80.0,1,236,Trial
C04383,Potential High-Value,443,4,342.61,0,0.0,3.0,0.5,100.0,0,614,Premium
C01106,Potential High-Value,234,3,235.89,1,0.0,1.0,0.0,95.0,1,564,Basic
C01135,Potential High-Value,102,3,119.46000000000001,1,0.3333333333333333,2.0,0.0,80.0,1,164,Basic
C04324,Potential High-Value,445,3,265.03999999999996,2,0.0,2.0,0.6666666666666666,90.0,0,523,Basic
C01186,Potential High-Value,65,4,151.17000000000002,1,0.25,3.0,0.5,80.0,0,214,Basic
C04320,Potential High-Value,199,3,292.39,1,0.0,2.0,0.0,95.0,0,291,Basic
C01289,Potential High-Value,442,4,508.01,1,0.0,4.0,0.0,95.0,0,496,Basic
C01288,Potential High-Value,73,4,373.39,0,0.0,3.0,0.5,100.0,0,461,Basic
C01276,Potential High-Value,374,4,361.76,0,0.0,4.0,0.25,100.0,1,1053,Basic
C04260,Potential High-Value,243,4,459.33000000000004,2,0.0,4.0,0.25,80.0,1,728,Trial
C04263,Potential High-Value,275,3,407.23,0,0.0,3.0,0.3333333333333333,100.0,0,407,Basic
C01270,Potential High-Value,132,3,332.39,1,0.0,2.0,0.0,95.0,0,304,Premium
C01264,Potential High-Value,235,3,212.2,0,0.0,2.0,0.6666666666666666,100.0,0,302,Basic
C01262,Potential High-Value,244,3,259.81,0,0.0,2.0,0.6666666666666666,100.0,0,293,Basic
C01261,Potential High-Value,255,3,303.93,1,0.0,2.0,0.0,95.0,0,322,Basic
C04270,Potential High-Value,347,3,333.66,0,0.0,2.0,0.0,100.0,0,433,Premium
C01259,Potential High-Value,257,4,287.49,0,0.0,4.0,0.5,100.0,1,756,Trial
C04272,Potential High-Value,315,3,308.86,0,0.0,3.0,0.6666666666666666,100.0,0,386,Basic
C04276,Potential High-Value,385,3,296.08,1,0.0,2.0,0.3333333333333333,80.0,0,671,Basic
C01250,Potential High-Value,33,6,412.1,1,0.0,4.0,0.16666666666666666,80.0,0,164,Premium
C04282,Potential High-Value,335,3,292.28,1,0.0,3.0,0.3333333333333333,95.0,1,420,Trial
C01248,Potential High-Value,48,3,325.43,0,0.0,2.0,0.3333333333333333,100.0,0,133,Premium
C01239,Potential High-Value,106,4,628.38,1,0.0,3.0,0.5,80.0,0,233,Trial
C01238,Potential High-Value,35,4,306.99,1,0.0,2.0,0.25,95.0,0,154,Premium
C01231,Potential High-Value,320,3,383.11,1,0.0,2.0,0.3333333333333333,95.0,1,524,Basic
C01213,Potential High-Value,285,3,475.11,1,0.0,3.0,0.6666666666666666,80.0,0,460,Trial
C01210,Potential High-Value,149,4,258.48,0,0.0,3.0,0.5,100.0,0,328,Premium
C04312,Potential High-Value,359,3,292.5,0,0.0,3.0,1.0,100.0,0,602,Basic
C04319,Potential High-Value,49,3,269.74,1,0.0,3.0,0.6666666666666666,95.0,0,248,Premium
C04389,Potential High-Value,21,5,303.98,1,0.2,2.0,0.4,80.0,0,160,Basic
C01074,Potential High-Value,292,5,552.0699999999999,2,0.0,3.0,0.4,80.0,0,371,Basic
C04401,Potential High-Value,246,3,311.92,2,0.3333333333333333,2.0,0.0,80.0,1,466,Basic
C01063,Potential High-Value,249,4,382.31,0,0.0,2.0,0.0,100.0,0,279,Premium
C00933,Potential High-Value,324,3,275.89,0,0.0,2.0,0.0,100.0,0,401,Trial
C00932,Potential High-Value,151,6,528.64,2,0.0,5.0,0.5,90.0,0,322,Premium
C04497,Potential High-Value,89,3,376.82,1,0.0,3.0,0.6666666666666666,95.0,0,182,Basic
C00910,Potential High-Value,213,5,336.05,1,0.0,2.0,0.6,80.0,0,294,Premium
C00908,Potential High-Value,360,3,348.76000000000005,0,0.0,2.0,0.3333333333333333,100.0,0,463,Trial
C00906,Potential High-Value,0,3,297.16999999999996,2,0.3333333333333333,1.0,0.3333333333333333,80.0,0,224,Basic
C04512,Potential High-Value,342,8,559.1,2,0.0,4.0,0.25,90.0,0,446,Premium
C00899,Potential High-Value,312,6,724.51,1,0.0,4.0,0.16666666666666666,80.0,0,389,Basic
C00898,Potential High-Value,138,3,280.72,1,0.0,3.0,0.3333333333333333,80.0,1,269,Basic
C04528,Potential High-Value,276,5,382.57,1,0.0,4.0,0.6,80.0,1,436,Basic
C04529,Potential High-Value,231,4,326.12,0,0.0,4.0,0.25,100.0,0,266,Basic
C04533,Potential High-Value,302,3,436.22,1,0.0,3.0,0.6666666666666666,95.0,1,836,Basic
C04535,Potential High-Value,145,3,259.99,0,0.0,3.0,0.6666666666666666,100.0,0,244,Basic
C04537,Potential High-Value,184,3,292.7,1,0.0,2.0,0.6666666666666666,80.0,0,203,Premium
C04538,Potential High-Value,272,3,185.13,1,0.0,3.0,0.3333333333333333,95.0,0,361,Basic
C04543,Potential High-Value,321,3,290.07,0,0.0,2.0,0.6666666666666666,100.0,0,628,Premium
C00865,Potential High-Value,356,7,588.41,2,0.0,4.0,0.2857142857142857,90.0,0,462,Premium
C00863,Potential High-Value,8,3,225.45999999999998,1,0.0,3.0,0.3333333333333333,80.0,1,135,Basic
C00860,Potential High-Value,396,5,339.06,0,0.0,3.0,0.6,100.0,0,679,Premium
C00856,Potential High-Value,52,3,475.72999999999996,1,0.0,3.0,0.3333333333333333,80.0,1,280,Basic
C00854,Potential High-Value,47,3,427.23,2,0.0,2.0,0.3333333333333333,80.0,1,156,Trial
C04562,Potential High-Value,241,4,370.69,0,0.0,4.0,0.5,100.0,0,350,Basic
C04563,Potential High-Value,0,5,370.89,2,0.0,3.0,0.4,80.0,0,146,Premium
C00934,Potential High-Value,360,3,260.06,0,0.0,3.0,0.0,100.0,0,514,Premium
C01300,Potential High-Value,399,3,258.39,1,0.0,3.0,0.6666666666666666,80.0,1,516,Trial
C00945,Potential High-Value,0,4,442.79,2,0.25,3.0,0.25,80.0,1,204,Basic
C00948,Potential High-Value,0,4,359.97,0,0.0,3.0,0.25,100.0,0,169,Basic
C01056,Potential High-Value,356,4,482.0,1,0.0,2.0,0.5,80.0,0,439,Basic
C01054,Potential High-Value,311,4,452.54,1,0.0,3.0,0.0,95.0,0,472,Basic
C01032,Potential High-Value,0,5,525.53,1,0.0,3.0,0.2,80.0,0,200,Basic
C01023,Potential High-Value,40,4,334.64,0,0.0,4.0,0.5,100.0,0,254,Premium
C01021,Potential High-Value,402,4,384.6,2,0.0,2.0,0.5,90.0,0,568,Premium
C01020,Potential High-Value,354,3,473.56,0,0.0,3.0,0.3333333333333333,100.0,0,462,Premium
C01014,Potential High-Value,64,3,208.0,0,0.0,3.0,0.3333333333333333,100.0,0,168,Basic
C04435,Potential High-Value,104,5,471.69,2,0.0,3.0,0.6,80.0,0,260,Basic
C01012,Potential High-Value,445,4,385.83,0,0.0,3.0,0.75,100.0,0,502,Basic
C01008,Potential High-Value,107,3,252.81,2,0.0,3.0,0.0,80.0,1,454,Basic
C04444,Potential High-Value,249,5,489.85,1,0.0,2.0,0.2,80.0,0,592,Basic
C01000,Potential High-Value,376,3,259.3,1,0.0,3.0,0.3333333333333333,80.0,1,463,Trial
C04449,Potential High-Value,211,3,303.23,2,0.0,2.0,0.6666666666666666,90.0,1,433,Basic
C00994,Potential High-Value,146,5,290.97,2,0.0,3.0,0.2,70.0,0,202,Premium
C00992,Potential High-Value,394,4,399.14,1,0.0,4.0,0.25,80.0,0,516,Premium
C04454,Potential High-Value,186,3,305.98,0,0.0,3.0,0.0,100.0,0,258,Basic
C04455,Potential High-Value,442,4,321.1,1,0.0,2.0,0.5,95.0,0,493,Basic
C00988,Potential High-Value,399,4,302.68,0,0.0,3.0,0.25,100.0,0,518,Trial
C00986,Potential High-Value,324,4,478.40999999999997,0,0.0,3.0,0.25,100.0,0,444,Basic
C04462,Potential High-Value,269,4,174.89000000000001,1,0.0,3.0,0.75,95.0,0,324,Premium
C00981,Potential High-Value,381,3,420.69,1,0.0,3.0,0.3333333333333333,95.0,0,499,Basic
C04469,Potential High-Value,211,3,216.93,1,0.3333333333333333,2.0,0.0,95.0,0,278,Premium
C04482,Potential High-Value,14,3,304.15999999999997,2,0.0,2.0,0.0,90.0,0,190,Basic
C00947,Potential High-Value,411,3,511.28,0,0.0,3.0,0.0,100.0,0,428,Basic
C04248,Potential High-Value,386,3,169.2,1,0.0,3.0,0.3333333333333333,80.0,0,551,Basic
C04247,Potential High-Value,268,5,360.49,0,0.0,3.0,0.2,100.0,0,538,Premium
C01310,Potential High-Value,133,5,522.08,1,0.0,4.0,0.8,80.0,0,207,Basic
C04005,Potential High-Value,330,4,361.61,0,0.0,3.0,0.0,100.0,0,452,Trial
C01687,Potential High-Value,141,4,421.46000000000004,2,0.0,3.0,0.25,80.0,0,333,Basic
C04016,Potential High-Value,290,3,232.82,0,0.0,3.0,0.0,100.0,0,341,Basic
C01670,Potential High-Value,271,3,413.92,1,0.0,1.0,0.0,80.0,0,309,Trial
C01666,Potential High-Value,322,3,352.8,2,0.3333333333333333,2.0,0.0,80.0,0,541,Premium
C04025,Potential High-Value,180,3,320.42,0,0.0,3.0,0.3333333333333333,100.0,0,296,Basic
C01657,Potential High-Value,372,4,279.34000000000003,1,0.25,3.0,0.5,80.0,0,552,Basic
C01655,Potential High-Value,302,3,149.79,0,0.3333333333333333,2.0,1.0,100.0,0,455,Premium
C01653,Potential High-Value,213,3,293.64,0,0.0,2.0,0.3333333333333333,100.0,0,276,Premium
C04030,Potential High-Value,55,7,511.58,1,0.14285714285714285,3.0,0.2857142857142857,80.0,0,215,Premium
C01644,Potential High-Value,402,3,317.06,1,0.0,2.0,1.0,95.0,0,496,Basic
C01639,Potential High-Value,201,3,300.5,0,0.0,2.0,0.3333333333333333,100.0,1,267,Basic
C04040,Potential High-Value,386,3,438.02,0,0.0,2.0,0.6666666666666666,100.0,0,447,Premium
C04043,Potential High-Value,369,5,589.91,1,0.2,4.0,1.0,80.0,0,428,Premium
C01633,Potential High-Value,376,4,197.71,0,0.25,2.0,0.5,100.0,0,463,Premium
C01625,Potential High-Value,0,4,330.6,0,0.0,4.0,0.25,100.0,1,134,Basic
C01620,Potential High-Value,66,8,488.54,1,0.0,5.0,0.0,80.0,0,262,Trial
C01616,Potential High-Value,291,5,419.52,2,0.0,4.0,0.4,90.0,0,385,Premium
C04067,Potential High-Value,295,3,274.08000000000004,0,0.3333333333333333,2.0,0.3333333333333333,100.0,0,371,Basic
C01578,Potential High-Value,11,3,265.15,1,0.0,2.0,0.0,95.0,0,132,Basic
C01570,Potential High-Value,214,3,274.46,2,0.0,2.0,0.0,80.0,1,433,Premium
C04078,Potential High-Value,375,3,464.99,1,0.0,3.0,0.3333333333333333,95.0,0,515,Basic
C01537,Potential High-Value,189,4,368.9,1,0.0,2.0,0.0,95.0,0,483,Basic
C01700,Potential High-Value,36,9,772.48,1,0.1111111111111111,5.0,0.1111111111111111,80.0,0,129,Basic
C04090,Potential High-Value,266,3,347.9,1,0.0,2.0,0.6666666666666666,95.0,0,366,Premium
C01702,Potential High-Value,349,3,359.74,2,0.0,3.0,0.3333333333333333,70.0,1,484,Trial
C01710,Potential High-Value,108,4,254.26999999999998,2,0.0,4.0,0.25,80.0,0,313,Basic
C03926,Potential High-Value,439,6,669.22,1,0.0,4.0,0.16666666666666666,80.0,0,637,Basic
C01812,Potential High-Value,0,3,265.26,0,0.0,3.0,0.3333333333333333,100.0,0,123,Premium
C03928,Potential High-Value,432,6,504.25,1,0.0,4.0,0.16666666666666666,80.0,0,649,Basic
C03933,Potential High-Value,100,4,291.73,1,0.0,3.0,0.25,80.0,1,301,Trial
C03935,Potential High-Value,264,3,235.95,2,0.0,3.0,0.0,90.0,0,322,Basic
C01806,Potential High-Value,322,4,329.68,0,0.0,4.0,0.75,100.0,0,501,Premium
C01800,Potential High-Value,403,3,366.96,1,0.0,2.0,0.3333333333333333,95.0,1,449,Basic
C03941,Potential High-Value,267,7,667.27,1,0.0,4.0,0.42857142857142855,80.0,0,346,Basic
C01791,Potential High-Value,370,4,448.32,0,0.0,1.0,0.25,100.0,0,533,Premium
C01783,Potential High-Value,440,4,333.31,1,0.0,3.0,0.0,95.0,0,577,Premium
C03954,Potential High-Value,297,5,525.0500000000001,1,0.0,3.0,0.2,80.0,0,467,Premium
C01766,Potential High-Value,410,4,320.62,1,0.0,4.0,0.25,95.0,0,616,Premium
C01763,Potential High-Value,71,4,335.46,0,0.0,3.0,0.0,100.0,0,145,Premium
C01761,Potential High-Value,412,4,369.27,1,0.0,3.0,0.0,95.0,0,590,Premium
C01754,Potential High-Value,0,3,182.41,0,0.0,3.0,0.6666666666666666,100.0,0,193,Premium
C01737,Potential High-Value,292,3,316.12,0,0.0,2.0,0.3333333333333333,100.0,0,390,Premium
C03979,Potential High-Value,241,4,254.37,0,0.0,3.0,0.25,100.0,0,415,Basic
C01733,Potential High-Value,18,4,483.45,1,0.0,4.0,0.25,80.0,0,169,Premium
C03981,Potential High-Value,0,3,57.0,2,0.6666666666666666,1.0,0.3333333333333333,80.0,1,193,Premium
C01731,Potential High-Value,117,3,165.18,2,0.0,2.0,0.3333333333333333,80.0,1,325,Basic
C03985,Potential High-Value,401,5,590.42,1,0.0,4.0,0.2,80.0,0,640,Basic
C01725,Potential High-Value,208,3,241.46,0,0.0,2.0,0.0,100.0,0,368,Premium
C01711,Potential High-Value,91,4,373.19,0,0.0,3.0,0.5,100.0,0,269,Premium
C01703,Potential High-Value,329,4,400.73,0,0.25,2.0,0.5,100.0,1,562,Trial
C00818,Potential High-Value,417,3,244.24,2,0.0,3.0,0.6666666666666666,80.0,0,479,Basic
C04095,Potential High-Value,0,6,594.49,2,0.0,3.0,0.0,80.0,0,142,Premium
C04103,Potential High-Value,324,3,292.36,0,0.0,2.0,0.3333333333333333,100.0,0,364,Premium
C01386,Potential High-Value,398,5,362.71,0,0.0,5.0,0.2,100.0,0,484,Trial
C04185,Potential High-Value,269,6,577.9399999999999,2,0.0,5.0,0.6666666666666666,70.0,0,309,Basic
C01381,Potential High-Value,326,7,724.63,2,0.0,4.0,0.2857142857142857,70.0,0,408,Premium
C01375,Potential High-Value,70,3,233.57,0,0.0,2.0,0.3333333333333333,100.0,0,231,Basic
C01374,Potential High-Value,136,3,314.86,2,0.0,2.0,0.3333333333333333,80.0,0,169,Basic
C01368,Potential High-Value,429,5,292.56,0,0.0,3.0,0.0,100.0,0,480,Basic
C01362,Potential High-Value,361,6,501.53000000000003,1,0.0,4.0,0.5,80.0,0,539,Premium
C01359,Potential High-Value,301,4,299.76,2,0.0,4.0,0.75,80.0,0,330,Basic
C04205,Potential High-Value,201,3,479.62,2,0.0,2.0,0.3333333333333333,80.0,1,243,Trial
C01355,Potential High-Value,236,4,268.21,0,0.0,2.0,0.25,100.0,0,370,Basic
C04216,Potential High-Value,286,3,223.66,2,0.3333333333333333,2.0,0.3333333333333333,90.0,1,425,Trial
C01339,Potential High-Value,414,4,293.77,0,0.0,4.0,0.75,100.0,0,572,Basic
C01332,Potential High-Value,440,3,288.63,1,0.0,2.0,0.6666666666666666,95.0,0,546,Basic
C01324,Potential High-Value,178,3,355.2,0,0.0,2.0,0.3333333333333333,100.0,0,283,Trial
C04225,Potential High-Value,261,6,588.01,2,0.0,4.0,0.5,90.0,0,425,Premium
C04231,Potential High-Value,244,5,366.76,0,0.0,3.0,0.0,100.0,0,399,Basic
C01317,Potential High-Value,243,5,365.39,0,0.0,3.0,0.6,100.0,0,421,Trial
C04236,Potential High-Value,33,3,266.96,0,0.0,2.0,0.6666666666666666,100.0,0,293,Basic
C04237,Potential High-Value,302,4,278.54,2,0.0,3.0,0.25,80.0,0,388,Premium
C04238,Potential High-Value,330,3,286.18,1,0.0,2.0,0.6666666666666666,95.0,1,387,Premium
C01314,Potential High-Value,321,4,217.38,2,0.0,2.0,0.5,90.0,0,411,Premium
C04241,Potential High-Value,205,3,385.85,1,0.0,3.0,0.3333333333333333,80.0,0,402,Premium
C01311,Potential High-Value,13,3,283.35,2,0.0,2.0,0.0,80.0,0,140,Basic
C01390,Potential High-Value,45,5,531.72,2,0.0,3.0,0.6,80.0,1,193,Trial
C01524,Potential High-Value,7,3,247.89000000000001,1,0.0,3.0,0.3333333333333333,80.0,0,136,Premium
C01392,Potential High-Value,60,3,245.43,0,0.0,1.0,0.3333333333333333,100.0,0,292,Basic
C01405,Potential High-Value,389,5,339.74,2,0.0,3.0,0.4,80.0,1,543,Basic
C01521,Potential High-Value,169,4,292.87,1,0.0,3.0,0.5,95.0,0,330,Basic
C01517,Potential High-Value,419,6,548.9200000000001,2,0.0,4.0,0.16666666666666666,80.0,0,545,Premium
C04109,Potential High-Value,75,3,274.93,0,0.0,2.0,0.3333333333333333,100.0,0,159,Basic
C01509,Potential High-Value,291,4,429.27,0,0.0,3.0,0.25,100.0,0,374,Premium
C04114,Potential High-Value,267,7,776.54,1,0.0,4.0,0.14285714285714285,80.0,0,341,Basic
C04117,Potential High-Value,397,4,364.57,1,0.0,4.0,0.25,95.0,0,563,Basic
C01487,Potential High-Value,169,3,233.82,0,0.0,2.0,0.3333333333333333,100.0,0,241,Basic
C01482,Potential High-Value,366,3,214.35,1,0.0,3.0,0.6666666666666666,95.0,0,403,Basic
C01481,Potential High-Value,301,4,294.94,1,0.0,3.0,0.5,80.0,0,468,Premium
C04129,Potential High-Value,0,3,262.23,1,0.0,2.0,0.6666666666666666,80.0,0,155,Trial
C01466,Potential High-Value,372,4,339.85,0,0.0,2.0,0.25,100.0,0,561,Premium
C01451,Potential High-Value,368,3,157.70999999999998,0,0.0,3.0,0.3333333333333333,100.0,0,406,Basic
C04141,Potential High-Value,128,3,342.21999999999997,1,0.0,3.0,0.0,95.0,0,414,Premium
C01445,Potential High-Value,366,6,709.22,1,0.0,5.0,0.5,80.0,0,476,Basic
C01440,Potential High-Value,349,4,475.98,0,0.0,4.0,0.5,100.0,0,563,Basic
C01439,Potential High-Value,119,3,181.47,0,0.3333333333333333,2.0,0.3333333333333333,100.0,1,604,Trial
C01437,Potential High-Value,31,3,375.21000000000004,0,0.0,3.0,0.3333333333333333,100.0,0,167,Basic
C01427,Potential High-Value,340,3,245.20999999999998,0,0.0,1.0,0.3333333333333333,100.0,0,476,Premium
C04158,Potential High-Value,253,3,225.97,0,0.0,2.0,1.0,100.0,0,460,Basic
C04159,Potential High-Value,0,3,569.69,2,0.0,3.0,0.3333333333333333,80.0,1,138,Basic
C01418,Potential High-Value,104,3,148.25,2,0.0,2.0,0.3333333333333333,90.0,0,189,Basic
C04162,Potential High-Value,266,5,380.42,1,0.0,3.0,0.4,95.0,0,406,Premium
C04165,Potential High-Value,81,4,244.01,0,0.0,4.0,0.0,100.0,0,247,Premium
C01395,Potential High-Value,85,3,214.7,1,0.0,2.0,0.3333333333333333,95.0,1,226,Premium
C00001,Potential High-Value,9,6,527.35,1,0.0,4.0,0.5,80.0,0,150,Premium
